name,entity_type,sector,products,wilaya,zone_or_city,machine_capabilities,known_customers,employees,contact_channels,website_social,est_scale,role,evidence_url,evidence_date,accessed_date,confidence,notes,source_file
Oxxo (Cevital group),buyer_manufacturer,joinery,"PVC windows/doors and PVC profiles (thermal, acoustic closures)",Bordj Bou Arréridj,Aïn Taghrout,23 KraussMaffei Berstorff twin-screw extruders on 19 profile lines; robotised window assembly,Domestic housing market; export ambition (target 50% of revenue from export by 2025),"~3,000 (per Cevital page snippet)",,https://www.cevital.com/oxxo-2/,large,"target buyer (window hardware, glazing packers, end caps, drainage caps) – but likely captive/foreign-sourced hardware",https://www.cevital.com/oxxo-increased-its-production-capacity-of-profiles-for-the-window-plant/,n/d (Cevital site; Algérie360 article on 2.1M windows capacity),2026-10-04,STRONG SIGNAL,"Capacity 2.1M windows/yr (~400k homes). Acquired by Cevital 2013, on Algerian market since 2014. Also https://www.algerie360.com/oxxo-filliale-du-groupe-cevital-une-capacite-de-production-de-21-millions-de-fenetres/ . Snippet only; page not fetched.",phase1_buyers_entities.csv
Izdihar PVC,buyer_manufacturer,joinery,PVC doors and windows,Tiaret,Zaaroura industrial zone,Unknown (PVC transformation),National market (claims to serve all 58 wilayas),~87 direct+indirect jobs,,,medium,"target buyer (window accessories, packers, caps, hardware)",https://www.algerie360.com/pvc-lalgerie-mise-sur-2-nouvelles-usines-pour-passer-de-limport-a-lexport/,2025-07 (inaugurated by Industry Minister; Nouvelle Tribune 2025/07),2026-10-04,STRONG SIGNAL,"117,000 units/yr announced; 712 MDA private investment; claimed 85% local integration (claim, unverified). Second plant inaugurated same day in Zaaroura = metallic hardware (quincaillerie métallique) maker, name not in snippet. Also https://lanouvelletribune.info/2025/07/maghreb-un-pays-mise-sur-des-usines-pour-tourner-la-page-des-importations-de-pvc/",phase1_buyers_entities.csv
Leader Aluminium,buyer_distributor,joinery,"Distribution of door/window opening systems: aluminium accessories (snippet cites brands 'Dubral', 'Alupha'), PVC profiles, EPDM joints for curtain walls, false-ceiling products",Boumerdès (35),Hammedi,None (distributor),Aluminium/PVC joiners (menuisiers),,Ouedkniss store (payment on delivery),https://www.ouedkniss.com/store/14372/leader-aluminium/accueil?lang=fr,small-medium,channel buyer for private-label joinery accessories,https://www.ouedkniss.com/store/14372/leader-aluminium/accueil?lang=fr,"n/d (live store, seen 2026-10)",2026-10-04,STRONG SIGNAL,"Store listings show prices such as 695 DA and 5,950 DA (items not identifiable from snippet). Page blocked; snippet only. Good first interview target for accessory demand/MOQ pain.",phase1_buyers_entities.csv
EURL Eurowin,buyer_distributor,joinery,Appears in Ouedkniss results for aluminium joinery accessories; product range not visible,UNKNOWN,,,,,Ouedkniss store,https://www.ouedkniss.com/store/10992/eurl-eurowin/,unknown,possible channel,https://www.ouedkniss.com/store/10992/eurl-eurowin/,n/d,2026-10-04,WEAK SIGNAL,Only the store URL surfaced for 'accessoires aluminium menuiserie' query; activity unconfirmed.,phase1_buyers_entities.csv
Procamp,buyer_manufacturer,oil_gas,Employer advertising 'menuisier aluminium' jobs under energy/mines category (likely prefabricated camps/modular buildings),UNKNOWN,,In-house aluminium joinery workshop (inferred from job ad),Energy/mining sector (inferred),,emploitic job board,https://emploitic.com/entreprises/procamp/offres-d-emploi/energie-mines-matiere-premiere/menuisier-aluminium-e07dde42915a959315c1c13d,unknown,possible buyer of joinery accessories,https://emploitic.com/entreprises/procamp/offres-d-emploi/energie-mines-matiere-premiere/menuisier-aluminium-e07dde42915a959315c1c13d,n/d,2026-10-04,WEAK SIGNAL,Business of Procamp not confirmed; 'camp' activity is an inference from name and job category.,phase1_buyers_entities.csv
Master Italy,other,joinery,Accessories and components for aluminium joinery (Italian manufacturer since 1986),n/a (Italy),,,"Distributed in Mediterranean, North Africa, Middle East for 20+ years",,,https://www.masteritaly.com,large,incumbent import competitor in joinery accessories,https://www.masteritaly.com/wp-content/uploads/2019/03/Communiqué-de-presse_FR_Batimatec.pdf,2019 (Batimatec 2019 press release),2026-10-04,VERIFIED,Exhibited at Batimatec 2019 – shows imported Italian accessory systems are established in Algeria; benchmark for quality/price.,phase1_buyers_entities.csv
CPC (Saudi) / Alumco (UAE) aluminium extrusion JV,other,joinery,"Planned aluminium extrusion plant (100,000 m², 50,000 t/yr initial)",UNKNOWN,,,,,,,large (planned),possible profile supplier anchoring joiners,https://www.tradearabia.com/news/IND_148917.html,2008-09,2026-10-04,UNKNOWN,2008 announcement only; no evidence it was built. Do not treat as active.,phase1_buyers_entities.csv
OTA – Optimum Télécom Algérie (tender issuer),other,joinery,"Public tender for supply of wood, metal, aluminium joinery materials and glazing",Algiers,,,,,dztenders,https://www.dztenders.com/en/archive/460131/fourniture-de-materiaux-de-menuiserie-bois-metallique-aluminium-et-vitrage,large,end customer of joinery (indirect demand),https://www.dztenders.com/en/archive/460131/fourniture-de-materiaux-de-menuiserie-bois-metallique-aluminium-et-vitrage,2025-06,2026-10-04,WEAK SIGNAL,Illustrates corporate/public tenders for joinery materials; indirect relevance only.,phase1_buyers_entities.csv
Holcim El-Djazaïr,buyer_manufacturer,construction,Cement; launched ready-mix concrete ('Béton') activity,UNKNOWN (national),,Concrete plants,Construction contractors,,,,large,possible buyer of rebar spacers / formwork consumables via its concrete customers,https://algerie-eco.com/?p=239450,"2026 (approx., algerie-eco post id range 239xxx = ~May 2026)",2026-10-04,WEAK SIGNAL,Headline only: 'Holcim El-Djazaïr lance son activité Béton'. Page blocked. Date inferred from ID sequence near Batimatec 2026 articles (?p=239715) – treat as approximate.,phase1_buyers_entities.csv
Cosider Canalisations,buyer_manufacturer,construction,Concrete pipes; precast boundary walls; double-T slab moulds (new line),UNKNOWN,,Precast concrete lines,Public works / hydraulics,,,,large,"target buyer of precast spacers, lifting/insert caps, sleeve plugs",https://cpi-worldwide.com/journals/artikel/64708,2019 (capacity expansion per snippet),2026-10-04,STRONG SIGNAL,Public group Cosider subsidiary. Snippet from CPI worldwide; page blocked.,phase1_buyers_entities.csv
Trans-Canal Algeria,buyer_manufacturer,construction,Concrete pipes (highly automated manufacture),UNKNOWN,,Automated concrete pipe production,Hydraulic works,,,,medium-large,target buyer of reinforcement-cage spacers,https://cpi-worldwide.com/journals/artikel/46313,n/d,2026-10-04,WEAK SIGNAL,Title-level evidence only.,phase1_buyers_entities.csv
Mabricole (mabricole.com.dz),buyer_distributor,construction,"Online hardware/DIY retailer: fixings, cable ties (OZTURK Turkish 450 DZD/100), concrete spacers",UNKNOWN,,,"Contractors, DIY",,e-shop,https://mabricole.com.dz,small-medium,"channel buyer (spacers, ties, fixings)",https://mabricole.com.dz/fr/fixation/jeu-de-colliers-de-serrage-en-plastique-100-200mm-250pcs-onsite-1845,"2026-10 (prior notes, snippet)",2026-10-04,STRONG SIGNAL,From prior note cost_inputs_market_prices.md. Spacer retail prices 5.6–22.5 DA/pc observed in Algerian e-shops (same note).,phase1_buyers_entities.csv
Assly (assly.dz),buyer_distributor,construction,"Online hardware: fixings, 'collier atlas d.12' 100 pcs 1,021 DA, spacers",UNKNOWN,,,Contractors,,e-shop,https://www.assly.dz,small-medium,channel buyer,https://www.assly.dz/product-category/fixation-mecanique-boulonerie/les-collier/collier-de-serrage/,"2026-10 (prior notes, snippet)",2026-10-04,STRONG SIGNAL,From prior note cost_inputs_market_prices.md.,phase1_buyers_entities.csv
Groupe STPM Chiali,buyer_manufacturer,irrigation,PE/PVC/PEHD pipes; exports PE tubes and rebar to Mauritania; Chiali Services = irrigation contractor,Sidi Bel Abbès,"Zone Industrielle, Voie A",Pipe extrusion (large),ONID-type irrigation projects; Mauritania export,,Tel/email in directory snippet (re-check),https://www.stpm-chiali.com,large,target buyer of injection fittings/end caps; also potential competitor in fittings,https://algerie-eco.com/2024/08/22/sidi-bel-abbes-exportation-de-tubes-de-polyethylene-et-de-rond-a-beton-vers-la-mauritanie/,2024-08-22,2026-10-04,VERIFIED,Prior notes + this session. Fitting range unverified.,phase1_buyers_entities.csv
Anabib Plastiques EURL,buyer_manufacturer,irrigation,Plastic irrigation elements and drip irrigation systems,Sétif,Aïn Arnat,Unknown (likely extrusion),Farmers/installers,,Kompass,,small-medium,"target buyer (drip fittings, start connectors, end plugs)",https://dz.kompass.com/a/systemes-d-irrigation-goutte-a-goutte-pour-l-agriculture/4814010/,n/d (directory),2026-10-04,STRONG SIGNAL,Kompass listing seen in two searches; page blocked.,phase1_buyers_entities.csv
Tupol,buyer_manufacturer,irrigation,PE tubes and pipes,Sétif,Aïn Arnat,PE extrusion (inferred),,,Kompass,,unknown,possible buyer of fittings/end caps,https://dz.kompass.com/a/systemes-d-irrigation-goutte-a-goutte-pour-l-agriculture/4814010/,n/d,2026-10-04,WEAK SIGNAL,Kompass describes as 'fournisseur' of PE tubes; manufacture not confirmed.,phase1_buyers_entities.csv
Medi Goutte SARL,buyer_manufacturer,irrigation,'Fabrication de tout type d'irrigation goutte à goutte agricole'; drainage/irrigation works,Algiers,Aïn Benian,Unknown,Farms,,Pagesmaghreb,https://www.pagesmaghreb.com/entreprise/medi-goutte-sarl-353437/alger-4/algerie,small,"target buyer (drippers, connectors)",https://www.pagesmaghreb.com/entreprise/medi-goutte-sarl-353437/alger-4/algerie,n/d,2026-10-04,STRONG SIGNAL,Directory wording claims manufacture.,phase1_buyers_entities.csv
DripGlobe Systèmes d'Irrigation SARL,buyer_manufacturer,irrigation,Irrigation systems (Kompass also tags cast-iron parts and hydraulic equipment for agri machines – category mismatch),Algiers,Draria,Unknown,,,Kompass,,small,possible buyer of drip fittings,https://dz.kompass.com/a/materiel-d-irrigation-et-d-arrosage/48140/,n/d,2026-10-04,WEAK SIGNAL,Name strongly suggests drip; Kompass product tags inconsistent.,phase1_buyers_entities.csv
Irrinet SARL,buyer_distributor,irrigation,Distributor of rubber hoses and drip irrigation systems,Blida,Boufarik,None,Mitidja farmers,,Kompass,,small,channel buyer (private-label drip fittings),https://dz.kompass.com/a/materiel-d-irrigation-et-d-arrosage/48140/,n/d,2026-10-04,STRONG SIGNAL,Boufarik = Mitidja horticulture hub.,phase1_buyers_entities.csv
Irriplast SARL,buyer_distributor,irrigation,Distributor of PE tubes and pipes,Boumerdès,Bordj Menaïel,None,,,Kompass,,small,channel buyer,https://dz.kompass.com/a/materiel-d-irrigation-et-d-arrosage/48140/,n/d,2026-10-04,STRONG SIGNAL,,phase1_buyers_entities.csv
L'Algérienne des Industries Technologiques (AITECH) EURL,buyer_distributor,irrigation,Rubber hoses and ferrous metal tubes for irrigation,Algiers,Sidi M'Hamed,,,,Kompass,,small,possible channel,https://dz.kompass.com/a/materiel-d-irrigation-et-d-arrosage/48140/,n/d,2026-10-04,WEAK SIGNAL,,phase1_buyers_entities.csv
SIFAT – Société Industrielle de Fabrication d'Articles Tubulaires,buyer_manufacturer,irrigation,Rubber hoses for irrigation and gardening (producer),Algiers,Dar El Beïda,Hose extrusion,,,Kompass,,small-medium,buyer of hose connectors/couplings,https://dz.kompass.com/a/materiel-d-irrigation-et-d-arrosage/48140/,n/d,2026-10-04,STRONG SIGNAL,Hose makers need injected connectors/nozzles – good fit for 100–120 t press.,phase1_buyers_entities.csv
SARL Union B et CH Plastique (brand ISS),buyer_manufacturer,irrigation,Micro-irrigation and drip systems with local production,UNKNOWN,,Unknown,,,Website contact page,https://agro-iss.com/contact/,small-medium,target buyer / possible competitor,https://agro-iss.com/contact/,n/d,2026-10-04,STRONG SIGNAL,From prior notes.,phase1_buyers_entities.csv
Gharsseli Plast,buyer_manufacturer,irrigation,Listed in Kompass drip-irrigation category,UNKNOWN,,,,,Kompass,,unknown,possible buyer,https://dz.kompass.com/a/systemes-d-irrigation-goutte-a-goutte-pour-l-agriculture/4814010/,n/d,2026-10-04,WEAK SIGNAL,Name only (prior notes).,phase1_buyers_entities.csv
Agro Services,buyer_distributor,irrigation,Listed in Kompass drip-irrigation category,UNKNOWN,,,,,Kompass,,unknown,possible channel,https://dz.kompass.com/a/systemes-d-irrigation-goutte-a-goutte-pour-l-agriculture/4814010/,n/d,2026-10-04,WEAK SIGNAL,Name only (prior notes).,phase1_buyers_entities.csv
EGTPH,buyer_installer,irrigation,Listed in Kompass drip-irrigation category,UNKNOWN,,,,,Kompass,,unknown,possible installer,https://dz.kompass.com/a/systemes-d-irrigation-goutte-a-goutte-pour-l-agriculture/4814010/,n/d,2026-10-04,WEAK SIGNAL,Name only (prior notes).,phase1_buyers_entities.csv
AGM (state mechanical group) – irrigation pivots,buyer_manufacturer,irrigation,First Algerian-developed centre-pivot irrigation system (production from May 2024),UNKNOWN,,Metal fabrication,Large cereal farms (South),,,,large,"possible buyer of pivot plastic parts (nozzle bodies, cable clips, caps)",https://news.radioalgerie.dz/fr/node/45427,2024-05,2026-10-04,VERIFIED,From prior notes.,phase1_buyers_entities.csv
Condor – solar irrigation pivot,buyer_manufacturer,irrigation,Solar-powered irrigation pivot (El Oued pilot),Bordj Bou Arréridj,,In-house injection (Condor group),El Oued farms,,,,large,"possible buyer, but captive molding likely",https://www.teamfrance-export.fr/infos-sectorielles/14979/14979-pivot-solaire-pour-lirrigation-made-in-algeria-by-groupe-condor,n/d,2026-10-04,VERIFIED,From prior notes.,phase1_buyers_entities.csv
Aster s.r.l.,other,irrigation,"Dripline and drip tape (Italy, Marsala)",n/a (Italy),,,Trades in Algeria,,,https://www.greentech.nl/amsterdam/exhibitors/aster-s-r-l,medium,import competitor,https://www.greentech.nl/amsterdam/exhibitors/aster-s-r-l,n/d,2026-10-04,STRONG SIGNAL,Exhibitor profile states it trades in Algeria.,phase1_buyers_entities.csv
Caudal,other,irrigation,"Irrigation systems/products (Spain, Puerto Lumbreras)",n/a (Spain),,,Trades in Algeria,,,https://www.greentech.nl/amsterdam/exhibitors/caudal,medium,import competitor,https://www.greentech.nl/amsterdam/exhibitors/caudal,n/d,2026-10-04,STRONG SIGNAL,,phase1_buyers_entities.csv
Irritec,other,irrigation,Drip irrigation (Italy),n/a,,,Reported operations in Algeria,,,,large,import competitor,https://dspace.univ-ouargla.dz/jspui/bitstream/123456789/30363/1/Th%c3%a9se%20Gheriani%20-%20S_compressed.pdf,n/d,2026-10-04,WEAK SIGNAL,Mentioned in search summary of Algerian academic results; not confirmed.,phase1_buyers_entities.csv
HydroTech DZ Industrial,buyer_manufacturer,industrial,"Plumbing, gas and heating components produced locally (start-up)",Algiers,Les Eucalyptus,Unknown,,,VC4A profile,https://vc4a.com/ventures/hydrotech-dz-industrial/,small (start-up),possible buyer of molded sub-parts or competitor,https://vc4a.com/ventures/hydrotech-dz-industrial/,n/d,2026-10-04,WEAK SIGNAL,Self-description on VC4A.,phase1_buyers_entities.csv
Divindus AMM,buyer_manufacturer,furniture,"Industrial furniture and joinery, series production",Algiers,Bab Ezzouar,Series woodworking (unknown detail),"Administrations, local authorities, educational institutions, businesses",,Kompass,,large (public),"target buyer: glides, chair tips, cam covers, edge caps for school/office furniture",https://dz.kompass.com/a/mobilier-de-bureau/15320/,n/d (directory),2026-10-04,STRONG SIGNAL,Public Divindus group; school/admin tenders = volume.,phase1_buyers_entities.csv
SM Mobilier (Salhi Mohamed Mobilier),buyer_manufacturer,furniture,"Office, kitchen and storage furniture – design, manufacture, sale",Boumerdès,Ouled Moussa,,,,Kompass,,small-medium,target buyer,https://dz.kompass.com/a/mobilier-de-bureau/15320/,n/d,2026-10-04,STRONG SIGNAL,,phase1_buyers_entities.csv
Dhikra Office Manufacturing EURL,buyer_manufacturer,furniture,High-end office furniture,Boumerdès,Ouled Heddadj,,,,Kompass,,small-medium,target buyer,https://dz.kompass.com/a/mobilier-de-bureau/15320/,n/d,2026-10-04,STRONG SIGNAL,,phase1_buyers_entities.csv
EACIM Algérie SARL,buyer_manufacturer,furniture,Metal fabrication and office furniture,Algiers,Rouiba,Metal fabrication,,,Kompass,,small-medium,"target buyer: tube end caps, levelling feet",https://dz.kompass.com/a/mobilier-de-bureau/15320/,n/d,2026-10-04,STRONG SIGNAL,Metal furniture = tube plugs/caps demand.,phase1_buyers_entities.csv
Louai Meuble,buyer_manufacturer,furniture,Full furniture range incl. office ('Bureautique'),UNKNOWN,,,Retail and B2B,,Website,https://www.louaimeuble.com/Bureautique,medium-large (self-described largest),target buyer,https://www.louaimeuble.com/Bureautique,n/d,2026-10-04,STRONG SIGNAL,'Largest furniture maker in Algeria' is a self-claim.,phase1_buyers_entities.csv
Vecor Design,buyer_manufacturer,furniture,"All furniture types: bathroom, bedroom, living, kitchen, office, baby; founded 2005",Algiers,,,,,Website,https://vecordesign.com/,small-medium,target buyer,https://vecordesign.com/,n/d,2026-10-04,STRONG SIGNAL,,phase1_buyers_entities.csv
MAM – Manufacture Algérienne du Meuble,buyer_manufacturer,furniture,"Kitchens, dressing, bathrooms, fit-out; Blum representative in Algeria",UNKNOWN,,,,,Website,https://mam-algeria.com/societe/,medium,target buyer AND hardware channel (Blum rep),https://mam-algeria.com/societe/,n/d,2026-10-04,STRONG SIGNAL,As Blum rep it imports premium hinges/runners – a hardware channel; plastic covers/feet could be locally supplied.,phase1_buyers_entities.csv
Société Algérienne de Fabrication du Mobilier SARL,buyer_manufacturer,furniture,Furniture manufacture,UNKNOWN,Voie 8 Ilot N°230,,,,Kompass,https://us.kompass.com/c/societe-algerienne-de-fabrication-du-mobilier-sarl/dz180027/,unknown,target buyer,https://us.kompass.com/c/societe-algerienne-de-fabrication-du-mobilier-sarl/dz180027/,n/d,2026-10-04,WEAK SIGNAL,,phase1_buyers_entities.csv
Rhinoceros Meubles,buyer_manufacturer,furniture,Furniture,UNKNOWN,,,,,Website,https://www.rhinocerosdz.com/,unknown,target buyer,https://www.rhinocerosdz.com/,n/d,2026-10-04,WEAK SIGNAL,Manufacture vs retail not confirmed.,phase1_buyers_entities.csv
DESKTRO,buyer_manufacturer,furniture,Office furniture,UNKNOWN,,,,,Kompass,,unknown,possible buyer,https://dz.kompass.com/x/producer/a/mobilier-de-bureau/15320/,n/d,2026-10-04,WEAK SIGNAL,Listed in search summary of Kompass office-furniture producers.,phase1_buyers_entities.csv
MEUBLEA,buyer_manufacturer,furniture,Office/residential furniture,UNKNOWN,,,,,Kompass,,unknown,possible buyer,https://dz.kompass.com/x/producer/a/mobilier-de-bureau/15320/,n/d,2026-10-04,WEAK SIGNAL,,phase1_buyers_entities.csv
IAAMAR Equipement,buyer_distributor,furniture,Office/residential furniture,UNKNOWN,,,,,Kompass,,unknown,possible buyer,https://dz.kompass.com/x/producer/a/mobilier-de-bureau/15320/,n/d,2026-10-04,WEAK SIGNAL,,phase1_buyers_entities.csv
NEWTECH PRO,buyer_distributor,furniture,Office furniture,UNKNOWN,,,,,Kompass,,unknown,possible buyer,https://dz.kompass.com/x/producer/a/mobilier-de-bureau/15320/,n/d,2026-10-04,WEAK SIGNAL,,phase1_buyers_entities.csv
ENICAB,buyer_manufacturer,electrical,"LV/MV/HV copper cables, rail, solar, fibre cables (~20,000 t/yr Cu)",Biskra,,Cable extrusion,"Sonelgaz, rail, export (Côte d'Ivoire, Senegal, Mauritania, France planned)",,,,large,"possible buyer: cable-end caps, reel parts, glands",https://www.dzair-tube.dz/en/enicab-boosts-rail-sector-with-2000-tons-of-annual-cable-production-eyes-regional-export-expansion,2025-06-13,2026-10-04,VERIFIED,From prior notes. Note GPI Tissemsilt lists 'cable industry components' in its scope (competitor).,phase1_buyers_entities.csv
Electro-Industries (ENEL Azazga),buyer_manufacturer,electrical,"Distribution transformers, electric motors",Tizi Ouzou,Azazga,"Metalwork, winding",Sonelgaz (100% owner from Q1 2026),,,,large,"possible buyer: terminal boxes, fan covers, insulators",https://algerie-eco.com/?p=231616,2026,2026-10-04,VERIFIED,From prior notes.,phase1_buyers_entities.csv
Sitel,buyer_manufacturer,electrical,Electrical cables (supplier to Fiat Oran),UNKNOWN,,,Stellantis Fiat El Djazair,,,,medium,possible buyer,https://algerie-eco.com/2023/10/20/usine-fiat-doran-11-equipementiers-deja-selectionnes/,2023-10-20,2026-10-04,VERIFIED,From prior notes.,phase1_buyers_entities.csv
Energical,buyer_distributor,electrical,"Switches and sockets (DIAA range), e-commerce",Ghardaïa,,Unknown (manufacture unconfirmed),,,Website,https://energical.com/en/product-category/interrupteurs-et-prises/,small-medium,target buyer (switch/socket plastic parts) or channel,https://energical.com/en/product-category/interrupteurs-et-prises/,n/d,2026-10-04,STRONG SIGNAL,From prior notes. Created 2006.,phase1_buyers_entities.csv
Mono Electric,buyer_manufacturer,electrical,Switch and socket ranges ('Evolution'),UNKNOWN,,,,,made-in-algeria showcase,http://www.made-in-algeria.com/vitrine/3_catalogue.php?tc1=lKyRmaWU,unknown,target buyer,http://www.made-in-algeria.com/vitrine/3_catalogue.php?tc1=lKyRmaWU,n/d,2026-10-04,WEAK SIGNAL,Current activity unverified.,phase1_buyers_entities.csv
Legrand Algérie,buyer_distributor,electrical,"Electrical accessories (subsidiary, local catalogue)",Algiers,,,"Installers, wholesalers",,Website,https://www.legrand.dz/fr,large,group procurement – unlikely near-term buyer,https://www.legrand.dz/fr,n/d,2026-10-04,VERIFIED,,phase1_buyers_entities.csv
SOGEDIM,buyer_wholesaler,electrical,"Electrical & lighting, switches, sockets (online distributor)",UNKNOWN,,,Installers,,e-shop,https://sogedim.net,medium,"channel buyer (private label boxes, clips)",https://sogedim.net/categorie-produit/electricite-et-eclairage/installations/interrupteurs-et-prises/,n/d,2026-10-04,STRONG SIGNAL,From prior notes.,phase1_buyers_entities.csv
Elecmarket-dz,buyer_wholesaler,electrical,"Online electrical distributor (switches, sockets)",UNKNOWN,,,Installers,,e-shop,https://elecmarket-dz.com,small-medium,channel buyer,https://elecmarket-dz.com/categories/interrupteurs-et-prises,n/d,2026-10-04,STRONG SIGNAL,From prior notes.,phase1_buyers_entities.csv
HAOUAS (brand),other,electrical,Locally branded electrical boxes sold alongside Spanish FAMATEL,UNKNOWN,,Injection (inferred),Hardware/electrical retailers,,,,unknown,local competitor in electrical boxes,https://mabricole.com.dz,2026-10 (prior notes),2026-10-04,WEAK SIGNAL,From prior note cost_inputs_market_prices.md (origin signals). Shows boxes are already molded locally.,phase1_buyers_entities.csv
Sonelgaz group,other,electrical,Utility; owner of ENEL; runs 3 GW solar programme,Algiers (HQ),,,,,,,very large,end customer driving cable/transformer/solar demand,https://algerie-eco.com/?p=223886,2024–2026,2026-10-04,VERIFIED,"Indirect demand driver, not a direct component buyer.",phase1_buyers_entities.csv
Condor Electronics,buyer_manufacturer,appliances_hvac,"Appliances, TVs, ACs, phones, solar; 24 brands",Bordj Bou Arréridj,,Captive injection + polystyrene units,"Domestic; exports to 18 markets incl. Egypt (110,000 appliances; 60,000+ TVs)",,,,very large,overflow/secondary supplier target; partly competitor (captive),https://algerie-eco.com/2026/07/14/condor-present-sur-18-marches-et-realise-50-des-exportations-algeriennes-en-electromenager/,2026-07-14,2026-10-04,VERIFIED,Integration 45–100% by line; fridge '100% algérien'. Hisense AC JV (below).,phase1_buyers_entities.csv
Condor–Hisense AC complex,buyer_manufacturer,appliances_hvac,"Hisense air conditioners, 2M units/yr (80% export)",Bordj Bou Arréridj,,Unknown,Export markets,,,,very large,"potential buyer of AC plastic sub-parts (condensate parts, louvres, clips) if not captive",https://algerie-eco.com/?p=211059,2025 (announced; operation expected early 2026),2026-10-04,STRONG SIGNAL,USD 200M; ~USD 300M/yr export target. Operational status in 2026 not confirmed.,phase1_buyers_entities.csv
Brandt Algérie (Cevital),buyer_manufacturer,appliances_hvac,"Refrigerators, washing machines, etc.",Sétif,,Makes most of own metal & plastic parts and PCBs,"Domestic, export",,,,very large,mostly captive; niche small parts only,https://www.algerie-eco.com/2023/12/24/les-fabricants-delectromenagers-creent-une-veritable-base-industrielle-avec-des-matieres-premieres-locales/,2023-12-24,2026-10-04,VERIFIED,"Integration 70% fridges, 80% washers. TSA headline: Cevital to produce Haier appliances in Algeria (title only).",phase1_buyers_entities.csv
"Samha Home Appliance (Samsung licensee, Cevital-linked per snippet)",buyer_manufacturer,appliances_hvac,"Samsung TVs, ACs, washers, fridges",Sétif,Guedjel,Unknown,Domestic,"~4,000",,,very large,potential buyer: AC integration target only 30–40% = imported parts,https://www.algerie360.com/lusine-de-samha-a-setif-produira-bientot-des-smart-tv-et-3d/,n/d,2026-10-04,STRONG SIGNAL,"110 ha site, 5M units/yr capacity (snippet). Search summary describes Samha as part of the Cevital group (not independently verified). Echorouk headline reports a fire at the Samsung Sétif plant (date unknown).",phase1_buyers_entities.csv
Sinova (Samsung CKD/SKD partner),buyer_manufacturer,appliances_hvac,CKD/SKD assembly incl. new AC unit (2024),Sétif,,Assembly,Samsung Electronics Algeria,,,,large,potential buyer of AC plastic parts,https://news.radioalgerie.dz/fr/node/37607,2023-2024,2026-10-04,STRONG SIGNAL,Radio Algérie: new Samsung AC production unit in Sétif in 2024 with Sinova.,phase1_buyers_entities.csv
Iris (SATEREX),buyer_manufacturer,appliances_hvac,"Appliances, electronics, phones; Iris Tyres (2M tyres/yr)",Sétif,,Unknown,"Domestic; Tunisia, Libya, Morocco, Europe; Fiat (tyres)",,,,very large,target buyer; attends automotive subcontracting meetings,https://algerie-eco.com/2018/03/10/le-complexe-industriel-de-pneumatique-du-groupe-iris-bientot-operationnel/,2018 / 2023,2026-10-04,VERIFIED,,phase1_buyers_entities.csv
ENIEM,buyer_manufacturer,appliances_hvac,"Fridges, cookers; heaters (Turkish partner, >60% integration target June 2025); ACs (Chinese partner, CKD 30,000 units)",Tizi Ouzou,Oued Aïssi (industrial zone),Historically integrated (state),Domestic,"~1,700 (figure from 2020-21 stoppage)",,,large (distressed),high-pain buyer: chronic input stockouts; integration target 80% (2025),https://www.algerie-eco.com/2024/11/21/leniem-a-signe-des-accords-avec-deux-entreprises-chinoise-et-turque/,2024-11-21,2026-10-04,VERIFIED,"Production fully stopped in 2023, wages unpaid Oct 2023–Jan 2024, debt ~5 bn DA; minister pledged revival Oct 2025 (dzair-tube). Payment risk HIGH. Oued Aïssi location from general knowledge (ASSUMPTION).",phase1_buyers_entities.csv
Géant Electronics,buyer_manufacturer,appliances_hvac,"263 items incl. fridges, cookers, ACs; 2 new units (AC, fridges) beside 6 existing",Bordj Bou Arréridj,,Unknown,"Domestic; Mauritania, Tunisia; Senegal planned","Claims 7,000 new jobs (snippet)",,,very large,target buyer (fridge integration 70%),https://www.dzair-tube.dz/en/geant-electronics-expands-production-with-two-new-units-for-air-conditioners-and-refrigerators-in-january,2023-2024 (units planned Jan 2024),2026-10-04,STRONG SIGNAL,"Snippet dates ambiguous (page header 2026, content Jan 2024).",phase1_buyers_entities.csv
Raylan Algérie,buyer_distributor,appliances_hvac,"Appliances; import-export of Hitachi, Electrolux",Annaba,,,,100+,,https://village.ai/company/raylan,medium,low priority – import-led,https://www.arounddeal.com/c/raylan-algrie/v2hrycjcxa,n/d,2026-10-04,WEAK SIGNAL,Founded 2004 (aggregator data).,phase1_buyers_entities.csv
Stream System,buyer_manufacturer,appliances_hvac,Appliances/ACs (named in brief),Sétif (per brief),,,,,,,unknown,to verify,,,2026-10-04,UNKNOWN,No source retrieved this session (search returned nothing).,phase1_buyers_entities.csv
Cevital – electric motors JV with Brazilian group,buyer_manufacturer,electrical,Electric motors (planned),UNKNOWN,,,Appliance makers (inferred),,,,large,"possible buyer of motor plastic parts (fan covers, terminal boxes)",https://www.tsa-algerie.com/cevital-sassocie-avec-un-groupe-bresilien-pour-produire-des-moteurs-electriques-en-algerie/,n/d,2026-10-04,WEAK SIGNAL,Headline only; partner not named in snippet.,phase1_buyers_entities.csv
Stellantis Fiat El Djazair,buyer_manufacturer,automotive,Fiat vehicle assembly (CKD with weld/paint shops),Oran,Tafraoui,Assembly,Domestic,,,,very large,Tier-1 OEM; not near-term,https://www.media.stellantis.com/me-fr/corporate/press/un-an-apres-son-lancement-l-usine-fiat-de-tafraoui-poursuit-son-developpement,2024-2025,2026-10-04,VERIFIED,30% integration by 2026 target; volume figures conflict (prior notes).,phase1_buyers_entities.csv
General Plastic Injection (GPI) – Holding ACS,other,automotive,"Automotive plastic parts and accessories; scope also lists appliances, cable industry, fridges, ACs, medical, packaging, household, cosmetics, eyewear, drone parts, road signs",Tissemsilt,Khemisti – Sidi Mansour zone,Plastic injection (press tonnage not in snippets),"Car assemblers (~200,000 vehicles/yr)",300 direct + 500 indirect jobs,,,large (state),COMPETITOR + policy anchor: auto plastic part imports banned from 1 Jan 2027 where GPI can make them,https://observalgerie.com/2026/09/25/economie/lalgerie-annonce-la-fin-de-limportation-des-pieces-plastiques-pour-voitures/,2026-09-24 (inaugurated); project launched 2026-04-29,2026-10-04,VERIFIED,"251,000 parts/yr; 40% integration phase 1, 70% later. Also https://www.horizons.dz/2026/04/sifi-ghrieb-a-tissemsilt-la-relance-de-lindustrie-automobile-saccelere/ and algerie-eco ?p=328026.",phase1_buyers_entities.csv
SAREL Industries,buyer_manufacturer,automotive,Plastic cabin components (ex-Renault supplier; Stellantis partner since Dec 2024),Algiers,,Injection,Stellantis Fiat El Djazair,,,,medium-large,Tier-2 entry point (or competitor),https://algerie-eco.com/?p=78229,2024-12,2026-10-04,VERIFIED,From prior notes.,phase1_buyers_entities.csv
Sigit (Italy) + Siplast (ENPC) groupement,buyer_manufacturer,automotive,Automotive plastic parts,Sétif,,Injection,Stellantis El Djazair,,,,large,Tier-2 entry point / competitor,https://www.teamfrance-export.fr/infos-sectorielles/39583/39583-partenariat-sigit-enpc-creation-dun-groupement-industriel-a-setif,n/d,2026-10-04,VERIFIED,Team France Export headline: 'Partenariat Sigit-ENPC: création d'un groupement industriel à Sétif'.,phase1_buyers_entities.csv
IDE-NET,buyer_manufacturer,automotive,Wiring harnesses,UNKNOWN,,,Stellantis,,,,medium,"Tier-2 target (harness clips, grommets)",https://motorsactu.com/stellantis-renforce-sa-presence-en-algerie-un-cinquieme-sous-traitant-local-pour-lusine-fiat-de-tafraoui/,2024,2026-10-04,VERIFIED,From prior notes.,phase1_buyers_entities.csv
Formfleks Algeria,buyer_manufacturer,automotive,Acoustic insulation,UNKNOWN,,,Stellantis,,,,medium,Tier-2 target (clips),https://algerie-eco.com/2023/10/20/usine-fiat-doran-11-equipementiers-deja-selectionnes/,2023-10-20,2026-10-04,VERIFIED,From prior notes.,phase1_buyers_entities.csv
Ghazal,buyer_manufacturer,automotive,LPG kits,UNKNOWN,,,Stellantis,,,,medium,Tier-2 target (LPG kit plastic housings),https://algerie-eco.com/?p=209155,2024-2025,2026-10-04,VERIFIED,From prior notes.,phase1_buyers_entities.csv
Megnouche Alarm,buyer_manufacturer,automotive,Vehicle alarms,UNKNOWN,,,Stellantis,,,,small-medium,Tier-2 target (housings),https://algerie-eco.com/?p=209155,2024-2025,2026-10-04,VERIFIED,From prior notes.,phase1_buyers_entities.csv
Oulad Kouider Industrie,buyer_manufacturer,automotive,Radiators,UNKNOWN,,,Stellantis,,,,medium,Tier-2 target (radiator tanks are usually PA-GF – larger press),https://algerie-eco.com/2023/10/20/usine-fiat-doran-11-equipementiers-deja-selectionnes/,2023-10-20,2026-10-04,VERIFIED,From prior notes.,phase1_buyers_entities.csv
Zergoun Green Energy,buyer_manufacturer,solar,PV modules (180 MW/yr initial; 400 MWc on two lines),Ouargla,,Module lines,"Sonelgaz programme, private",,,,large,"possible buyer: junction-box parts, corner protectors, cable clips",https://www.tsa-algerie.com/lancement-en-juillet-dune-usine-de-production-de-panneaux-solaires-de-180-mw-a-ouargla/,n/d,2026-10-04,VERIFIED,From prior notes.,phase1_buyers_entities.csv
Aurès Solaire,buyer_manufacturer,solar,PV modules (30 MW Franco-Algerian),Batna,Aïn Yagout industrial zone,Module line,,,,,small-medium,possible buyer,https://algerie-eco.com/tag/photovoltaique/,n/d,2026-10-04,STRONG SIGNAL,From prior notes.,phase1_buyers_entities.csv
Astroenergy (Chint),other,solar,PV modules (~1 GW supply to Algeria),n/a (China),,,Sonelgaz programme,,,,very large,import competitor,https://algerie-eco.com/2024/09/04/projets-de-centrales-solaires-astroenergy-va-fournir-lequivalent-de-1-gw-de-modules-photovoltaiques-a-lalgerie/,2024-09-04,2026-10-04,VERIFIED,850 MW Chinese panels imported H1 2025.,phase1_buyers_entities.csv
Tosyali Algérie,buyer_manufacturer,oil_gas,"Steel (rebar, flat); selected Fiat supplier; spiral-welded pipe activity = background knowledge only",Oran,Bethioua (ASSUMPTION),Steel mill,Stellantis; construction,,,,very large,possible buyer of pipe end caps/thread protectors (to verify),https://algerie-eco.com/2023/10/20/usine-fiat-doran-11-equipementiers-deja-selectionnes/,2023-10-20,2026-10-04,ASSUMPTION,Existence VERIFIED (Fiat supplier list); pipe/OCTG relevance is an ASSUMPTION – no source retrieved.,phase1_buyers_entities.csv
Alfapipe,buyer_manufacturer,oil_gas,Welded steel line pipe (background knowledge),Ghardaïa / Annaba (ASSUMPTION),,Pipe mill,Sonatrach (assumed),,,,large,possible buyer of pipe end protectors,,,2026-10-04,ASSUMPTION,No source retrieved this session; search for 'Alfapipe protecteur filetage' returned only patents. Verify before outreach.,phase1_buyers_entities.csv
Sonatrach (and drilling subsidiaries),other,oil_gas,Oil & gas; end user of OCTG and line pipe,Algiers (HQ),Hassi Messaoud ops,,,,,,very large,end user specifying API thread protectors,,,2026-10-04,ASSUMPTION,No retrieved evidence on its thread-protector sourcing; API-spec protectors are usually supplied with imported pipe.,phase1_buyers_entities.csv
Cevital Agro-industrie,buyer_manufacturer,food,"Sugar, oils, beverages, bottling (Astron bottling plant reference)",Béjaïa,,Bottling lines,Domestic,,,https://www.cevital.com,very large,possible buyer of conveyor/spare plastic parts (unverified),https://astron.biz/en/international/projects-worldwide/cevital-bottling-plant-algeria,n/d,2026-10-04,ASSUMPTION,Buyer status for industrial plastic spares not evidenced.,phase1_buyers_entities.csv
SGT (preforms & caps),other,food,"PET preforms (4 bn/yr), PE caps; Rouiba and Sétif plants",Algiers / Sétif,Rouiba; Sétif,High-cavitation injection,Ifri and beverage makers,,,,large,incumbent – closures are not a target,https://www.algerie360.com/specialisee-dans-la-fabrication-de-preformes-et-de-bouchons-en-polyethylenelentreprise-francaise-sgt-ouvre-une-deuxieme-usine-en-algerie/,n/d,2026-10-04,VERIFIED,From prior notes.,phase1_buyers_entities.csv
Condor–Maincor industrial pipes JV,buyer_manufacturer,construction,Industrial/building pipes (German partner Maincor),Bordj Bou Arréridj,,Pipe extrusion,,,,,large,possible buyer of fittings/clips (or captive),https://www.tsa-algerie.com/condor-sallie-avec-lallemand-maincor-pour-fabriquer-des-tuyaux-industriels-en-algerie/,n/d,2026-10-04,STRONG SIGNAL,From prior notes.,phase1_buyers_entities.csv
SARL PAP PLAST Emballages,bottle_maker,packaging,"all types of packaging for lubricants, detergents, parapharmacy, automotive and agri-food",Algiers,Algiers,UNKNOWN (likely extrusion blow molding),"lubricant, detergent, parapharma fillers",UNKNOWN,Facebook page,https://www.facebook.com/PAP.PLAST.EMBALLAGES/posts,UNKNOWN,bottle partner / possible competitor on caps,https://www.facebook.com/PAP.PLAST.EMBALLAGES/posts,n.d.,2026-10-04,WEAK SIGNAL,Facebook description only. Detergent/lubricant packaging = jerrycans + caps; check whether caps are in-house or bought.,phase1_personalcare_entities.csv
HM PLAST Emballage plastique,bottle_maker,packaging,plastic packaging (type not captured),Blida,Guerouaou,UNKNOWN,UNKNOWN,UNKNOWN,Facebook page,https://www.facebook.com/HM.PLAST.BLIDA/,Small,bottle partner / competitor,https://www.facebook.com/HM.PLAST.BLIDA/,n.d.,2026-10-04,WEAK SIGNAL,"Blida = cosmetics/detergent cluster (Venus, Labonedjma, Hayat).",phase1_personalcare_entities.csv
Plastique El Fellah,bottle_maker,plastics,plastic products (not captured),Blida,"Haouche Mouha Djelloul, Mouzaïa",UNKNOWN,UNKNOWN,UNKNOWN,El Mouchir listing,UNKNOWN,UNKNOWN,UNKNOWN,https://elmouchir.caci.dz/entreprise/1096/plastique-el-fellah,n.d.,2026-10-04,WEAK SIGNAL,Directory hit only.,phase1_personalcare_entities.csv
Compex Emballage,bottle_maker,packaging,packaging (type not captured),Bordj Bou Arréridj,"New industrial zone, BBA",UNKNOWN,UNKNOWN,UNKNOWN,Facebook; LinkedIn,https://www.facebook.com/CompexEmballageDz/,UNKNOWN,UNKNOWN,https://www.linkedin.com/in/compex-emballage/,n.d.,2026-10-04,WEAK SIGNAL,Appeared in a cosmetic packaging search; activity unverified.,phase1_personalcare_entities.csv
Eco Pro Plast (Hami Mounir / UTP Hami),bottle_maker,plastics,plastic products (not captured),Bouira,Zone d'activité M'chedallah,UNKNOWN,UNKNOWN,UNKNOWN,El Mouchir listing,UNKNOWN,UNKNOWN,UNKNOWN,https://www.elmouchir.caci.dz/entreprise/18886/hami-mounir-utp-hami,n.d.,2026-10-04,WEAK SIGNAL,Directory hit only.,phase1_personalcare_entities.csv
Plastique 3000,bottle_maker,plastics packaging,plastic products/packaging (not captured),Boumerdès,"Zone d'activité n°02, Khemis El Khechna",UNKNOWN,UNKNOWN,UNKNOWN,El Mouchir listing,UNKNOWN,UNKNOWN,UNKNOWN,https://elmouchir.caci.dz/entreprise/4836/plastique-3000,n.d.,2026-10-04,WEAK SIGNAL,Directory hit only.,phase1_personalcare_entities.csv
GP - Général Plast,bottle_maker,plastics packaging,plastic products/packaging (not captured),Béjaïa,"ZI Taharacht, Akbou",UNKNOWN,UNKNOWN,UNKNOWN,El Mouchir listing,UNKNOWN,UNKNOWN,UNKNOWN,https://elmouchir.caci.dz/entreprise/1103/gp-general-plast,n.d.,2026-10-04,WEAK SIGNAL,Directory hit only. Akbou = agri-food cluster.,phase1_personalcare_entities.csv
FEAPO - Fabrique d'Emballages & Articles en Plastique des Oasis,bottle_maker,plastics packaging,plastic packaging and articles,Ghardaïa,"ZI Garat Ettaâm, Bounoura",UNKNOWN,UNKNOWN,UNKNOWN,El Mouchir listing,UNKNOWN,UNKNOWN,UNKNOWN,https://elmouchir.caci.dz/entreprise/7578/feapo-fabrique-demballages-articles-en-plastique-des-oasis,n.d.,2026-10-04,WEAK SIGNAL,Directory hit only.,phase1_personalcare_entities.csv
KAMOPLAST,bottle_maker,plastics packaging,plastic packaging (El Mouchir hit for 'bouchon flacon emballage plastique'),Médéa,Pôle urbain Aïn D'heb,UNKNOWN,UNKNOWN,UNKNOWN,El Mouchir listing,UNKNOWN,UNKNOWN,UNKNOWN,https://elmouchir.caci.dz/entreprise/10384/kamoplast,n.d.,2026-10-04,WEAK SIGNAL,Directory hit only; products not confirmed.,phase1_personalcare_entities.csv
SANIPLAST,bottle_maker,plastics packaging,plastic products/packaging (not captured),Oum El Bouaghi,Zone d'activités n°54,UNKNOWN,UNKNOWN,UNKNOWN,El Mouchir listing,UNKNOWN,UNKNOWN,UNKNOWN,https://elmouchir.caci.dz/entreprise/21825/saniplast,n.d.,2026-10-04,WEAK SIGNAL,Directory hit only.,phase1_personalcare_entities.csv
ENPC Group - SIPLAST Spa,bottle_maker,plastics (public),injection and blow molding (soufflage); in-house mold unit (6-week injection mold lead time),Sétif,Sétif industrial zone,injection + blow molding; ISO 9001:2015,UNKNOWN,UNKNOWN,enpc-dz.com,enpc-dz.com/siplast/,Medium-large public,competitor / possible bottle partner,https://www.enpc-dz.com/siplast/,2018+,2026-10-04,VERIFIED,From prior industry-map note. Bottle/closure range not captured.,phase1_personalcare_entities.csv
SOLOPLAST,bottle_maker,packaging,blow and injection-blow bottles,Sétif,El Eulma,"blow molding, injection-blow",UNKNOWN,UNKNOWN,Kompass Sétif,UNKNOWN,UNKNOWN,bottle partner (caps must fit its necks),https://dz.kompass.com/a/bouteilles-en-plastique-moule-par-soufflage/2042002/,n.d.,2026-10-04,STRONG SIGNAL,From prior note (Kompass Sétif extract). Bottle makers are natural partners: they sell bottle+cap sets.,phase1_personalcare_entities.csv
SGP - Sétif Gold Plast,bottle_maker,plastics packaging,plastic products/packaging (not captured),Sétif,"Zone d'activité artisanale, Ouled Sabor",UNKNOWN,UNKNOWN,UNKNOWN,El Mouchir listing,UNKNOWN,UNKNOWN,UNKNOWN,https://elmouchir.caci.dz/entreprise/28675/sgp-setif-gold-plast,n.d.,2026-10-04,WEAK SIGNAL,Directory hit only.,phase1_personalcare_entities.csv
SARL SIPEM,closure_maker,plastics transformation,"injection-molded caps incl. caps with handles, dispenser caps ('bouchons doseurs/distributeurs'), pumps",Algiers,ZI Oued Smar (El Harrach),injection molding (press list unknown),UNKNOWN,UNKNOWN,Ouedkniss ad,UNKNOWN,Small-medium (since 1982),competitor (closest to cosmetic/detergent dispensing closures),https://www.ouedkniss.com/fabrication-des-produits-en-plastique-alger-oued-smar-algerie-services-d22745209?lang=fr,n.d. (Ouedkniss ad),2026-10-04,STRONG SIGNAL,"KEY: only local source found claiming dispenser caps AND pumps. Ad text seen only as search snippet - verify whether pumps are made or assembled/imported, and MOQ. Priority call.",phase1_personalcare_entities.csv
Laboratoires SPIC,closure_maker,pharma/cosmetic packaging,capping and over-capping capsules and bottles for pharma and cosmetics,Algiers,Mohammadia,UNKNOWN,"pharma, cosmetics",UNKNOWN,Kompass listing,UNKNOWN,UNKNOWN,competitor (pharma/cosmetic closures),https://dz.kompass.com/a/bouchons-en-plastique/20430/,n.d.,2026-10-04,WEAK SIGNAL,"Kompass snippet only. Important to verify: if real, it is a direct cosmetic-closure competitor.",phase1_personalcare_entities.csv
SGT Algérie SPA,closure_maker,packaging (beverage),"PET preforms; HDPE caps, 11 cap families (beverage necks)",Algiers; Sétif,"ZI Voie B, RN5, Rouiba; Sétif (2 sites incl. cap-only site May 2018)","15 preform machines Rouiba + 6 Sétif; Husky HyCAP cap lines; Sétif cap site 7 presses, ~2 bn caps/yr","bottlers (water, soda, juice)",UNKNOWN,El Mouchir listing,novojob.com/entreprise/sgt-algerie-spa,Very large (2.8 bn preforms; 800M caps in 2015),competitor (commodity beverage caps),https://www.algerie360.com/specialisee-dans-la-fabrication-de-preformes-et-de-bouchons-en-polyethylenelentreprise-francaise-sgt-ouvre-une-deuxieme-usine-en-algerie/,2018 (Sétif); 2015 (PETpla),2026-10-04,VERIFIED,"63% share of independent preform conversion in 2013 (PETpla). Caps are HDPE beverage (PCO/short-neck), NOT cosmetic flip-tops - no evidence SGT makes 24/410 or 28/410 dispensing closures.",phase1_personalcare_entities.csv
PTD - Plastique Transformation & Distribution,closure_maker,packaging (beverage),PET preforms; caps,Blida,"Rue de la voie ferrée, Cité Fettal, Beni Mered",preform lines + associated cap production (details not captured),bottlers,UNKNOWN,El Mouchir listing,UNKNOWN,Large (No. 2 preform maker in 2015),competitor (commodity caps),https://petpla.net/assets/ebooks/PP201505/17/,2015-05,2026-10-04,VERIFIED,"Managers named in PETpla 2015: Djamel Ouadah (GM), Habiba Ouadah (sales). 2015 data - check current status.",phase1_personalcare_entities.csv
FE Trading Company,closure_maker,packaging,hermetic and molded plastic caps (Kompass category 'bouchons en plastique'),Bordj Bou Arréridj,Bordj Bou Arréridj,UNKNOWN,UNKNOWN,UNKNOWN,Kompass listing,UNKNOWN,UNKNOWN,competitor or trader,https://dz.kompass.com/a/bouchons-en-plastique/20430/,n.d.,2026-10-04,WEAK SIGNAL,'Trading' in name suggests possible importer; verify.,phase1_personalcare_entities.csv
CROWN SARL,closure_maker,packaging,bottle caps and capsules; plastic transformation and recovery,Mascara,Mascara,UNKNOWN,UNKNOWN,UNKNOWN,Pages Jaunes DZ listing,UNKNOWN,UNKNOWN,competitor,https://pagesjaunes-dz.com/Companies/detail/5ff07d78d4bc3c154d1e1291e5bdd891/CROWN-Sarl,n.d.,2026-10-04,WEAK SIGNAL,Directory snippet only; not related to Crown Holdings as far as known.,phase1_personalcare_entities.csv
SARL Alpha PET,closure_maker,packaging,plastic caps and preforms,UNKNOWN,UNKNOWN,UNKNOWN,UNKNOWN,UNKNOWN,Facebook page,https://www.facebook.com/people/SARL-Alpha-PET/61554797071911/,UNKNOWN (page created c. 2023-24),competitor (commodity caps),https://www.facebook.com/people/SARL-Alpha-PET/61554797071911/,n.d.,2026-10-04,WEAK SIGNAL,Facebook description says Algerian manufacturer of caps and preforms; not verified elsewhere.,phase1_personalcare_entities.csv
Tap Chihani,closure_maker,packaging,plastic caps by injection,UNKNOWN,UNKNOWN,injection,UNKNOWN,UNKNOWN,UNKNOWN,automa.net/company/tap-chihani,UNKNOWN,competitor,https://automa.net/company/tap-chihani,n.d.,2026-10-04,STRONG SIGNAL,From prior project note (import_products_longlist.md). Cap type/neck finishes not known. Not re-verified this pass (search engine returned nothing).,phase1_personalcare_entities.csv
Laboratoires Venus / SAPECO,cosmetics_manufacturer,personal care / hair care,"shampoo, hair care, body care, baby, sun care, daily personal care",Blida,"80 rue du 17 septembre 1956, Ouled Yaich",UNKNOWN; reportedly makes own packaging (process not stated),national retail; diaspora demand in France,UNKNOWN,UNKNOWN,UNKNOWN,Large (national leader brand),buyer (possibly vertically integrated in packaging),https://algerie-eco.com/index.php/2015/12/22/venus-une-fierte-algerienne/,2015-12-22,2026-10-04,VERIFIED,"Founded 1981. Sagaci Research: nourishing/moisturising shampoo segment dominated by local brands like Venus. xiranskincare (Chinese OEM blog, 2026) snippet says Venus 'manufactures its own packaging and exports' - packaging integration is STRONG SIGNAL only; verify whether it molds caps or only blows bottles.",phase1_personalcare_entities.csv
Labonedjma,cosmetics_manufacturer,personal care / hygiene,"600+ references; brands Flux Care, Flux de Passion, Dakkar, Dolfino (hair, body, hygiene)",Blida,Larbaâ,UNKNOWN,national retail; export to France,200,UNKNOWN,UNKNOWN,"Mid-large (8,800 m2 site)",buyer,https://www.algerie360.com/40-ans-de-savoir-faire-algerien-qui-rayonne-au-dela-des-frontieres-labonedjma-conquiert-la-france/,2025 (approx; article undated in snippet),2026-10-04,VERIFIED,"Founder lineage Abdelhamid Guemari, family know-how since 1963. 'Produit de l'année' winner several times. Exhibited at Beauty Istanbul 2025. 600 SKUs across 5 brands = many bottle/closure references; good target for short-run closure supply.",phase1_personalcare_entities.csv
Unilever Algérie - Oran plant,cosmetics_manufacturer,personal care / home care,"shampoo, toothpaste, soap; planned conditioner and shower gel",Oran,Oran (exact zone not captured),UNKNOWN,national retail,800 direct+indirect jobs (planned),UNKNOWN,unilever.com,"Large multinational (26,000 m2; DZD 1.35 bn)",buyer,https://algerie-eco.com/?p=41135,UNKNOWN (c. 2018?),2026-10-04,VERIFIED,Described as Unilever's SECOND cosmetics/detergent factory in Algeria; target 80% local production of formerly imported range. First site not identified in this pass.,phase1_personalcare_entities.csv
Dermal Group,cosmetics_manufacturer,cosmetics / fragrance,"deodorants, fragrance; turnkey subcontracting / private label",UNKNOWN,UNKNOWN,UNKNOWN,private-label clients,UNKNOWN,UNKNOWN,UNKNOWN,UNKNOWN,buyer / contract filler,https://xiranskincare.com/cosmetics-manufacturers-in-algeria-2026-the-5-local-factories-id-shortlist-for-private-label-contract-production/,2026,2026-10-04,WEAK SIGNAL,Single source = Chinese OEM marketing blog. Deodorant = roll-on balls/caps and aerosol (metal) - partly injection.,phase1_personalcare_entities.csv
Laboratoires Sabrinel,cosmetics_manufacturer,personal care / hair,daily-care and hair products; accepts OEM,UNKNOWN,UNKNOWN,UNKNOWN,UNKNOWN,UNKNOWN,UNKNOWN,UNKNOWN,UNKNOWN,buyer / contract filler,https://xiranskincare.com/cosmetics-manufacturers-in-algeria-2026-the-5-local-factories-id-shortlist-for-private-label-contract-production/,2026,2026-10-04,WEAK SIGNAL,Described as 'heritage maker'. Verify location.,phase1_personalcare_entities.csv
Groupe ECI,cosmetics_manufacturer,cosmetics private label,"private label incl. design, R&D, approvals",UNKNOWN,UNKNOWN,UNKNOWN,private-label clients,UNKNOWN,UNKNOWN,UNKNOWN,UNKNOWN,buyer / contract filler,https://xiranskincare.com/cosmetics-manufacturers-in-algeria-2026-the-5-local-factories-id-shortlist-for-private-label-contract-production/,2026,2026-10-04,WEAK SIGNAL,Contract fillers aggregate demand from many small brands = natural channel for short-run closures.,phase1_personalcare_entities.csv
White Industry,cosmetics_manufacturer,cosmetics white label,white-label cosmetics; claims ISO 22716 scope,UNKNOWN,UNKNOWN,UNKNOWN,white-label clients,UNKNOWN,UNKNOWN,UNKNOWN,UNKNOWN,buyer / contract filler,https://xiranskincare.com/cosmetics-manufacturers-in-algeria-2026-the-5-local-factories-id-shortlist-for-private-label-contract-production/,2026,2026-10-04,WEAK SIGNAL,Verify existence and site.,phase1_personalcare_entities.csv
Farfasha cosmétique Algérie,cosmetics_manufacturer,cosmetics (small brand),cosmetics (details not captured),UNKNOWN,UNKNOWN,UNKNOWN,consumers,UNKNOWN,Facebook page,https://www.facebook.com/farfasha1616/,Small,buyer (startup brand),https://www.facebook.com/farfasha1616/,n.d.,2026-10-04,WEAK SIGNAL,Facebook page only; may be a reseller rather than manufacturer.,phase1_personalcare_entities.csv
Volume cosmétique Algérie,cosmetics_manufacturer,cosmetics (small brand),cosmetics (details not captured),UNKNOWN,UNKNOWN,UNKNOWN,consumers,UNKNOWN,Facebook page,https://www.facebook.com/VolumeAlgerie/,Small,buyer (startup brand),https://www.facebook.com/VolumeAlgerie/,n.d.,2026-10-04,WEAK SIGNAL,Facebook page only; manufacturer status unverified.,phase1_personalcare_entities.csv
Henkel Algérie - Réghaïa plant,detergent_manufacturer,detergents / now also hair care,"liquid detergents (Isis, Le Chat, Pril, Bref); Schwarzkopf Gliss shampoo localised from Dec 2025 (site not stated)",Algiers,Réghaïa,98% automated line; 'Industry 5.0',national retail,UNKNOWN,UNKNOWN,henkel.com,Large multinational (EUR 120M invested in Réghaïa),buyer,https://www.algerie360.com/120-m-deuros-investis-henkel-algerie-fait-entrer-son-usine-de-reghaia-dans-lere-de-lindustrie-5-0/,2025 (approx),2026-10-04,VERIFIED,"Digitalisation +40% output, -30% losses. Gliss: 4 references produced '100% in Algeria', shown at FPA 18-27 Dec 2025. Whether Henkel sources caps locally or via global supply agreements is UNKNOWN - key interview question.",phase1_personalcare_entities.csv
Univers Détergent (UD),detergent_manufacturer,detergents / cleaning,"cleaning and detergent products, brands AIGLE and TOP",Algiers,Algiers (HQ),UNKNOWN,national distribution,110,UNKNOWN,UNKNOWN,Medium,buyer,https://www.a-leads.co/company/94417995_8cf0217e,n.d. (directory),2026-10-04,STRONG SIGNAL,Created 2002; 'present in all regions'. Confirms 'Aigle' detergent brand = Univers Détergent (not the French clothing brand).,phase1_personalcare_entities.csv
SM2I (ex-Henkel Aïn Témouchent plant),detergent_manufacturer,detergents / multi-activity industrial site,site bought from Henkel; 7 new industrial activities incl. 2 subcontracted to Henkel (nature not stated),Aïn Témouchent,Aïn Témouchent,UNKNOWN,Henkel (subcontracting),160 (retained),UNKNOWN,UNKNOWN,Medium,buyer / possible competitor if a packaging activity,https://www.algerie360.com/henkel-cede-son-usine-de-ain-temouchent-a-des-investisseurs-prives-algeriens/,UNKNOWN (c. 2017-2019?),2026-10-04,STRONG SIGNAL,Consortium shareholders reported as Réda Hamiani and Metidj. The 2 Henkel-subcontracted activities could include packaging - verify.,phase1_personalcare_entities.csv
Hayat DHC Algérie (Hayat Kimya),detergent_manufacturer,detergents / hygiene,"liquid and powder detergents (Bingo, Test); diapers Molfix, Bebem; pads Molped",Blida,Bouinane,"2 production units; 50,000 m2 site",national retail,900+,UNKNOWN,hayat.com.tr (group),"Large (Turkish, since 2003)",buyer,https://www.financialafrik.com/2026/02/19/algerie-le-groupe-turc-hayat-dhc-investit-pres-de-100-millions-de-dollars-dans-lindustrie-papetiere,2026-02-19,2026-10-04,VERIFIED,"15% household-cleaning share, 26% hygiene (snippet). New ~USD 100M tissue-paper project 2026. Turkish group may import closures from Turkish suppliers - verify.",phase1_personalcare_entities.csv
ENAD (Entreprise nationale des détergents et produits d'entretien),detergent_manufacturer,detergents / cosmetics (public),"laundry powder, personal hygiene products",Bouira,"Sour El Ghozlane (HQ, Sidet complex); other units",UNKNOWN,public & retail,UNKNOWN,UNKNOWN,UNKNOWN,Large public group (6 detergent units + 1 cosmetics unit),buyer,https://algerie-eco.com/tag/groupe-des-detergents-enad/,2020 (approx),2026-10-04,VERIFIED,Public group; procurement likely by tender (dztenders). Unit locations other than Sour El Ghozlane not confirmed in this pass.,phase1_personalcare_entities.csv
Henkel Algérie - Chelghoum Laïd plant,detergent_manufacturer,detergents,powder detergents,Mila,Chelghoum Laïd,UNKNOWN,national retail,UNKNOWN,UNKNOWN,henkel.com,Large,"buyer (powders: bags/boxes, few plastic closures)",https://www.algerie360.com/120-m-deuros-investis-henkel-algerie-fait-entrer-son-usine-de-reghaia-dans-lere-de-lindustrie-5-0/,2025 (approx),2026-10-04,VERIFIED,Powder plant - packaging mostly flexible/cartons; low closure relevance except measuring scoops (injection).,phase1_personalcare_entities.csv
Shymeca-Algérie (ENAD subsidiary),detergent_manufacturer,disinfectants / household,"hand sanitiser gel, surface cleaner, liquid soap, bleach",UNKNOWN,UNKNOWN,UNKNOWN,public & retail,UNKNOWN,UNKNOWN,UNKNOWN,Medium,"buyer (bleach caps, pump/trigger)",https://algerie-eco.com/2020/03/21/coronavirus-en-algerie-des-entreprises-doublent-leur-production-en-produits-de-desinfection/,2020-03-21,2026-10-04,STRONG SIGNAL,Doubled disinfectant output in Covid. Location not captured.,phase1_personalcare_entities.csv
"Legacy Exhibitions (organiser, Cosmetica North Africa)",other,trade fair,"Cosmetica North Africa / Cosmetica Algeria, SAFEX Algiers (4th ed. 21-24 Jan 2026)",Algiers,"SAFEX, Pins Maritimes",n/a,330+ exhibitors incl. ~250 Algerian firms,UNKNOWN,Ashraf Ziri +213 561 576 339; ashraf@legacyexb.com (published by JETRO/fair listings),https://www.jetro.go.jp/en/database/j-messe/tradefair/detail/156111,n/a,channel (exhibitor list = buyer list),https://www.jetro.go.jp/en/database/j-messe/tradefair/detail/156111,2026-01,2026-10-04,VERIFIED,Packaging is an exhibited category. Obtain 2026 exhibitor list = best single buyer list for closures.,phase1_personalcare_entities.csv
SIPA Packaging,other,printing / packaging,packaging from design studio to finishing (labels/cartons),Boumerdès,Boudouaou,printing/converting,UNKNOWN,UNKNOWN,LinkedIn,https://www.linkedin.com/company/sipapackging,UNKNOWN,adjacent supplier (secondary packaging),https://www.linkedin.com/company/sipapackging,n.d.,2026-10-04,WEAK SIGNAL,Founded 1996. Not plastics.,phase1_personalcare_entities.csv
FMPI (Fabrication de Moules et Pièces Industrielles),other,mold making,"molds for injection, PET blow, PEHD extrusion-blow",Boumerdès / Algiers,Khemis El Khechna (site) / Kouba (office),CNC,packaging molders,UNKNOWN,+213 559 268 303; info@fmpi-dz.com,https://www.fmpi-dz.com/,Small,potential mold supplier,https://www.fmpi-dz.com/solutions-moules-pieces/,n.d.,2026-10-04,VERIFIED,From prior industry-map note. Makes bottle molds = links to bottle makers needing matching caps.,phase1_personalcare_entities.csv
APP Algeria Printing Packaging,other,pharma primary packaging,"aluminium blister printing, pharma primary packaging",Oran,Oran (liaison office Algiers),printing/converting,pharma,UNKNOWN,LinkedIn,https://www.linkedin.com/in/app-algeria-printing-packaging-9b3962222/,UNKNOWN,adjacent,https://www.linkedin.com/in/app-algeria-printing-packaging-9b3962222/,n.d.,2026-10-04,WEAK SIGNAL,Not plastics closures.,phase1_personalcare_entities.csv
CFM Engineering,other,mold making,"molds for injection, blow molding, extrusion-blow, thermoforming",Sétif,El Eulma,CNC mold making,packaging molders,UNKNOWN,website,https://cfm-engineering.com/,Small-medium,potential mold supplier (cap molds),https://cfm-engineering.com/,n.d.,2026-10-04,VERIFIED,From prior industry-map note. Capability for hinged flip-top molds unverified.,phase1_personalcare_entities.csv
Life (laundry brand; manufacturer UNKNOWN),other,detergents,laundry care / laundry detergents,UNKNOWN,UNKNOWN,UNKNOWN,UNKNOWN,UNKNOWN,UNKNOWN,UNKNOWN,UNKNOWN,buyer (owner to identify),https://sagaciresearch.com/home-care-laundry-detergents-algeria/,n.d. (Sagaci retail scan data),2026-10-04,WEAK SIGNAL,Sagaci: 'Life' is the most-scanned laundry brand in Algeria. Owner company not identified - research gap.,phase1_personalcare_entities.csv
Amir Clean (brand; manufacturer UNKNOWN),other,detergents,"dishwashing liquids, automatic dishwasher products",UNKNOWN,UNKNOWN,UNKNOWN,UNKNOWN,UNKNOWN,UNKNOWN,UNKNOWN,UNKNOWN,buyer (owner to identify),https://sagaciresearch.com/home-care-laundry-detergents-algeria/,n.d.,2026-10-04,WEAK SIGNAL,Brand seen in Sagaci data; owner not identified. Dish liquid = push-pull / disc-top / flip-top caps.,phase1_personalcare_entities.csv
SARL PUMPEX ALGERIA,other,industrial equipment distribution,industrial pumps and supplies for cosmetic & pharmaceutical industries,UNKNOWN,UNKNOWN,none,cosmetic & pharma plants,UNKNOWN,LinkedIn,https://www.linkedin.com/company/sarl-pumpex-algeria,Small,channel (knows cosmetic plants),https://www.linkedin.com/company/sarl-pumpex-algeria,n.d.,2026-10-04,WEAK SIGNAL,"Process pumps, NOT dispensing pumps - do not confuse.",phase1_personalcare_entities.csv
PAFIX emballage,packaging_distributor,cosmetic / parapharmacy packaging,"sprayers, gel pumps, soap pumps, cosmetic & parapharmacy packaging solutions",Algiers,Draria,none known (trader),cosmetic & parapharma brands,UNKNOWN,Facebook page,https://www.facebook.com/people/PAFIX-emballage/100075973279239/,Small,channel / indicator of imported dispensing closures,https://www.facebook.com/people/PAFIX-emballage/100075973279239/,n.d.,2026-10-04,WEAK SIGNAL,Pumps and sprayers offered by a trader = likely imported (ASSUMPTION). Useful price-benchmark interview.,phase1_personalcare_entities.csv
E.C.A Emballages Cosmétiques,packaging_distributor,cosmetic packaging,cosmetic packaging (bottles/caps - details not captured),Algiers,Birtouta,UNKNOWN,cosmetic brands,UNKNOWN,Facebook page,https://www.facebook.com/p/ECA-Emballages-Cosm%C3%A9tiques-100064352521915/,Small,channel / possible competitor,https://www.facebook.com/p/ECA-Emballages-Cosm%C3%A9tiques-100064352521915/,n.d.,2026-10-04,WEAK SIGNAL,Unclear whether maker or reseller.,phase1_personalcare_entities.csv
HS vente emballage et produits cosmétique et bougies,packaging_distributor,cosmetic & candle packaging,cosmetic and candle packaging materials (resale),Algiers,Algiers,none (reseller),small cosmetic/candle makers,UNKNOWN,Facebook page,https://www.facebook.com/hsemballage/,Micro,channel (small-brand demand indicator),https://www.facebook.com/hsemballage/,n.d.,2026-10-04,WEAK SIGNAL,Serves DIY/small brands - the low-MOQ segment.,phase1_personalcare_entities.csv
Ouedkniss sellers - 'flacons cosmétiques' import services (unnamed),packaging_distributor,cosmetic / pharma packaging,"import of pharma and cosmetic bottles; PET 50-100 ml bottles with caps or sprays; 1 L opaque bottle with pump in lots of 6,000",multiple,multiple,none (traders),small cosmetic brands,UNKNOWN,Ouedkniss,https://www.ouedkniss.com/flacons_cosmetiques-r?lang=fr,Micro-small,channel / import substitution target,https://www.ouedkniss.com/flacons_cosmetiques-r?lang=fr,n.d. (snippets 2026-10-04),2026-10-04,WEAK SIGNAL,"Aggregated row; individual sellers not identifiable from snippets. Shows bottle+closure sold as sets, imported.",phase1_personalcare_entities.csv
POLYCHIMICAL SARL,resin_distributor,plastics raw materials & chemicals import/distribution,"PEBD (LDPE), PEHD (HDPE), PP, PPR, PS, PVC, PET, PA, DOP plasticiser; also water-treatment, paint and detergent chemicals; brands not seen",Skikda,"Z.A.C partie 02 portion 28, Hamadi Krouma",n/a,not found,not found,tel/fax +213 38 93 18 34; mobile 0660 57 14 36; commercial@polychimical.com (from search snippet; not called),polychimical.com; polychimical.dz; facebook.com/sarl.polychimical,medium (self-described 'one of the main distributors of plastics in Algeria'),"supplier: PP/HDPE/LDPE stockist, East Algeria",https://adresse-algerie.com/fr/companies/sarl-polychimical | https://www.pagesjaunes-dz.com/Companies/detail/4caa99630bc0b58adf4805f63e381778/polychimical-sarl | https://polychimical.com/,n.d. (directory listing),2026-10-04,STRONG SIGNAL,"Location corrected vs earlier notes (Skikda, not Algiers). Sites blocked; contacts from search snippet only. Call first: ask for PP homo/copo injection grades, MOQ, price DZD/kg.",phase1_resin_entities.csv
DISTRIPOL SARL,resin_distributor,plastics & chemicals import/distribution,"PP, PS, PE, HDPE plates, chemicals, dyes",Algiers,Zéralda,n/a,not found,not found,not found (Kompass page blocked),dz.kompass.com listing,unknown,"supplier: commodity resins, Algiers west",https://dz.kompass.com/a/resines-synthetiques/21860/ | https://www.espaceagro.com/polypropylene-granule/exp-polypropylene-granule.html,n.d. (directory listing),2026-10-04,STRONG SIGNAL,Listed in Kompass under synthetic resins and HDPE; snippet only.,phase1_resin_entities.csv
AB POLYMERS SARL,resin_distributor,plastics raw material import/distribution,"PEHD for injection, extrusion and film; PEBD; PP copolymer and PP homopolymer",Oran,Es Senia,n/a,not found,not found,not found,dz.kompass.com; pagesjaunes-dz.com,unknown,"supplier: PP/HDPE incl. injection grades, West Algeria",https://dz.kompass.com/a/resines-synthetiques/21860/ | https://pagesjaunes-dz.com/Companies/products/2525001/matieres-plastiques-Importation-distribution-,n.d. (directory listing),2026-10-04,STRONG SIGNAL,Only distributor found explicitly citing injection-grade HDPE. Brands not seen.,phase1_resin_entities.csv
MAPECO - Maghreb Pétrochemicals Company SARL,resin_distributor,plastics import/distribution,plastics raw materials (polymers not specified),unknown,unknown,n/a,not found,not found,not found,pagesjaunes-dz.com,unknown,supplier (unconfirmed range),https://pagesjaunes-dz.com/Companies/products/2525001/matieres-plastiques-Importation-distribution-,n.d. (directory listing),2026-10-04,WEAK SIGNAL,Directory category only.,phase1_resin_entities.csv
PLASTICARE Algérie,resin_distributor,plastics import/distribution,plastics raw materials (not specified),unknown,unknown,n/a,not found,not found,not found,pagesjaunes-dz.com,unknown,supplier (unconfirmed range),https://pagesjaunes-dz.com/Companies/products/2525001/matieres-plastiques-Importation-distribution-,n.d. (directory listing),2026-10-04,WEAK SIGNAL,Directory category only.,phase1_resin_entities.csv
GOLD PLAST INVEST SARL,resin_distributor,plastics import/distribution + products,plastics raw materials; finished/semi-finished plastic products,Sétif,"Zone d'Activité Rurale, Sétif",not found,not found,not found,not found,pagesjaunes-dz.com,unknown,supplier near Sétif/El Eulma cluster,https://pagesjaunes-dz.com/Companies/products/2525001/matieres-plastiques-Importation-distribution-,n.d. (directory listing),2026-10-04,WEAK SIGNAL,Directory category only; may also convert.,phase1_resin_entities.csv
2M EXPERT ALGERIA,resin_distributor,plastics machinery + raw materials import,raw materials for plastics industry (polymers not specified); Cosmos injection machines; mixers,Algiers,"ZI Oued Smar, Voie CW118",n/a (machine seller),not found,not found,algerie@2m-expert.com; 023 93 02 98; 0550 65 00 75 (from El Mouchir CACI snippet),2m-expert.com,small-medium,supplier: machine + possibly resin bundle,https://2m-expert.com/ | https://elmouchir.caci.dz/entreprise/1348/2M-EXPERT-ALGERIA,n.d. (directory listing),2026-10-04,WEAK SIGNAL,Resin range unconfirmed; ask if they sell granules with machines. Also in industry_map notes.,phase1_resin_entities.csv
OHDO PLASTIQUE SARL,resin_distributor,plastics raw materials (fabrication/commerce),plastics raw materials (not specified),Boumerdès,Khemis El Khechna,not found,not found,not found,not found,pagesjaunes-dz.com,unknown,possible supplier East Algiers,https://pagesjaunes-dz.com/Companies/products/2525011/matieres-plastiques-Matieres-premieres-Fabrication-commerce,n.d. (directory listing),2026-10-04,WEAK SIGNAL,"Category 'matières premières (fabrication, commerce)'; could be a recycler/granulator.",phase1_resin_entities.csv
DADI PLASTIQUE SARL,resin_distributor,plastics raw materials (fabrication/commerce),plastics raw materials (not specified),Sétif,"Zone Industrielle n°156, Sétif",not found,not found,not found,not found,pagesjaunes-dz.com,unknown,possible supplier Sétif,https://pagesjaunes-dz.com/Companies/detail/a257863c0b84f1f7a3b841636a13639e/dadi-plastique-sarl,n.d. (directory listing),2026-10-04,WEAK SIGNAL,"Category 'matières premières (fabrication, commerce)'; could be granulator.",phase1_resin_entities.csv
PLAST AFRIQUE SARL,resin_distributor,plastics raw materials (fabrication/commerce),plastics raw materials (not specified),Ghardaïa,Ghardaïa,not found,not found,30 (directory),not found,pagesjaunes-dz.com,small (30 staff; created April 1995),possible supplier South,https://pagesjaunes-dz.com/Companies/detail/d92cf38e8f7ccc62c072012fc6b99b74/plast-afrique-sarl,n.d. (company created 1995-04),2026-10-04,WEAK SIGNAL,Far from northern clusters.,phase1_resin_entities.csv
HIMAPLAST SARL,masterbatch_producer,"fillers, colour masterbatch, plastics raw materials","colour masterbatch (mélanges-maîtres colorants); fillers (charges, likely CaCO3); synthetic colorants; plastics raw materials",Tipaza,Bou Ismaïl,"compounding (implied, not verified)",not found,not found,not found,dz.kompass.com; pagesjaunes-dz.com,unknown,supplier: colour MB + filler MB,https://dz.kompass.com/a/pre-transformation-des-plastiques/65710/ | https://pagesjaunes-dz.com/Companies/products/2525011/matieres-plastiques-Matieres-premieres-Fabrication-commerce,n.d. (directory listing),2026-10-04,STRONG SIGNAL,One of only ~3 Kompass-listed colour MB makers in Algeria.,phase1_resin_entities.csv
DECOPLAST,masterbatch_producer,colour masterbatch,colour masterbatch for plastics manufacture,Annaba,El Bouni,not found,not found,not found,not found,dz.kompass.com,unknown,"supplier: colour MB, East",https://dz.kompass.com/a/pre-transformation-des-plastiques/65710/,n.d. (directory listing),2026-10-04,STRONG SIGNAL,Kompass category 'mélanges-maîtres colorants'; snippet only.,phase1_resin_entities.csv
BRUM Algérie,masterbatch_producer,"plastic pallets, colour masterbatch, recycled raw material",colour masterbatch; recycled PP and PEHD raw material; plastic pallets,Oran,Bir El Djir,"injection (pallets, implied); compounding",not found,not found,not found,dz.kompass.com,unknown,supplier: MB + recycled PP/HDPE; also potential competitor (pallets),https://dz.kompass.com/a/pre-transformation-des-plastiques/65710/,n.d. (directory listing),2026-10-04,STRONG SIGNAL,Also a recycler; dual row not created. Check regrind quality/MFR.,phase1_resin_entities.csv
SMART POLYMER COLORS,masterbatch_producer,plastic colorants,colorants for plastics on client spec; multi-colour moulding machines,Tizi Ouzou,Boghni,not found,not found,not found,not found,dz.kompass.com,unknown,supplier: custom colour matching,https://dz.kompass.com/a/pre-transformation-des-plastiques/65710/,n.d. (directory listing),2026-10-04,WEAK SIGNAL,Kompass snippet; product form (MB vs powder) unclear.,phase1_resin_entities.csv
SARL TAIF MASTER BATCH,masterbatch_producer,colour masterbatch,plastic colorants (masterbatch),Blida,Zone d'activité Beni Tamou,not found,not found,not found,not found,dzentreprise.net,unknown,"supplier: colour MB, centre",https://dzentreprise.net/annuaire-professionnel/sarl-taif-master-batch/,n.d. (directory listing),2026-10-04,STRONG SIGNAL,Name itself indicates MB specialism.,phase1_resin_entities.csv
TAPIDOR,masterbatch_producer,carpets/synthetic turf with in-house masterbatch,masterbatch for yarn (fil) colouring; carpets; artificial turf,Oran,Zone Industrielle Es Senia,extrusion (yarn); MB compounding,not found,not found,not found,tapidor.com,medium (industrial),possible MB source (captive use; third-party sales unconfirmed),https://tapidor.com/en/,n.d. (directory listing),2026-10-04,WEAK SIGNAL,Site blocked; snippet says it produces masterbatch.,phase1_resin_entities.csv
Sonatrach - CP2K Skikda (HDPE complex; ex-POLYMED),resin_producer,petrochemicals,"HDPE (Phillips process), nameplate 130,000 t/y; 34,198 t produced in 2024 (+101% y/y)",Skikda,Skikda industrial platform,polymerisation,not found,not found,Sonatrach commercial (not found),sonatrach.com; facebook.com/amisdepolymed (workers page),"large plant, ~26% utilisation in 2024",only local virgin polyolefin producer,https://algerie-eco.com/2025/12/03/sonatrach-publie-son-rapport-annuel-2024/ | https://dz.kompass.com/a/tubes-et-tuyaux-en-polyethylene-haute-densite-pehd/2019012/,2025-12-03,2026-10-04,VERIFIED,"Figures from Sonatrach 2024 annual report via Algérie Eco snippet. Grades (injection vs blow/pipe) and merchant sales channel to small buyers NOT FOUND. Aging cracker, recurrent stops (weak snippet).",phase1_resin_entities.csv
STEP Polymers (Sonatrach) - Arzew PDH-PP project,resin_producer,petrochemicals (future),"PP 550,000 t/y (LyondellBasell Spheripol) + PDH (UOP Oleflex) - not yet producing",Oran,Arzew industrial zone,n/a,n/a,n/a,n/a,sonatrach.com,very large (planned),future local PP source; not before 2027-28 at best,https://maghrebemergent.news/fr/la-fermeture-dormuz-relance-les-projets-petrochimiques-algeriens/ | https://www.ecofinagency.com/news-industry/1407-57376-algeria-s-1-5bn-plastics-bet-stalls-as-petrofac-talks-drag-on,"2026 (Maghreb Emergent, post-Hormuz)",2026-10-04,STRONG SIGNAL,"CONFLICT: Maghreb Emergent says launched Sept 2024, completion 2027; Ecofin says works stopped, no restart date. Do not plan on local PP.",phase1_resin_entities.csv
Sonatrach / Rönesans - Ceyhan PDH-PP (Turkey),resin_producer,"petrochemicals (future, abroad)",PP (planned),n/a (Turkey),"Ceyhan, Adana",n/a,n/a,n/a,n/a,sonatrach.com,very large (planned),possible future Sonatrach-linked PP source,https://sonatrach.com/actualites/sonatrach-ronesans-holding-realisation-dun-complexe-petrochimique-en-turquie,n.d.,2026-10-04,WEAK SIGNAL,Status 2026 not found.,phase1_resin_entities.csv
El Kader Plast,recycler,PP/HDPE recycling + pallets,recycled PP and PEHD granules (70% of output sold to market); pallets/pallet boxes (30%),Mascara,Zone industrielle d'Oggaz,"recycling line 2,000 kg/h (40 t/day); injection of pallets",not found,not found,not found,not found,large for Algeria (described as largest PP/PEHD recycling plant),supplier: regrind/recycled granules; competitor in pallets,https://algerie-eco.com/2022/09/13/recyclage-du-plastique-une-grande-usine-ouvrira-avant-fin-septembre-a-mascara/,2022-09-13,2026-10-04,STRONG SIGNAL,Opening announced for Sept 2022; 2025-26 operating status not verified.,phase1_resin_entities.csv
FCB,recycler,plastic granulation,plastic granules; granulation service,Blida,Ouled Yaïch,granulation,not found,not found,not found,dz.kompass.com,unknown,"supplier: granules/regrind, possible toll granulation of own scrap",https://dz.kompass.com/a/poudres-et-granules-plastiques/20030/,n.d. (directory listing),2026-10-04,WEAK SIGNAL,Kompass 'poudres et granulés' snippet; virgin vs recycled not stated.,phase1_resin_entities.csv
STARPLAST,recycler,plastic granules,plastic granules (type not stated),unknown,unknown,granulation (implied),not found,not found,not found,dz.kompass.com,unknown,possible granule supplier,https://dz.kompass.com/a/poudres-et-granules-plastiques/20030/,n.d. (directory listing),2026-10-04,WEAK SIGNAL,Kompass snippet only; location unknown.,phase1_resin_entities.csv
Unnamed Algerian PET/PEHD/PP recyclers on EspaceAgro,recycler,recycled plastics trade,"PET broyé/balles/granulé; PVC broyé; PEHD granulé blanc/noir; PP granulé; PS, PA, ABS regrind",multiple,Alger and others,grinding/washing/granulation,export buyers,not found,EspaceAgro listings,espaceagro.com,"20 t/week to 1,000 t/month claimed",supplier pool for regrind,https://www.espaceagro.com/ads/recyclage-plastique/producteur/algerie/ | https://www.espaceagro.com/granule-pehd/exp-granule-pehd.html,n.d. (listings),2026-10-04,WEAK SIGNAL,"Aggregate row: names not visible (site blocked). One listing: industrial transparent PEHD broyé at 110,000 DA/t.",phase1_resin_entities.csv
RECYTECH SARL,other,tyre recycling,"rubber granules 0.8-8 mm, rubber powder, steel/textile fibre (NOT thermoplastic)",Bouira,El Hachimia,"tyre shredding 10,000 t/y",not found,not found,not found,recytech-dz.com,small-medium,not a resin source; possible TPE-filler/rubber granule supplier,https://recytech-dz.com/nos-produits/ | https://leprovincial.dz/recyclage-ecoresponsable-des-pneumatiques-sarl-recytech-lance-une-campagne-de-collecte/,n.d. (directory listing),2026-10-04,STRONG SIGNAL,Listed to avoid confusion with 'granulés' searches.,phase1_resin_entities.csv
Polytec Masterbatch LLC (UAE),masterbatch_producer,colour & additive masterbatch (foreign),"colour MB, additive MB (UV, etc.); ISO 9001/14001/45001",n/a (UAE),UAE,compounding,not found,not found,web form,polytecmb.com/masterbatch-in-algeria,medium,foreign MB supplier targeting Algeria,https://polytecmb.com/masterbatch-in-algeria,n.d.,2026-10-04,STRONG SIGNAL,Gulf origin: Hormuz-exposed in 2026. No Algerian agent seen.,phase1_resin_entities.csv
EuP Egypt,masterbatch_producer,masterbatch & fillers (foreign),"colour masterbatch, filler/additive masterbatch",n/a (Egypt),Egypt,compounding,not found,not found,web,eupegypt.com,large,foreign MB supplier claiming Algeria coverage,https://eupegypt.com/blog/masterbatch-manufacturer-in-north-africa/,n.d.,2026-10-04,WEAK SIGNAL,Marketing blog claim; GAFTA origin (possible 0% duty).,phase1_resin_entities.csv
UGPL Trading FZCO,other,polymer/chemical trading (UAE free zone),not confirmed (recruiting sales staff in Algeria),unknown,unknown,n/a,not found,not found,Emploitic job post,emploitic.com,unknown,Gulf trader active in Algerian market,https://emploitic.com/entreprises/ugpl-trading-fzco/offres-d-emploi/industries/commerciale-principale-2fbe2cbec9a0a7cb3b3570ca,n.d.,2026-10-04,WEAK SIGNAL,Carried from earlier notes.,phase1_resin_entities.csv
SARL PLASTEDJ,other,PE film converter (buyer of MB),agricultural stabilised film using Italian reference masterbatches; >15 t/day,Blida,"22, Zone Industrielle Ben Boulaid",film extrusion,not found,not found,not found,plastedj.dz,medium (>15 t/day; since 1990),evidence that UV/stabiliser MB is imported (Italy); peer buyer,https://www.plastedj.dz/,n.d.,2026-10-04,STRONG SIGNAL,Not a supplier; useful reference for where converters source UV MB.,phase1_resin_entities.csv
SNK Plastic (S.N.K Plastic),injection_molder,custom injection subcontracting; machine sales,customer-mold subcontract parts 1 g-2 kg; mold design/sourcing/maintenance; operator training; export-to-EU logistics,Alger,Rouiba,400 m2 workshop; several presses 50-650 t (own claim); sells injection machines + peripherals; partner EPSI for machine install,not published (French partner SNK Plastic France handles EU reception),unknown,+213 784 20 31 86; contact@snkplastic.com,snkplastic.com; snk-plastic.com,small-medium,manufacturer,https://snkplastic.com/,undated site; exhibited Plast Alger 2024,2026-10-03 (prior notes); not re-checked 2026-10-04 (search budget/proxy),STRONG SIGNAL,"Most direct competitor model for 'bring your own mold' technical parts. Also sells machines and trains operators, so it sees customers' molds/drawings. Machine brands not published.",phase1_supply_entities.csv
MIRAF Industrie (SARL),injection_molder,aluminium foundry + plastic injection + mold development,high-precision plastic parts small/medium/large series; technical aluminium parts; custom molds,Bordj Bou Arreridj,El Achir (directory),in-house mold development; injection; QC with traceability; tonnage not published,not published,unknown,+213 550 41 90 77; contact@miraf.dz,miraf.dz,small-medium,manufacturer,https://miraf.dz/,undated site,2026-10-03 (prior notes); not re-checked 2026-10-04 (search budget/proxy),STRONG SIGNAL,Molds + molding under one roof = high copying capability. An unnamed BBA employer advertised for 'régleurs machines injection plastique ou aluminium' (algeriejob) which matches MIRAF's dual activity but is NOT confirmed as MIRAF.,phase1_supply_entities.csv
Rampton,mold_maker,molds for plastic and aluminium injection; epoxy powder coating,industrial molds; epoxy powder,Alger,Rouiba,unknown,unknown,unknown,not found,pagesmaghreb listing only,micro-small,manufacturer,https://www.pagesmaghreb.com/entreprise/rampton-423740/alger-4/algerie,undated listing,2026-10-03 (prior notes); not re-checked 2026-10-04 (search budget/proxy),WEAK SIGNAL,Directory-only; whether it runs presses is unknown.,phase1_supply_entities.csv
Precision Industry (SARL),mold_maker,precision mechanics; molds; spare parts,"injection, blow, thermoforming molds; punches/dies; automotive and industrial spare parts; cables",Boumerdes,Ouled Moussa,CNC + conventional machining; EDM (own claim),not published,unknown,contact@precisionindustry-dz.com; +213 563 05 40 19; 0770 00 44 66 / 0770 00 44 88 (directory),precisionindustry-dz.com; elmouchir.caci.dz/entreprise/29379,small,manufacturer,https://precisionindustry-dz.com/,undated site,2026-10-03 (prior notes); not re-checked 2026-10-04 (search budget/proxy),STRONG SIGNAL,Two conflicting addresses in Ouled Moussa. Also makes automotive spare parts = reverse-engineering capability. No evidence of presses.,phase1_supply_entities.csv
Cumnewtec (Cum New Tec),mold_maker,precision machining (mold making unconfirmed),precision parts to ±0.01 mm from models/drawings,Setif,El Eulma (Z.I. B24),precision machining; EDM/molds unconfirmed,not published,unknown,contact@cumnewtec.com; +213 552 19 67 54; fax 036 47 98 38,cumnewtec.com,small,manufacturer,https://www.cumnewtec.com/contact/,undated site,2026-10-03 (prior notes); not re-checked 2026-10-04 (search budget/proxy),WEAK SIGNAL,Classified mold_maker provisionally; only 'usinage de précision' confirmed. Makes parts 'from models' = can copy samples.,phase1_supply_entities.csv
2M Expert Algeria,machine_distributor,plastics machinery + raw materials import,"Cosmos injection machines (F2 series, servo, two-platen, multi-material, PVC); mixers; thermoformers",Alger,"Oued Smar (ZI, voie CW118)",distributor only,not published,unknown,algerie@2m-expert.com; 023 93 02 98; 0550 65 00 75,2m-expert.com; elmouchir.caci.dz/entreprise/1348,small,distributor,https://2m-expert.com/,undated,2026-10-03 (prior notes); not re-checked 2026-10-04 (search budget/proxy),STRONG SIGNAL,Official Cosmos representative (own claim). Note: earlier machines note said 'no search result' for 2M Expert; the industry-map note found it - conflict resolved in favour of the snippet.,phase1_supply_entities.csv
AFC Industry Algérie (SARL),machine_distributor,"injection, die-casting, extrusion-blow, recycling machines; automation/packaging lines","Yizumi injection machines (UN160A5, YV-600, PAC-K series, UN5500D1L 5500 t); Tongda, Zahoransky, Genox, Jingye, BoReTech, Jurry",Alger,"Kouba (Cité ZHUN, Jolie Vue)","sales + after-sales; installation/commissioning (FB videos); Open House in Ghardaia (PAC380K3, 4.4 L bucket); Plast Alger 2024 booth A.B11 (60 L jerry-can caps on UN160A5; dustpans on YV-600)",shipped Yizumi's first 5500 t machine to an unnamed Algerian customer (pallets/large containers context),~27 (LinkedIn) / 11-50 (ZoomInfo),Ouedkniss store 8607; Facebook AFC.Industry.Algerie; LinkedIn,facebook.com/AFC.Industry.Algerie; ouedkniss.com/store/8607/afc-industry,small-medium,distributor,https://yizumi.com/en/news/product/IMM/yizumi-at-plast-alger-2024,2024-03-04 (Plast Alger); Ghardaia open house 1 July (year not in snippet); 5500 t shipment undated (recent),2026-10-04,VERIFIED,Only confirmed OEM-agent with local service. Its customer list = map of who is buying new Chinese presses; ask AFC for references. Yizumi pages blocked; facts from Yizumi official-page snippets.,phase1_supply_entities.csv
ENPC Group - SIPLAST Spa,injection_molder,state plastics/rubber group; injection + blow molding; mold unit,"household items, injected packaging, agricultural crates; injection molds (6-week lead time); automotive plastic parts with Sigit (Italy) for Stellantis",Setif,Zone industrielle BP 23,injection + blow; in-house mold production; ISO 9001:2015,Stellantis Fiat El Djazair via Sigit partnership,unknown (large),via enpc-dz.com,enpc-dz.com/siplast; elmouchir.caci.dz/entreprise/3799; parent Holding ACS (holdingacs.dz/filiale/enpc-2),large,manufacturer,https://elmouchir.caci.dz/entreprise/3799/siplast-societe-dinjection-et-de-soufflage-plastique,undated directory,2026-10-03 (prior notes); snippet re-seen 2026-10-04,VERIFIED,"State-owned, now under Holding ACS (same holding as GPI). Hires on Emploitic (Sétif). Molds + molding + automotive link = strong competitor for auto Tier-2 parts.",phase1_supply_entities.csv
ALMOULES Spa (ENPC) / AL-MOULES - Société Algérienne des Moules & Outillages,mold_maker,precision mechanics; injection and injection-blow molds; spare parts,"injection molds, injection-blow molds, industrial mechanical parts",Setif,Sétif (ENPC pole),CAD office + CNC; ISO 9001:2015,ENPC group,unknown,via enpc-dz.com,enpc-dz.com/almoules; Kompass DZ,medium,manufacturer,http://www.enpc-dz.com/almoules/,undated,2026-10-03 (prior notes); snippet re-seen 2026-10-04,STRONG SIGNAL,Probably one entity (ENPC subsidiary) listed twice under two names; not confirmed. Merged here.,phase1_supply_entities.csv
Design Etude Réalisation de Moules & Outillage,mold_maker,molds and models for rubber and plastics,molds,Setif,"Cité 18, Sétif",unknown,unknown,unknown,not found,dz.kompass.com/c/.../dz230581,micro-small,manufacturer,https://dz.kompass.com/c/design-etude-realisation-de-moules-outillage-setif-algerie/dz230581/,undated listing,2026-10-03 (prior notes); snippet re-seen 2026-10-04,WEAK SIGNAL,Listing only.,phase1_supply_entities.csv
CFM Engineering,mold_maker,"molds for injection, blow, extrusion-blow, thermoforming",molds,Setif,El Eulma,unknown,unknown,unknown,via website,cfm-engineering.com,small,manufacturer,https://cfm-engineering.com/,undated,2026-10-03 (prior notes); not re-checked 2026-10-04 (search budget/proxy),STRONG SIGNAL,El Eulma mold cluster.,phase1_supply_entities.csv
SOLOPLAST,blow_molder,"bottles (blow, injection-blow)",bottles,Setif,El Eulma,blow / injection-blow,unknown,unknown,not found,Kompass Sétif (snippet),unknown,manufacturer,https://dz.kompass.com/a/moules-pour-moulage-par-injection-soufflage-de-plastiques/6566037/,undated,2026-10-03 (prior notes); not re-checked 2026-10-04 (search budget/proxy),WEAK SIGNAL,Not a technical-parts competitor.,phase1_supply_entities.csv
MAPROGAZ,extruder,PEHD gas pipes,pipes,Setif,El Eulma,extrusion,unknown,unknown,not found,Kompass Sétif (snippet),unknown,manufacturer,https://dz.kompass.com/a/extrusion-des-thermoplastiques/6577054/,undated,2026-10-03 (prior notes); not re-checked 2026-10-04 (search budget/proxy),WEAK SIGNAL,"Pipe cluster; potential customer for injected fittings/caps, not competitor.",phase1_supply_entities.csv
K-Plast group (K-Plast Tube),extruder,PEHD pipes and cables,"pipes, cables",Setif,Sétif,extrusion,"Sonelgaz/water networks (inferred, not sourced)",large (group),groupekplast.com contact page,groupekplast.com,large,manufacturer,https://www.groupekplast.com/contact-groupe.html,undated,2026-10-03 (prior notes); not re-checked 2026-10-04 (search budget/proxy),STRONG SIGNAL,Cited with STPM as dominant private plastics operator (Algerie360).,phase1_supply_entities.csv
I.M.A Industry (K-Plast subsidiary),injection_molder,gas-network technical equipment,gas regulators and injected technical parts,Setif,Sétif,plastic injection (captive),K-Plast group,unknown,via K-Plast,k-plast.netlify.app/filiales,small-medium,manufacturer,https://k-plast.netlify.app/filiales,undated,2026-10-03 (prior notes); not re-checked 2026-10-04 (search budget/proxy),WEAK SIGNAL,"Technical injection, mostly captive; third-party work unknown.",phase1_supply_entities.csv
Condor Electronics,injection_molder,appliances/electronics with captive injection + polystyrene,appliance plastic parts (captive),Bordj Bou Arreridj,ZI Bordj Bou Arreridj,captive injection unit; tonnage/brand unknown,own brands; exports to 18 markets (Algérie Eco 14 Jul 2026),large,corporate,condor.dz,large,manufacturer,https://www.arounddeal.com/c/condor-algrie/r8ttwolztc,"2026-07-14 (export article, prior notes); undated directory",2026-10-03 (prior notes); snippet re-seen 2026-10-04,STRONG SIGNAL,"Captive. A headline 'Condor Electronics annonce sa faillite en Algérie' (africanmanager.com, undated, page blocked) conflicts with 2026 export news; probably refers to earlier crisis - UNVERIFIED. Absorbs local régleurs/technicians in BBA.",phase1_supply_entities.csv
Maghreb Plastique,other,plastics transformation,unknown,Bordj Bou Arreridj,Bordj Bou Arreridj,unknown,unknown,unknown,not found,pagesjaunes-dz listing,unknown,manufacturer,https://pagesjaunes-dz.com/Companies/detail/3dc29711456f1a732b010293d2700516/maghreb-plastique,undated,2026-10-03 (prior notes); not re-checked 2026-10-04 (search budget/proxy),WEAK SIGNAL,Process unknown.,phase1_supply_entities.csv
ZEROUNI MOLDS / Ets Zerouni El Hadj,mold_maker,molds and tooling since 1997,"injection molds (plastic, aluminium, zamak), blow molds, progressive/stamping tools; heat treatment",Alger,Tassala El Merdja (Rue Sidi Abbad),CNC milling/turning; EDM; heat treatment,not published,unknown,+213 551 67 91 45,zerouni-molds.com (DNS failed 2026-10-03); LinkedIn founder 'mouliste',small,manufacturer,https://pagesjaunes-dz.com/Companies/detail/d2e111b6fba231358db24c7121df7087/ets-zerouni,undated,2026-10-03 (prior notes); not re-checked 2026-10-04 (search budget/proxy),STRONG SIGNAL,Candidate local mold-repair partner; website may be down.,phase1_supply_entities.csv
FMPI (Fabrication de Moules et Pièces Industrielles SARL),mold_maker,CNC molds and industrial parts; equipment/software; training,"injection molds, PET blow molds, PEHD extrusion-blow molds, custom parts",Boumerdes,Khemis El Khechna (site) / Kouba (registered office),CNC fleet (own claim),not published,unknown,+213 559 268 303; info@fmpi-dz.com,fmpi-dz.com; elmouchir.caci.dz/entreprise/8887,small,manufacturer,https://www.fmpi-dz.com/solutions-moules-pieces/,undated,2026-10-03 (prior notes); not re-checked 2026-10-04 (search budget/proxy),STRONG SIGNAL,Also sells equipment/software - partial automation/tooling supplier role.,phase1_supply_entities.csv
Sarl DRACO,other,unknown (hires 'technicien mouliste'),unknown,unknown,unknown,has mold technician role,unknown,unknown,Emploitic company page,emploitic.com/entreprises/sarl-draco,unknown,manufacturer,https://emploitic.com/entreprises/sarl-draco/offres-d-emploi/industries/technicien-mouliste-2bcf84e5bc8112fe4415b27e,undated ad,2026-10-03 (prior notes); snippet re-seen 2026-10-04,WEAK SIGNAL,Job ad re-surfaced in 2026-10-04 search; location/activity still unknown.,phase1_supply_entities.csv
FÖRPAK Algeria,injection_molder,packaging (inferred from name),unknown,unknown,unknown,hires injection-molding maintenance staff (snippet),unknown,unknown,not found,not found,unknown,manufacturer,"(search extract, no stable URL)",undated,2026-10-03 (prior notes); not re-checked 2026-10-04 (search budget/proxy),WEAK SIGNAL,Single snippet only.,phase1_supply_entities.csv
Eurl Haitian Algeria Service,machine_technician,Haitian machine service (apparent),service for Haitian presses,unknown,unknown,injection technician employee profile,unknown,unknown,not found,LinkedIn employee profile context,micro-small,service,https://tn.linkedin.com/in/lahmadi-kamel,undated profile,2026-10-03 (prior notes); snippet re-seen 2026-10-04,WEAK SIGNAL,Profile repeatedly surfaces for Algerian injection queries; no official Haitian agent in Algeria confirmed. Do not state Haitian has an agent.,phase1_supply_entities.csv
EURL G.T.P.P Ghozlani,injection_molder,injection subcontracting (Ouedkniss),unknown,unknown,unknown,unknown,unknown,unknown,Ouedkniss,Ouedkniss (blocked),micro,service,https://www.ouedkniss.com/moules-injection-plastique_services_industrie-fabrication-r?lang=fr,undated,2026-10-03 (prior notes); not re-checked 2026-10-04 (search budget/proxy),UNKNOWN,Seen once in a sous-traitance snippet.,phase1_supply_entities.csv
Groupe Chiali (STPM Chiali),extruder,"PEHD/PVC pipes, PVC profiles, injected fittings","pipes, fittings, profiles",Sidi Bel Abbes,Sidi Bel Abbès (+ Sétif profiles),extrusion + fitting injection,utilities; export to Mauritania (Aug 2024),large,groupe-chiali.com,groupe-chiali.com; LinkedIn chiali-groupe,large,manufacturer,https://www.groupe-chiali.com/contacts,2024-08 (export news),2026-10-03 (prior notes); not re-checked 2026-10-04 (search budget/proxy),VERIFIED,Only big western-cluster name; fittings injection is captive.,phase1_supply_entities.csv
Hidhab Plast,injection_molder,household injection,plastic chairs,unknown,unknown,injection (large molds),retail,unknown,via website,hidhab-plast.com,unknown,manufacturer,https://hidhab-plast.com/produits/chaises,undated,2026-10-03 (prior notes); not re-checked 2026-10-04 (search budget/proxy),WEAK SIGNAL,Commodity household; not a technical-parts threat.,phase1_supply_entities.csv
General Plastic Injection (GPI) - Holding ACS,injection_molder,state automotive plastic parts,automotive plastic components (bumpers/trim etc.),Tissemsilt,"Sidi Mansour ZI, Khemisti","107,000 m2 site; 251,000 parts/yr (as published); 30,000 t/yr plastic (PM office); molds to be on site before end-2026",licensed carmakers (import ban on locally makeable plastic parts from 1 Jan 2027),unknown (large),Holding ACS,algerie-eco.com tag general-plastic-injection,large,manufacturer,https://algerie-eco.com/2026/09/24/industrie-automobile-une-usine-de-production-de-composants-plastiques-inauguree-a-tissemsilt/,2026-09-24,2026-10-03 (prior notes); not re-checked 2026-10-04 (search budget/proxy),VERIFIED,Built on confiscated PAC assets. Will pull skilled régleurs/mold technicians nationally. Possible Tier-2 buyer.,phase1_supply_entities.csv
CDTA (Centre de Développement des Technologies Avancées),other,"public R&D: prototyping, 3D printing, reverse engineering","rapid prototypes, Stratoconception, reverse engineering, training",Alger,Baba Hassen,additive manufacturing; reverse engineering,public/industry,unknown,cdta.dz contact,cdta.dz,medium,service,https://www.cdta.dz/en/?p=12201,undated,2026-10-03 (prior notes); not re-checked 2026-10-04 (search budget/proxy),VERIFIED,Useful for prototypes; note reverse-engineering capability exists publicly.,phase1_supply_entities.csv
GINIDEX Algérie,machine_distributor,industrial machine seller since 2011,turnkey plastic injection units; machines,unknown,unknown,sales of injection units,unknown,unknown,via website,ginidex.com,small,distributor,https://ginidex.com/2021/07/27/injection-plastique/,2021-07-27 (post),2026-10-04,STRONG SIGNAL,Brand(s) not identified.,phase1_supply_entities.csv
EURL Machinery DZ,machine_distributor,machinery for plastics industry,injection/plastics machines,Bejaia,Béjaïa,sales,unknown,unknown,via website,machinery-dz.com,small,distributor,http://www.machinery-dz.com/industrie-plastique/,undated,2026-10-03 (prior notes); not re-checked 2026-10-04 (search budget/proxy),WEAK SIGNAL,Only supply-side name found for Béjaïa.,phase1_supply_entities.csv
SGT Algérie SPA,injection_molder,PET preforms + HDPE caps (French group),preforms; 11 HDPE cap families; ~2 bn caps/yr (Sétif),Alger; Setif,Rouiba (since 2001); Sétif (2013 preforms; caps site May 2018),Rouiba: 16 PET preform presses; Sétif caps: 7 presses,beverage/water bottlers,unknown (large),novojob company page,novojob.com/entreprise/sgt-algerie-spa,large,manufacturer,https://petpla.net/assets/ebooks/PP201505/17/,2015-05 (PETpla) ; 2018 (Algerie360),2026-10-04,VERIFIED,Scale competitor in caps - avoid standard closures.,phase1_supply_entities.csv
Tap Chihani,injection_molder,plastic caps,caps/closures,unknown,unknown,injection,bottlers,unknown,not found,automa.net company page,unknown,manufacturer,https://automa.net/company/tap-chihani,undated,2026-10-03 (prior notes); not re-checked 2026-10-04 (search budget/proxy),WEAK SIGNAL,Location not captured.,phase1_supply_entities.csv
SAREL Industries,injection_molder,automotive plastic parts,cabin plastic components,Alger,Algiers,injection (auto Tier-1),Stellantis Fiat El Djazair (Dec 2024); formerly Renault Algérie,unknown,corporate,n/a,medium-large,manufacturer,https://algerie-eco.com/?p=78229,2024-12-09 (Stellantis partnership),2026-10-03 (prior notes); not re-checked 2026-10-04 (search budget/proxy),STRONG SIGNAL,Incumbent auto plastics supplier; Tier-2 opportunity or competitor.,phase1_supply_entities.csv
HAOUAS (Algerian brand),injection_molder,electrical installation boxes,waterproof junction boxes (80x80 at ~100 DA retail),unknown,unknown,injection (inferred),electrical distributors (sogedim.net),unknown,not found,brand on sogedim.net,unknown,manufacturer,https://sogedim.net/product/boite-etanche-electrique-80x80-mm/,undated retail listing,2026-10-03 (prior notes); not re-checked 2026-10-04 (search budget/proxy),WEAK SIGNAL,Shows local molders already compete in electrical boxes; maker identity unknown.,phase1_supply_entities.csv
Brandt Algérie (Cevital),injection_molder,appliances with in-house plastic parts,appliance plastic parts (captive),Setif,Sétif,captive injection; integration 70-80%,own products/exports,large,corporate,n/a,large,manufacturer,https://www.algerie-eco.com/2023/12/24/les-fabricants-delectromenagers-creent-une-veritable-base-industrielle-avec-des-matieres-premieres-locales/,2023-12-24,2026-10-03 (prior notes); not re-checked 2026-10-04 (search budget/proxy),STRONG SIGNAL,Captive; competes for skilled labour in Sétif.,phase1_supply_entities.csv
Iris (Sétif),injection_molder,appliances/electronics (captive plastics likely),appliance parts,Setif,Sétif,not confirmed,own products,large,corporate,n/a,large,manufacturer,https://www.algerie-eco.com/2023/12/24/les-fabricants-delectromenagers-creent-une-veritable-base-industrielle-avec-des-matieres-premieres-locales/,2023-12-24,2026-10-03 (prior notes); not re-checked 2026-10-04 (search budget/proxy),WEAK SIGNAL,In-house injection not confirmed in sources.,phase1_supply_entities.csv
MBS PLAST,injection_molder,medical-device plastic parts,"injection, marking and assembly of medical/pharma plastic parts",Setif,"Zone d'activité artisanale N29A, Section 322 Gr 45, Local 01-02, Sétif","ISO 8 (Class D) clean room; ISO 13485, ISO 15378, ISO 9001 (own claim)",pharma/medical (not named),unknown,Maghreb Pharma exhibitor page,maghrebpharma.com/en/exhibitors/mbs-plast-240861,small-medium,manufacturer,https://www.maghrebpharma.com/en/exhibitors/mbs-plast-240861,undated exhibitor page (seen 2026-10-04),2026-10-04,STRONG SIGNAL,NEW. Highest-quality-system technical molder found; dangerous competitor for precision/medical parts in the East.,phase1_supply_entities.csv
Smart Pack,injection_molder,packaging (injection/blow),packaging (not specified),Boumerdes,Ouled Moussa,injection + blow machines; recruits confirmed operator (3-5 yrs) CDI,unknown,unknown,Emploitic,emploitic.com/entreprises/smart-pack,small-medium,manufacturer,https://emploitic.com/entreprises/smart-pack/offres-d-emploi/industries/operateur-injection-plastique-confirme-d339fe36fd9d909709f9fc36,undated ad (seen 2026-10-03/04),2026-10-04,STRONG SIGNAL,NEW. Competes for operators in the Boumerdès cluster.,phase1_supply_entities.csv
Plastique 3000,injection_molder,injected plastic articles for various uses,injected articles,Boumerdes,"Zone d'activité n°02, Khemis El Khechna 35400",injection,unknown,unknown,El Mouchir listing,elmouchir.caci.dz/entreprise/4836/plastique-3000,unknown,manufacturer,https://elmouchir.caci.dz/entreprise/4836/plastique-3000,undated directory,2026-10-04,STRONG SIGNAL,NEW. Product focus unclear; could be general custom molder near Rouiba.,phase1_supply_entities.csv
BENAL Fabrication Plastique,injection_molder,PET preforms and bottles,"PET preforms, bottles, plastic packaging",Khenchela,"Zone industrielle, Khenchela",preform injection + blow,unknown,unknown,El Mouchir listing,elmouchir.caci.dz/entreprise/10381,unknown,manufacturer,https://www.elmouchir.caci.dz/entreprise/10381/benal-fabrication-plastique,undated directory,2026-10-04,STRONG SIGNAL,NEW. Packaging; Aurès region presence.,phase1_supply_entities.csv
Etoile Plastique,injection_molder,injected packaging and furniture,"injected packaging, drums, jerrycans, bottles/flasks, plastic furniture",Oran,"ZI n°2 Es Senia, 140 bis voie n°2",injection (+ likely blow for bottles),unknown,unknown,041 61 76 86; 0770 91 31 31; 0561 75 75 75; 0661 20 04 65; fax 041 61 76 96,elmouchir.caci.dz/entreprise/7660,small-medium,manufacturer,https://elmouchir.caci.dz/entreprise/7660,undated directory,2026-10-04,STRONG SIGNAL,NEW. Main documented Oran molder; commodity-oriented.,phase1_supply_entities.csv
Plast Windows Oran,other,PVC window hardware/components,plastic hardware,Oran,"Rue Bouziane Ahmed n°12 bis, cité Seddikia, Oran",unknown,unknown,unknown,El Mouchir listing,elmouchir.dz/entreprise/20380,micro-small,manufacturer,https://elmouchir.dz/entreprise/20380/plast-windows-oran,undated directory,2026-10-04,WEAK SIGNAL,Process unknown (likely fabrication/assembly).,phase1_supply_entities.csv
Thermoplast Atek (Sarl),injection_molder,thermoforming + IML injection + sheet extrusion,agri-food and industrial packaging; IML injection; PS/PP/PMMA/PET sheets; 6-colour offset print,Boumerdes,Bordj Menaiel,thermoforming; injection with IML; sheet extrusion,agri-food (unnamed),unknown,Kompass,dz.kompass.com (category 6577010),medium,manufacturer,https://dz.kompass.com/a/moulage-par-injection-des-plastiques-moulage-a-reaction-des/6577010/,undated directory,2026-10-04,STRONG SIGNAL,NEW. IML = robot/automation competence; packaging not technical parts.,phase1_supply_entities.csv
Master Mill Precision,mold_maker,mold design and fabrication; precision parts,"plastic injection molds; parts in alloy steel, stainless, copper, plastic for medical/pharma/food/thermoplastics",Alger,Kouba,"study, design and fabrication of injection molds (machining)",not named,unknown,Kompass product page,dz.kompass.com/p/moule-injection-plastique/e253e1c9-...,small,manufacturer,https://dz.kompass.com/p/moule-injection-plastique/e253e1c9-b640-4ed2-91be-b07972941873/,undated directory,2026-10-04,STRONG SIGNAL,NEW. Algiers mold-maker candidate.,phase1_supply_entities.csv
PTD - Plastique Transformation & Distribution (SPA),injection_molder,PET preforms and caps,"preforms, caps",Blida,Blida,preform + cap injection lines,bottlers,unknown,Emploitic (hiring finance manager),emploitic.com,large,manufacturer,https://petpla.net/assets/ebooks/PP201505/17/,2015-05 (PETpla: 2nd largest preform maker); Emploitic ad undated,2026-10-04,STRONG SIGNAL,NEW. Packaging scale player in Blida.,phase1_supply_entities.csv
Optimal Packaging Solutions,injection_molder,packaging (injection + thermoforming),packaging,Blida,Blida,injection and thermoforming machines (maintenance engineer ad),unknown,unknown,Emploitic,emploitic.com/entreprises/optimal-packaging-solutions,small-medium,manufacturer,https://emploitic.com/entreprises/optimal-packaging-solutions/offres-d-emploi/industries/ingenieur-en-maintenance-industrielle-8ddc2edd18711d954ea8fe6e,undated ad,2026-10-04,STRONG SIGNAL,NEW. Competes for maintenance engineers in Blida.,phase1_supply_entities.csv
HIGHPARTS-DIESEL INJECTION,mold_maker,Ouedkniss listing: plastic injection mold design/manufacture,molds (claimed),Alger,Dar El Beida,unknown,unknown,unknown,Ouedkniss,ouedkniss.com (blocked),micro,service,https://www.ouedkniss.com/moule-injection-plastique_services-r?lang=fr,undated listing,2026-10-04,WEAK SIGNAL,NEW. Name suggests diesel-injection parts business; listing category is plastic molds.,phase1_supply_entities.csv
EURL JET BLEU MACHINE,mold_maker,Ouedkniss listing: plastic injection mold services,molds/machining,Setif,Mezloug,unknown,unknown,unknown,Ouedkniss,ouedkniss.com (blocked),micro,service,https://www.ouedkniss.com/moules-injection-plastique_services_industrie-fabrication-r?lang=fr,undated listing,2026-10-04,WEAK SIGNAL,NEW. Sétif informal mold service.,phase1_supply_entities.csv
Plasticolor Group,machine_distributor,Chen Hsong distributor for Algeria,Chen Hsong injection machines,Alger,Algiers,sales (service capacity unknown),unknown,unknown,contact person listed on Chen Hsong service-network page,chenhsong.com/service-network (blocked),unknown,distributor,https://chenhsong.com/service-network/,undated network page,2026-10-04,STRONG SIGNAL,NEW. Second confirmed OEM-dealer route after AFC/Yizumi. Page blocked; from search snippet.,phase1_supply_entities.csv
KS Machines Industrielles,machine_distributor,injection machines of various tonnages (Ouedkniss),injection machines,unknown,unknown,sales,unknown,unknown,Ouedkniss,ouedkniss.com (blocked),micro-small,distributor,https://www.ouedkniss.com/s/?keywords=machine-injection-plastique&lang=fr,undated (Arabic search summary),2026-10-04,WEAK SIGNAL,NEW. Seen only in a search summary.,phase1_supply_entities.csv
SOUNEF KHELIF (SARL),other,plastic packaging,plastic packaging,Bordj Bou Arreridj,Bordj Bou Arreridj,process unknown,unknown,unknown,Kompass,dz.kompass.com,unknown,manufacturer,https://dz.kompass.com/a/emballages-en-plastique/20370/r/wilaya-bordj-bou-arreridj/dz_dz34/,undated directory,2026-10-04,WEAK SIGNAL,NEW. BBA packaging cluster.,phase1_supply_entities.csv
POLYAD (SARL),other,plastic packaging,plastic packaging,Bordj Bou Arreridj,Bordj Bou Arreridj,process unknown,unknown,unknown,Kompass,dz.kompass.com,unknown,manufacturer,https://dz.kompass.com/a/emballages-en-plastique/20370/r/wilaya-bordj-bou-arreridj/dz_dz34/,undated directory,2026-10-04,WEAK SIGNAL,NEW.,phase1_supply_entities.csv
KRIDOR POLYSTYRÈNE (SARL),other,polystyrene packaging,PS/EPS packaging (inferred from name),Bordj Bou Arreridj,Bordj Bou Arreridj,process unknown,appliance makers likely (inference),unknown,Kompass,dz.kompass.com,unknown,manufacturer,https://dz.kompass.com/a/emballages-en-plastique/20370/r/wilaya-bordj-bou-arreridj/dz_dz34/,undated directory,2026-10-04,WEAK SIGNAL,NEW.,phase1_supply_entities.csv
TDI PLAST,other,plastic packaging,plastic packaging,Bordj Bou Arreridj,Bordj Bou Arreridj,process unknown,unknown,unknown,Kompass,dz.kompass.com,unknown,manufacturer,https://dz.kompass.com/a/emballages-en-plastique/20370/r/wilaya-bordj-bou-arreridj/dz_dz34/,undated directory,2026-10-04,WEAK SIGNAL,NEW.,phase1_supply_entities.csv
CALPLAST (Calandrage Plastique),extruder,calendering since 1981,"school notebook covers, pencil cases, plastic films",Setif,"Zone industrielle BP 419, Sétif",calendering,schools/stationery,unknown,El Mouchir,elmouchir.caci.dz/ar/entreprise/3764,small-medium,manufacturer,https://elmouchir.caci.dz/ar/entreprise/3764/calplast-calandrage-plastique,undated directory,2026-10-04,STRONG SIGNAL,NEW. Not an injection competitor.,phase1_supply_entities.csv
Mansouri Plast,extruder,PVC pipes,"PVC pipes 32-400 mm; 1,500+ t/yr; 35 yrs (own claim)",Setif,El Eulma,extrusion,utilities/construction,unknown,website,mansouriplast.com,medium,manufacturer,https://mansouriplast.com/?ver=ar,undated site,2026-10-04,STRONG SIGNAL,NEW. El Eulma pipe cluster; buyer of fittings/caps.,phase1_supply_entities.csv
Sétif Tube,extruder,pipes,standard and non-standard pipes,Setif,Sétif,extrusion,unknown,unknown,website,setiftube.com,unknown,manufacturer,https://setiftube.com/about?ver=ar,undated site,2026-10-04,STRONG SIGNAL,NEW.,phase1_supply_entities.csv
SKARLATOS,extruder,pipes and fittings since 2003,"pipes, fittings",Setif,Sétif,extrusion + fittings,unknown,unknown,not found,(Arabic search summary),unknown,manufacturer,https://www.raheba.com/2023/07/plastic-factories-algeria.html,2023-07 (article),2026-10-04,WEAK SIGNAL,NEW. From a listicle snippet; page blocked.,phase1_supply_entities.csv
Badi Nasser Eddine,other,plastics/chemistry/rubber/glass sector,unknown,Constantine,"Lot 90, 4e km route de Batna, Constantine",unknown,unknown,unknown,El Mouchir,elmouchir.caci.dz/entreprise/27123,unknown,manufacturer,https://elmouchir.caci.dz/entreprise/27123/badi-nasser-eddine,undated directory,2026-10-04,UNKNOWN,NEW. Only Constantine plastics-sector name surfaced; activity unknown.,phase1_supply_entities.csv
ENGEL Austria (no confirmed Algerian agent),machine_distributor,premium injection machines (foreign OEM),Engel presses,Alger (exhibitor),SAFEX (Plast Alger 2025),OEM; Algeria listed among Engel service countries,unknown,n/a,via ADVANTAGE AUSTRIA Alger (Hydra),engelglobal.com,large (foreign),importer,https://www.advantageaustria.org/dz/news/Messe_Plast_Alger_2025.fr.html,2025-02 (Plast Alger 2025),2026-10-04,STRONG SIGNAL,"NEW. Presence at fair; no local dealer found. Arburg, Borche, LK, Tederic: no Algerian agent found.",phase1_supply_entities.csv
BASTP (Bourse Algérienne de Sous-traitance et de Partenariat),other,subcontracting exchange (since 1992),250-300 members incl. plastics; co-organises ALGEST (23-25 Nov 2026),Alger,Algiers,n/a,n/a,n/a,algest.dz,algest.dz,n/a,service,https://algerie-eco.com/?p=15382,undated; ALGEST 2026-11-23,2026-10-03 (prior notes); not re-checked 2026-10-04 (search budget/proxy),VERIFIED,Node for finding subcontract molders; regional BSTPO in the West.,phase1_supply_entities.csv
SARL Union B et CH Plastique (brand ISS),other,micro-irrigation systems with local production,drip systems/fittings,unknown,unknown,process unknown (likely extrusion + injected fittings),farm input dealers,unknown,agro-iss.com contact,agro-iss.com,unknown,manufacturer,https://agro-iss.com/contact/,undated,2026-10-03 (prior notes); not re-checked 2026-10-04 (search budget/proxy),WEAK SIGNAL,Possible competitor/customer for irrigation fittings.,phase1_supply_entities.csv
