product_id,product,family,sector,machine_fit,material,part_weight_g,cavities,cycle_s,mold_cost_usd,price_dzd,price_basis,annual_volume_pcs,volume_basis,clamp_t,shot_g,min_press_t,evidence_strength,pain_summary,known_buyers,s_demand,s_shortage,s_import_dep,s_local_comp,s_cust_conc,s_recurring,s_margin,s_switching,s_custom_b2b,s_mold_afford,s_machine_compat,s_resin_avail,s_tech,s_regulatory,s_quality_risk,s_copy_risk,s_payment_risk,s_wc,s_speed,s_sku_family,s_utilization,hard_kill,kill_reason,researcher_verdict,next_validation_action
CL-001,"Flip-top (hinged) dispensing cap 24/410, PP, stock design, smooth or ribbed",dispensing closure,"personal care (shampoo 100-400 ml, shower gel, lotion, hair oil)",Fits 120T confidently,PP homopolymer/random copo (hinge grade),3.2,12,15.0,12000,3.86,ASSUMPTION,400000,ASSUMPTION,44.0,48.0,100,1,"no_local_supplier (WEAK SIGNAL): Founder reports an Algerian shampoo maker could not find a local producer for a cap (anecdote, unverified, type/neck unknown). Desk search (Phase 1 + ~37 Phase 2 queries FR/AR/EN incl. Ouedkniss/Fa...","Founder's shampoo-maker contact (name not given to researcher); small brands e.g. Farfasha, Volume cosmétique; contract fillers Dermal, Sabrinel, Groupe ECI, White Industry (WEAK); Labonedjma (600+ SKUs)",6,5,7,5,8,9,6,7,3,6,10,7,4,9,4,2,6,5,6,7,3,,,INVESTIGATE (leaning GO),"Call SIPEM + 3 Ouedkniss/Facebook traders for DZD price/1,000 and MOQ of 24/410 flip-top; ask shampoo maker for neck & volume"
CL-002,"Flip-top (hinged) dispensing cap 28/410, PP, stock design",dispensing closure,"personal care & home care (shampoo 400 ml-1 L, dish liquid, liquid soap)",Fits 120T confidently,PP,4.3,12,16.0,14000,4.82,ASSUMPTION,400000,ASSUMPTION,55.1,64.5,120,1,"no_local_supplier (WEAK SIGNAL): Founder reports an Algerian shampoo maker could not find a local producer for a cap (anecdote, unverified, type/neck unknown). Desk search (Phase 1 + ~37 Phase 2 queries FR/AR/EN incl. Ouedkniss/Fa...","Founder's shampoo-maker contact (name not given to researcher); small brands e.g. Farfasha, Volume cosmétique; contract fillers Dermal, Sabrinel, Groupe ECI, White Industry (WEAK); Labonedjma (600+ SKUs); Univers Détergent (Aigle), ENAD/Shymeca, Venus (may self-supply)",6,5,7,5,7,9,6,7,3,4,10,8,4,9,4,2,6,5,6,7,3,,,INVESTIGATE (leaning GO),"Call SIPEM + 3 Ouedkniss/Facebook traders for DZD price/1,000 and MOQ of 24/410 flip-top; ask shampoo maker for neck & volume; confirm whether local EBM blowers (PAP Plast, HM Plast, Soloplast) blow 28/410 necks"
CL-003,"Colour-matched short-run flip-top service (24/410 & 28/410 from own stock molds, 5-10k pcs per colour)",dispensing closure (service model),"personal care startups, private label",Fits 120T confidently,PP + masterbatch,4.3,12,16.0,0,4.82,ASSUMPTION,150000,ASSUMPTION,55.1,64.5,120,1,"colour_unavailable (ASSUMPTION): No direct evidence of colour pain found. Inferred: ~250 Algerian exhibitors at Cosmetica 2026 and 2,383 soap/toilet-prep firms in D&B -> many SKUs in small lots.",Small brands & contract fillers (see CL-001); founder's shampoo maker if colour was the issue,5,4,7,5,8,9,4,8,6,7,10,8,4,9,6,5,6,4,6,8,2,,,INVESTIGATE (leaning GO),Ask shampoo maker and 5 small brands: would you pay +30-50% vs China for 5k MOQ colour-matched in 10 days?
CL-004,"Custom-shape flip-top (oval/brand-specific) for a specific bottle, mold funded by brand",dispensing closure (custom),shampoo / gel brands with own bottle design,Fits 120T confidently,PP,5.5,8,16.0,10000,9.08,ASSUMPTION,100000,ASSUMPTION,39.2,55.0,80,1,"custom_dimensions (WEAK SIGNAL): Founder reports an Algerian shampoo maker could not find a local producer for a cap (anecdote, unverified, type/neck unknown). Desk search (Phase 1 + ~37 Phase 2 queries FR/AR/EN incl. Ouedkniss/Fa...","Founder's shampoo maker (most likely profile); Venus (Ouled Yaich), Labonedjma (Larbaâ) - UNVERIFIED need",4,5,6,5,3,8,5,3,9,8,10,8,4,9,3,8,6,6,4,2,2,,,INVESTIGATE,Ask the shampoo maker for the bottle drawing/sample and whether they would co-fund a mold
CL-005,"Disc-top (press-to-open) cap 24/410, PP, 2-piece (body + disc)",dispensing closure,"personal care (lotion, gel, shampoo)",Fits 120T confidently,PP,3.0,12,16.0,15000,6.75,ASSUMPTION,200000,ASSUMPTION,44.0,45.0,100,1,no_local_supplier (WEAK SIGNAL): No Algerian maker found in any search; no direct buyer complaint found.,"Founder's shampoo-maker contact (name not given to researcher); small brands e.g. Farfasha, Volume cosmétique; contract fillers Dermal, Sabrinel, Groupe ECI, White Industry (WEAK); Labonedjma (600+ SKUs)",5,5,7,5,8,9,6,7,3,4,10,8,4,9,4,2,6,5,5,7,2,,,INVESTIGATE (after flip-top),Ask traders which share of their cap sales are disc-top vs flip-top
CL-006,"Disc-top cap 28/410, PP, 2-piece",dispensing closure,shampoo / shower gel 500 ml-1 L,Fits 120T confidently,PP,4.0,12,16.0,16000,6.75,ASSUMPTION,200000,ASSUMPTION,55.1,60.0,120,1,no_local_supplier (WEAK SIGNAL): Search absence only.,"Founder's shampoo-maker contact (name not given to researcher); small brands e.g. Farfasha, Volume cosmétique; contract fillers Dermal, Sabrinel, Groupe ECI, White Industry (WEAK); Labonedjma (600+ SKUs)",5,5,7,5,8,9,6,7,3,3,10,8,4,9,4,2,6,5,5,7,2,,,INVESTIGATE (after flip-top),Ask traders which share of their cap sales are disc-top vs flip-top
CL-007,"Plain screw cap 24/410 (smooth/ribbed), PP",screw closure,"cosmetics, hair oil, parapharmacy",Fits 120T confidently,PP,2.5,16,12.0,8000,2.89,ASSUMPTION,300000,ASSUMPTION,58.6,50.0,100,1,none_found (UNKNOWN): None found.,"Founder's shampoo-maker contact (name not given to researcher); small brands e.g. Farfasha, Volume cosmétique; contract fillers Dermal, Sabrinel, Groupe ECI, White Industry (WEAK); Labonedjma (600+ SKUs)",6,2,4,3,8,9,6,8,3,7,10,8,8,9,7,2,6,7,7,6,2,,,RANGE FILLER ONLY,"Get one local DZD price/1,000 from SIPEM or a trader"
CL-008,"Plain screw cap 28/410 & 28/400, PP/HDPE (detergent, bleach, liquid soap bottles)",screw closure,home care,Fits 120T confidently,PP or HDPE,3.5,16,13.0,9000,3.86,ASSUMPTION,300000,ASSUMPTION,73.5,70.0,120,1,none_found (UNKNOWN): None found.,"Univers Détergent (Aigle/Top), ENAD/Shymeca, SM2I, small detergent fillers",6,2,4,3,5,9,6,8,5,7,10,8,8,9,7,2,6,5,7,5,2,,,RANGE FILLER ONLY,Ask 3 blowers which necks they blow and who supplies caps
CL-009,"Push-pull dispensing cap 28 mm (dish liquid, liquid soap)",dispensing closure,home care,Fits 120T confidently,PP body + LDPE spout,3.5,12,15.0,14000,5.79,ASSUMPTION,150000,ASSUMPTION,55.1,52.5,120,1,none_found (UNKNOWN): None found.,"Amir Clean owner (UNKNOWN), Univers Détergent, Henkel (Pril) - global contract likely, small dish-liquid fillers",4,4,6,5,5,9,6,5,3,4,10,8,5,9,6,2,6,5,5,6,2,,,INVESTIGATE (low),Shelf check: which closure Algerian dish-liquids use (photo 10 SKUs at a supermarket)
CL-010,Measuring/dosing cap for liquid laundry detergent (Ø ~60 mm cup),dosing closure,home care (liquid laundry 1-3 L),Fits 120T confidently,PP,15.0,4,18.0,10000,11.57,ASSUMPTION,100000,ASSUMPTION,75.0,72.0,120,1,none_found (UNKNOWN): None found.,Henkel Réghaïa (Isis/Le Chat liquids) - global contract likely; Hayat DHC (Bingo/Test) - UNVERIFIED liquids; 'Life' brand owner (UNKNOWN); Univers Détergent; ENAD,4,4,5,5,3,9,4,4,7,6,10,8,6,9,6,5,7,5,3,3,3,,,INVESTIGATE,Shelf check of Algerian liquid laundry packs (is cap imported/local? neck size); ask Hayat/UD purchasing
CL-011,"Tamper-evident screw cap 38 mm, HDPE (bleach/javel, detergent 1-5 L jerrycans)",TE closure,"home care, lubricants, food oil",Fits 120T confidently,HDPE,4.5,8,14.0,10000,5.79,ASSUMPTION,200000,ASSUMPTION,69.1,45.0,120,1,none_found (UNKNOWN): None found.,"ENAD/Shymeca (bleach), Univers Détergent, small javel fillers, lube blenders",5,2,3,3,5,9,6,5,5,6,10,8,6,9,6,2,6,5,6,4,2,,,INVESTIGATE (low),Ask blowers which jerrycan neck finishes they use and who caps them. [Press note: cavities raised 8->9 to reach 45 g min shot on 120 t]
CL-012,"Jerrycan TE cap 50-60 mm, HDPE (5-20 L detergent, lubricant, chemicals)",TE closure,home care / industrial,Fits 120T confidently,HDPE,10.0,4,18.0,9000,21.21,ASSUMPTION,60000,ASSUMPTION,77.5,50.0,120,1,none_found (UNKNOWN): None found.,"Detergent & lubricant fillers (Naftal drum plant context), ENAD; UNKNOWN specific",4,4,5,5,5,9,9,5,7,7,10,8,6,9,6,2,6,5,5,4,2,,,INVESTIGATE (low),Ask PAP Plast (lubricant/detergent jerrycans) where caps come from
CL-013,"Orifice reducer / pour-spout plug insert (LDPE) for 18-28 mm necks (oils, serums, detergent)",insert,"cosmetics oils, parapharmacy, home care",Borderline 120T,LDPE,1.0,16,10.0,8000,4.95,ASSUMPTION,300000,ASSUMPTION,52.7,20.8,80,1,none_found (UNKNOWN): None found.,"Founder's shampoo-maker contact (name not given to researcher); small brands e.g. Farfasha, Volume cosmétique; contract fillers Dermal, Sabrinel, Groupe ECI, White Industry (WEAK); Labonedjma (600+ SKUs)",4,4,5,3,8,9,7,8,6,7,6,8,8,9,7,2,6,8,6,5,2,,,PARK,"Ask SIPEM for its list and DZD per 1,000 of orifice reducers by neck size. [Press note: shot 20 g PP-eq below 30 g min on 80 t: small screw or more cavities (clamp-limited)]"
CL-014,"Cosmetic jar screw lid Ø58-70 mm, PP (50-100 ml cream jars)",jar lid,"skin care, hair cream",Fits 120T confidently,PP,7.0,6,16.0,9000,0.0,UNKNOWN,100000,ASSUMPTION,85.0,50.4,120,1,none_found (UNKNOWN): None found (jars not researched in Phase 1).,"Cream/hair-cream makers (Venus, Labonedjma, small brands) - UNVERIFIED",4,4,6,5,8,8,5,5,5,7,10,8,4,9,6,5,6,5,6,5,2,,,INVESTIGATE (later),Shelf check: origin of jars on Algerian creams. [No price found anywhere: get a DZD price first]
CL-015,Cosmetic jar body 50 ml PP (single wall) sold with CL-014 lid,jar,skin care,Fits 120T confidently,PP,12.0,4,22.0,9000,0.0,UNKNOWN,80000,ASSUMPTION,46.9,57.6,80,1,none_found (UNKNOWN): None found.,As CL-014,4,4,6,5,8,8,5,5,5,7,10,8,6,9,6,5,6,5,6,5,3,,,INVESTIGATE (later),Shelf check: origin of jars on Algerian creams. [No price found anywhere: get a DZD price first]
CL-016,"Hair-gel / hair-mask tub 250-500 ml with lid (PP, body + lid)",jar,hair care,Fits 120T confidently,PP,28.0,2,20.0,12000,0.0,UNKNOWN,50000,ASSUMPTION,52.7,64.4,120,0,none_found (UNKNOWN): None found.,Hair-gel/hair-mask makers - UNKNOWN names,4,4,6,5,8,8,5,5,5,6,10,8,6,9,6,5,6,5,6,5,3,,,INVESTIGATE (later),Shelf check of Algerian hair-gel tubs. [No price found anywhere: get a DZD price first]
CL-017,"Clear protective overcap for lotion pumps / triggers / spray heads (PP or PS, Ø35-45 mm)",overcap,cosmetics,Borderline 120T,PP clarified or PS,3.5,8,12.0,7000,13.75,ASSUMPTION,100000,ASSUMPTION,62.6,35.0,80,0,none_found (UNKNOWN): None found.,Users of imported pumps (most cosmetic fillers),3,4,6,5,8,8,7,8,5,9,6,7,8,9,7,2,6,8,5,3,2,,,PARK,Photograph overcaps on 10 pump-packed cosmetics during the closures shelf audit and note origin
CL-018,"Twist-open / turret nozzle cap 24/410 (hair oil, gel), PP 2-piece",dispensing closure,hair care,Fits 120T confidently,PP,2.6,16,14.0,14000,0.0,UNKNOWN,100000,ASSUMPTION,58.6,52.0,120,1,none_found (UNKNOWN): None found.,"Founder's shampoo-maker contact (name not given to researcher); small brands e.g. Farfasha, Volume cosmétique; contract fillers Dermal, Sabrinel, Groupe ECI, White Industry (WEAK); Labonedjma (600+ SKUs)",4,4,6,5,8,9,5,8,3,4,10,8,5,9,6,2,6,5,5,6,1,,,PARK,"Ask PAFIX and E.C.A Birtouta whether 24/410 turret caps sell and their DZD per 1,000. [No price found anywhere: get a DZD price first]"
CL-019,Applicator nozzle cap for hair-dye / henna / colour bottles (LDPE nozzle + PP overcap),dispensing closure,hair colour,Fits 120T confidently,LDPE + PP,2.5,16,14.0,12000,0.0,UNKNOWN,100000,ASSUMPTION,52.7,50.0,120,0,none_found (UNKNOWN): None found.,Hair-colour/henna producers - UNKNOWN names,3,4,6,5,5,8,5,5,5,6,10,8,6,9,6,5,6,8,5,3,1,,,PARK,Identify Algerian hair-colour fillers. [No price found anywhere: get a DZD price first]
CL-020,"Roll-on deodorant cap + ball housing (PP cap Ø38, LDPE housing; ball bought in)",dispensing closure,deodorant,Fits 120T confidently,PP + LDPE,6.0,8,16.0,15000,0.0,UNKNOWN,80000,ASSUMPTION,56.1,60.0,120,1,none_found (UNKNOWN): None found.,"Dermal Group (deodorants, WEAK), other deodorant fillers UNKNOWN",3,4,6,5,5,8,5,3,5,4,10,8,3,9,3,5,6,5,5,3,2,,,PARK,"Ask Dermal Group whether roll-on caps/ball housings are imported, from whom, and annual volume. [No price found anywhere: get a DZD price first]"
CL-021,Flip-top / screw cap for cosmetic squeeze tubes (Ø30-40 mm tubes),tube closure,"creams, toothpaste, hair",Fits 120T confidently,PP,3.2,12,15.0,12000,9.08,ASSUMPTION,200000,ASSUMPTION,46.2,48.0,100,1,none_found (UNKNOWN): None found.,"Local tube makers (UNKNOWN), Unilever Oran (toothpaste - global contract likely)",4,4,6,5,3,9,7,5,3,6,10,8,4,9,4,2,6,5,5,6,2,,,PARK,Identify Algerian tube makers
CL-022,"Wet-wipe resealable flip lid (PP, hinged, ~75x55 mm)",dispensing lid,hygiene (wipes),Borderline 120T,PP,6.0,4,14.0,12000,0.0,UNKNOWN,100000,ASSUMPTION,102.6,31.2,160,1,none_found (UNKNOWN): None found.,"Hayat DHC (Molfix; wipes production UNVERIFIED), other wipes converters UNKNOWN",3,4,6,5,3,8,5,5,5,6,6,8,4,9,4,2,6,5,5,3,0,,,PARK,Ask Hayat purchasing if wipes lids are imported. [Press note: shot 31 g PP-eq below 60 g min on 160 t: small screw or more cavities (clamp-limited)]. [No price found anywhere: get a DZD price first]
CL-023,Lotion / soap dispensing pump 24/410 & 28/410,pump,personal care,Other process,PP/PE + steel spring + glass/steel ball + gaskets,7.0,0,0.0,0,13.5,ASSUMPTION,300000,ASSUMPTION,0.0,0.0,999,1,"no_local_supplier (WEAK SIGNAL): Traders (PAFIX, Ouedkniss import sellers) visibly resell these; no local maker confirmed except SIPEM's claim.",Most cosmetic & liquid-soap fillers,7,5,8,6,8,9,5,5,2,0,0,5,1,9,1,6,6,2,1,4,0,"Multi-part pump/trigger assembly (springs, balls, automatic assembly)",Other process: 6-10 precision molds + springs/balls + automatic assembly; FOB US$0.04-0.10,KILL (phase 1),No action: killed; re-open only if a named buyer asks for this part
CL-024,Foam pump 40/410-43/410,pump,"personal care (hand wash, facial foam)",Other process,PP/PE + steel spring + glass/steel ball + gaskets,10.0,0,0.0,0,0.0,UNKNOWN,100000,ASSUMPTION,0.0,0.0,999,1,"no_local_supplier (WEAK SIGNAL): Traders (PAFIX, Ouedkniss import sellers) visibly resell these; no local maker confirmed except SIPEM's claim.",Liquid-soap fillers,7,5,8,6,8,9,5,5,2,0,0,5,1,9,1,6,6,2,1,4,0,"Multi-part pump/trigger assembly (springs, balls, automatic assembly)",Other process: multi-part foam pump with metal parts and automatic assembly,KILL (phase 1),No action: killed; re-open only if a named buyer asks for this part
CL-025,Trigger sprayer 28/400 & 28/410,trigger,"home care (cleaners, glass, car care), garden",Other process,PP/PE + steel spring + glass/steel ball + gaskets,22.5,0,0.0,0,22.18,ASSUMPTION,100000,ASSUMPTION,0.0,0.0,999,1,"no_local_supplier (WEAK SIGNAL): Traders (PAFIX, Ouedkniss import sellers) visibly resell these; no local maker confirmed except SIPEM's claim.","ENAD/Shymeca (surface cleaners), Univers Détergent, car-care fillers",7,5,8,6,8,9,5,5,2,0,0,5,1,9,1,6,6,2,1,4,0,"Multi-part pump/trigger assembly (springs, balls, automatic assembly)",Other process: multi-part trigger with metal parts and automatic assembly; FOB US$0.05-0.18,KILL (phase 1),No action: killed; re-open only if a named buyer asks for this part
CL-026,Fine-mist sprayer 18/410-20/410 & perfume crimp pump FEA15,sprayer,"fragrance, body mist",Other process,PP/PE + steel spring + glass/steel ball + gaskets,2.5,0,0.0,0,0.0,UNKNOWN,100000,ASSUMPTION,0.0,0.0,999,1,"no_local_supplier (WEAK SIGNAL): Traders (PAFIX, Ouedkniss import sellers) visibly resell these; no local maker confirmed except SIPEM's claim.",Perfume/body-mist fillers (Dermal etc.),7,5,8,6,8,9,5,5,2,0,0,5,1,9,1,6,6,2,1,4,0,"Multi-part pump/trigger assembly (springs, balls, automatic assembly)",Other process: multi-part fine-mist pump with metal parts and automatic assembly,KILL (phase 1),No action: killed; re-open only if a named buyer asks for this part
CL-027,"Beverage / water caps PCO 1881/1810, 29/25, 30/25, 38 mm (HDPE)",beverage closure,"beverages, edible oil",Requires larger injection press,HDPE,2.0,16,6.0,20000,1.65,ASSUMPTION,2000000,ASSUMPTION,74.5,40.0,120,1,none_found (STRONG SIGNAL (no pain)): None - oversupplied.,Bottlers (Ifri etc.),8,0,1,0,3,9,4,3,1,3,4,8,3,5,3,3,7,2,2,2,3,"Commodity scale incumbent (SGT ~2 bn caps/yr, 32-72-cav hot runners)",SGT scale: incumbents run 32-72-cavity hot runners on 200-300 t systems; oversupplied,KILL,No action: killed; re-open only if a named buyer asks for this part. [Press note: cavities raised 16->19 to reach 45 g min shot on 120 t]
CL-028,HDPE shampoo / detergent bottle 250 ml-1 L (EBM),bottle,personal & home care,Requires blow molding,HDPE,0.0,0,0.0,0,0.0,UNKNOWN,100000,ASSUMPTION,0.0,0.0,999,0,none_found (UNKNOWN): None found,All fillers,7,2,3,2,5,9,5,5,3,5,0,8,5,7,5,5,6,5,1,3,0,Not injection: blow molding,"Blow molding, not injection; blowers are channel partners",KILL (use blowers as channel),"Ask 3 blowers: necks blown, cap source, co-selling"
CL-029,PET cosmetic bottle 50 ml-1 L (preform + ISBM / 2-step),bottle,cosmetics,Requires blow molding,PET,0.0,0,0.0,0,0.0,UNKNOWN,100000,ASSUMPTION,0.0,0.0,999,0,none_found (UNKNOWN): None found,Cosmetic fillers,7,2,3,2,5,9,5,5,3,5,0,7,5,7,5,5,6,5,1,3,0,Not injection: blow molding,Blow molding / PET preform not viable on a 120 t PP press,KILL (use blowers as channel),No action: killed; re-open only if a named buyer asks for this part
CL-030,"Aerosol overcap Ø52-66 mm (deodorant, insecticide, air freshener), PP",overcap,aerosol personal & home care,Borderline 120T,PP,8.0,4,16.0,10000,13.75,ASSUMPTION,100000,ASSUMPTION,82.5,40.0,160,0,"none_found (WEAK SIGNAL (policy, not pain)): Policy signal only: Jan 2026 minister pushed local metal packaging for hygiene/detergent/deodorant products (market est. >40,000 t/yr), implying more local aerosol filling -> overcaps.",Aerosol fillers - UNKNOWN names (Henkel? deodorant makers?),3,4,6,5,3,8,7,5,5,6,6,8,6,9,6,2,6,5,5,3,0,,,PARK,Identify Algerian aerosol fillers; ask overcap origin. [Press note: cavities raised 4->6 to reach 60 g min shot on 160 t]
JC-01,"Flat glazing packer / cale de vitrage plate 100x24-28 mm, 1-6 mm thick (colour-coded)",Glazing packers,Joinery (alu + PVC),Borderline 120T,PP,4.0,8,16.0,7000,5.79,ASSUMPTION,300000,WEAK SIGNAL,86.1,40.0,120,1,none_found (UNKNOWN): No buyer-specific pain found in desk search (Ouedkniss/FB/e-shops not fetchable; snippets only).,"Leader Aluminium (Hammedi, Boumerdès; distributor); Oxxo/Cevital (Aïn Taghrout, BBA; PVC windows 2.1M/yr); Izdihar PVC (Tiaret; 117k units/yr); small alu/PVC joinery workshops listed on Ouedkniss (e.g. Reghaïa, El Madania, Guelma; unnamed)",6,4,7,7,6,8,6,8,5,9,6,8,9,9,8,2,6,8,7,8,3,,,GO-candidate (gate: Hammedi visit),"Visit Hammedi accessory shops + call Leader Aluminium: origin, DZD per 1,000, monthly volume, stock-outs; ask Oxxo purchasing for packer spec/consumption. [Press note: cavities raised 8->9 to reach 45 g min shot on 120 t]"
JC-02,Glazing bridge packer with drainage channel / cale pont (PVC & alu sashes),Glazing packers,Joinery (alu + PVC),Fits 120T confidently,PP,6.0,8,18.0,8000,8.75,ASSUMPTION,200000,WEAK SIGNAL,99.4,57.6,120,1,none_found (UNKNOWN): No buyer-specific pain found in desk search (Ouedkniss/FB/e-shops not fetchable; snippets only).,"Leader Aluminium (Hammedi, Boumerdès; distributor); Oxxo/Cevital (Aïn Taghrout, BBA; PVC windows 2.1M/yr); Izdihar PVC (Tiaret; 117k units/yr); small alu/PVC joinery workshops listed on Ouedkniss (e.g. Reghaïa, El Madania, Guelma; unnamed)",5,4,7,7,6,8,8,7,7,7,10,8,9,9,8,2,6,8,5,7,3,,,INVESTIGATE (after JC-01),Ask Oxxo/Izdihar which packers their system (profile) house requires and current supplier
JC-03,U-shaped / horseshoe frame packers (cales de calage fer à cheval) for frame installation,Glazing packers,Joinery + general building,Fits 120T confidently,PP,3.0,12,15.0,7000,3.86,ASSUMPTION,200000,ASSUMPTION,89.4,45.0,120,1,none_found (UNKNOWN): No buyer-specific pain found in desk search (Ouedkniss/FB/e-shops not fetchable; snippets only).,"Leader Aluminium (Hammedi, Boumerdès; distributor); Oxxo/Cevital (Aïn Taghrout, BBA; PVC windows 2.1M/yr); Izdihar PVC (Tiaret; 117k units/yr); small alu/PVC joinery workshops listed on Ouedkniss (e.g. Reghaïa, El Madania, Guelma; unnamed); installers; quincailleries",6,4,7,7,8,8,6,8,5,9,10,8,9,9,8,2,6,8,7,8,2,,,GO-candidate (bundle with JC-01),Same visit as JC-01; check whether joiners use packers at all or improvise wood wedges
JC-04,Roller-shutter slat end cap / embout de lame (arrêt latéral) for 37-55 mm lames,Roller-shutter parts,Joinery (shutters),Fits 120T confidently,POM,1.5,32,14.0,9000,5.5,ASSUMPTION,100000,ASSUMPTION,55.2,62.4,80,1,none_found (UNKNOWN): No buyer-specific pain found in desk search (Ouedkniss/FB/e-shops not fetchable; snippets only).,Roller-shutter assemblers and alu/PVC joiners (unnamed); Leader Aluminium (sells shutter kits/motors),4,4,7,7,8,7,7,8,7,7,10,2,6,9,6,2,6,7,5,7,1,POM: no local stockist in small lots (Phase 1 resin trigger; lift only if a stockist is confirmed),,INVESTIGATE (shutter kit),"Gate: confirm a local POM stockist selling 25 kg lots (Polychimical/Distripol); if none, drop. Then: Identify the 2-3 dominant slat profiles sold in Algeria (ask distributors) before tooling"
JC-05,Final-slat end cap / embout de lame finale (pair L/R),Roller-shutter parts,Joinery (shutters),Fits 120T confidently,PA6,6.0,8,18.0,8000,5.5,ASSUMPTION,20000,ASSUMPTION,33.1,60.0,60,0,none_found (UNKNOWN): No buyer-specific pain found in desk search (Ouedkniss/FB/e-shops not fetchable; snippets only).,Roller-shutter assemblers (unnamed),4,4,7,7,8,7,0,8,7,7,10,4,6,9,6,2,6,8,5,7,1,,,INVESTIGATE (shutter kit),Identify the 2-3 dominant slat profiles sold in Algeria (ask distributors) before tooling
JC-06,Roller-shutter box side cheeks / joues de caisson 45° (137-205 mm boxes),Roller-shutter parts,Joinery (shutters),Requires larger injection press,ASA,70.0,2,35.0,18000,289.27,ASSUMPTION,10000,ASSUMPTION,207.0,154.0,999,1,none_found (UNKNOWN): No buyer-specific pain found in desk search (Ouedkniss/FB/e-shops not fetchable; snippets only).,Roller-shutter assemblers; Leader Aluminium sells PVC caissons,4,4,7,6,8,7,9,8,7,3,1,2,6,9,6,5,6,5,3,5,0,Needs >160 t press (beyond founder press),"Needs ~207 t (2-cav ASA, ~150 cm2 each); many cheeks are aluminium anyway",KILL,No action: killed; re-open only if a named buyer asks for this part
JC-07,Guide-rail entry funnel / embout de coulisse (shutter guide top cap),Roller-shutter parts,Joinery (shutters),Fits 120T confidently,PA6,5.0,16,16.0,8000,27.5,ASSUMPTION,20000,ASSUMPTION,55.2,100.0,80,0,none_found (UNKNOWN): No buyer-specific pain found in desk search (Ouedkniss/FB/e-shops not fetchable; snippets only).,Roller-shutter assemblers (unnamed),4,4,7,7,8,7,7,8,7,7,10,4,8,9,7,2,6,8,5,7,1,,,INVESTIGATE (shutter kit),Identify the 2-3 dominant slat profiles sold in Algeria (ask distributors) before tooling
JC-08,Octagonal axle end cap / bearing support (embout d'axe 40/60 mm),Roller-shutter parts,Joinery (shutters),Fits 120T confidently,POM,22.0,4,25.0,10000,151.25,ASSUMPTION,10000,ASSUMPTION,55.2,105.6,80,0,none_found (UNKNOWN): No buyer-specific pain found in desk search (Ouedkniss/FB/e-shops not fetchable; snippets only).,Roller-shutter assemblers (unnamed),4,4,7,7,8,7,7,8,7,6,10,2,6,9,6,5,6,5,5,7,1,POM: no local stockist in small lots (Phase 1 resin trigger; lift only if a stockist is confirmed),,INVESTIGATE (shutter kit),"Gate: confirm a local POM stockist selling 25 kg lots (Polychimical/Distripol); if none, drop. Then: Identify the 2-3 dominant slat profiles sold in Algeria (ask distributors) before tooling"
JC-09,Strap guide / passe-sangle and strap-winder cover (manual shutters),Roller-shutter parts,Joinery (shutters),Fits 120T confidently,ABS,18.0,4,25.0,9000,151.25,ASSUMPTION,10000,ASSUMPTION,82.8,86.4,100,0,none_found (UNKNOWN): No buyer-specific pain found in desk search (Ouedkniss/FB/e-shops not fetchable; snippets only).,Roller-shutter installers; quincailleries,4,4,7,7,8,7,7,8,7,7,10,2,6,9,6,2,6,8,5,7,1,ABS: no local stockist in small lots (Phase 1 resin trigger; lift only if a stockist is confirmed),winder is a metal assembly; plastic share small; motorised shutters growing.,KILL (low),No action: killed; re-open only if a named buyer asks for this part
JC-10,Final-slat stop / butée de lame finale (anti-ascent stop),Roller-shutter parts,Joinery (shutters),Fits 120T confidently,PA6,3.0,16,15.0,7000,27.5,ASSUMPTION,20000,ASSUMPTION,33.1,62.4,60,0,none_found (UNKNOWN): No buyer-specific pain found in desk search (Ouedkniss/FB/e-shops not fetchable; snippets only).,Roller-shutter assemblers,4,4,7,7,8,7,7,8,7,9,10,4,9,9,8,2,6,8,5,7,1,,,INVESTIGATE (shutter kit),Identify the 2-3 dominant slat profiles sold in Algeria (ask distributors) before tooling
JC-11,Rigid tablier hanger / attache tablier (slat-to-axle clip),Roller-shutter parts,Joinery (shutters),Fits 120T confidently,POM,5.0,8,16.0,8000,27.5,ASSUMPTION,30000,ASSUMPTION,33.1,50.0,60,0,none_found (UNKNOWN): No buyer-specific pain found in desk search (Ouedkniss/FB/e-shops not fetchable; snippets only).,Roller-shutter assemblers,4,4,7,7,8,7,7,8,7,7,10,2,6,9,6,2,6,8,5,7,1,POM: no local stockist in small lots (Phase 1 resin trigger; lift only if a stockist is confirmed),,INVESTIGATE (shutter kit),"Gate: confirm a local POM stockist selling 25 kg lots (Polychimical/Distripol); if none, drop. Then: Identify the 2-3 dominant slat profiles sold in Algeria (ask distributors) before tooling"
JC-13,"Drainage slot cover / cache de drainage (alu & PVC frames), colour-matched",Profile caps,Joinery (alu + PVC),Fits 120T confidently,PP,1.5,32,14.0,8000,5.5,ASSUMPTION,300000,WEAK SIGNAL,46.4,62.4,80,1,none_found (UNKNOWN): No buyer-specific pain found in desk search (Ouedkniss/FB/e-shops not fetchable; snippets only). Colour-matching need is a hypothesis.,"Leader Aluminium (Hammedi, Boumerdès; distributor); Oxxo/Cevital (Aïn Taghrout, BBA; PVC windows 2.1M/yr); Izdihar PVC (Tiaret; 117k units/yr); small alu/PVC joinery workshops listed on Ouedkniss (e.g. Reghaïa, El Madania, Guelma; unnamed)",6,4,7,7,6,8,7,8,5,7,10,8,9,9,8,2,6,8,7,6,1,,,GO-candidate,Ask Oxxo/Izdihar and 5 joiners if drainage caps/colours are ever short
JC-14,"Sliding-window nylon wheel only (galet coulissant, without housing)",Sliding hardware,Joinery (alu),Fits 120T confidently,POM,3.0,16,18.0,9000,5.5,ASSUMPTION,100000,ASSUMPTION,33.1,62.4,60,1,none_found (UNKNOWN): No buyer-specific pain found in desk search (Ouedkniss/FB/e-shops not fetchable; snippets only).,"Leader Aluminium (Hammedi, Boumerdès; distributor); Oxxo/Cevital (Aïn Taghrout, BBA; PVC windows 2.1M/yr); Izdihar PVC (Tiaret; 117k units/yr); small alu/PVC joinery workshops listed on Ouedkniss (e.g. Reghaïa, El Madania, Guelma; unnamed)",5,4,7,4,8,8,6,5,7,7,10,2,3,9,3,5,6,5,4,4,1,POM: no local stockist in small lots (Phase 1 resin trigger; lift only if a stockist is confirmed),"technical, brand-led, needs bearing assembly.",KILL,No action: killed; re-open only if a named buyer asks for this part
JC-15,Sliding-sash stop / tampon d'arrêt and interlock end plug,Sliding hardware,Joinery (alu),Fits 120T confidently,PA6,4.0,16,16.0,8000,5.5,ASSUMPTION,100000,ASSUMPTION,44.2,80.0,80,1,none_found (UNKNOWN): No buyer-specific pain found in desk search (Ouedkniss/FB/e-shops not fetchable; snippets only).,"Leader Aluminium (Hammedi, Boumerdès; distributor); Oxxo/Cevital (Aïn Taghrout, BBA; PVC windows 2.1M/yr); Izdihar PVC (Tiaret; 117k units/yr); small alu/PVC joinery workshops listed on Ouedkniss (e.g. Reghaïa, El Madania, Guelma; unnamed)",5,4,7,6,8,8,4,8,7,7,10,4,9,9,8,2,6,8,5,6,1,,,INVESTIGATE,Identify dominant local sliding series (ask SPA Profilés Aluminium du Maghreb and distributors)
JC-16,Fly-screen frame corner (équerre moustiquaire) 7x17 / 10x20 mm,Fly-screen parts,Joinery (alu),Fits 120T confidently,PP,3.0,24,15.0,7000,11.0,ASSUMPTION,100000,ASSUMPTION,39.7,90.0,80,1,none_found (UNKNOWN): No buyer-specific pain found in desk search (Ouedkniss/FB/e-shops not fetchable; snippets only).,"Leader Aluminium (Hammedi, Boumerdès; distributor); Oxxo/Cevital (Aïn Taghrout, BBA; PVC windows 2.1M/yr); Izdihar PVC (Tiaret; 117k units/yr); small alu/PVC joinery workshops listed on Ouedkniss (e.g. Reghaïa, El Madania, Guelma; unnamed); fly-screen fabricators",5,4,7,7,8,7,7,8,5,9,10,8,9,9,8,2,6,8,7,6,1,,,GO-candidate (if 1-2 profiles dominate),Ask Hammedi shops for fly-screen frame profile sizes and corner origin/price
JC-17,Fly-screen spring clips / fixation clips (clips moustiquaire),Fly-screen parts,Joinery (alu),Fits 120T confidently,PP,1.5,32,14.0,7000,0.0,UNKNOWN,100000,ASSUMPTION,33.1,62.4,80,0,none_found (UNKNOWN): No buyer-specific pain found in desk search (Ouedkniss/FB/e-shops not fetchable; snippets only).,"Fly-screen fabricators, joiners",5,4,7,7,8,7,5,8,5,9,10,8,9,9,8,2,6,8,7,6,1,,,GO-candidate (bundle with JC-16),Ask Hammedi shops for fly-screen frame profile sizes and corner origin/price. [No price found anywhere: get a DZD price first]
JC-18,Plastic alignment / corner key for aluminium profiles (équerre d'alignement PA-GF),Corner keys,Joinery (alu),Fits 120T confidently,PA6-GF,12.0,4,30.0,12000,24.75,ASSUMPTION,50000,ASSUMPTION,33.1,57.6,60,1,none_found (UNKNOWN): No buyer-specific pain found in desk search (Ouedkniss/FB/e-shops not fetchable; snippets only).,"Leader Aluminium (Hammedi, Boumerdès; distributor); Oxxo/Cevital (Aïn Taghrout, BBA; PVC windows 2.1M/yr); Izdihar PVC (Tiaret; 117k units/yr); small alu/PVC joinery workshops listed on Ouedkniss (e.g. Reghaïa, El Madania, Guelma; unnamed)",5,4,7,4,8,8,4,3,7,6,10,4,3,9,2,5,6,5,4,4,2,,structural equerres are metal; plastic only in niche; system-specific.,KILL,No action: killed; re-open only if a named buyer asks for this part
JC-19,"PVC window hinge/handle cover caps & screw caps (caches paumelles, cache-vis)",Cover caps,Joinery (PVC),Fits 120T confidently,PP,4.0,16,15.0,8000,5.5,ASSUMPTION,200000,WEAK SIGNAL,39.7,80.0,80,1,none_found (UNKNOWN): No buyer-specific pain found in desk search (Ouedkniss/FB/e-shops not fetchable; snippets only).,Oxxo/Cevital; Izdihar PVC; PVC joiners,5,4,6,5,3,8,7,5,7,7,10,8,6,9,6,2,7,8,4,6,2,,,INVESTIGATE (Izdihar integration),Ask Izdihar what the 15% non-integrated content is
JC-20,Insulating-glass spacer-bar corner keys & straight connectors (clés d'angle intercalaire),IGU spacer parts,Glass processing / double glazing,Fits 120T confidently,PP,2.0,32,14.0,9000,5.5,ASSUMPTION,100000,ASSUMPTION,33.1,83.2,80,0,none_found (UNKNOWN): No buyer-specific pain found in desk search (Ouedkniss/FB/e-shops not fetchable; snippets only).,"Double-glazing (IGU) workshops; PVC window plants with in-house IGU lines (Oxxo likely, ASSUMPTION)",4,4,6,5,5,8,7,5,7,7,10,8,6,9,6,2,6,8,5,6,1,,,INVESTIGATE,Find Algerian IGU makers (glass processors) and ask about spacer bar system
JC-21,EPDM glazing / frame gaskets (joints),Gaskets,Joinery,Requires extrusion,EPDM,0.0,0,0.0,0,0.0,UNKNOWN,50000,ASSUMPTION,0.0,0.0,999,1,none_found (UNKNOWN): No buyer-specific pain found in desk search (Ouedkniss/FB/e-shops not fetchable; snippets only).,"Leader Aluminium (Hammedi, Boumerdès; distributor); Oxxo/Cevital (Aïn Taghrout, BBA; PVC windows 2.1M/yr); Izdihar PVC (Tiaret; 117k units/yr); small alu/PVC joinery workshops listed on Ouedkniss (e.g. Reghaïa, El Madania, Guelma; unnamed)",5,3,4,4,5,8,5,5,3,5,0,1,5,5,5,5,6,5,1,3,0,Not injection: extrusion,"extrusion, not injection.",KILL,No action: killed; re-open only if a named buyer asks for this part
JC-22,PVC / aluminium roller-shutter slats (lames),Roller-shutter parts,Joinery (shutters),Requires extrusion,PVC,0.0,0,0.0,0,0.0,UNKNOWN,20000,ASSUMPTION,0.0,0.0,999,0,none_found (UNKNOWN): No buyer-specific pain found in desk search (Ouedkniss/FB/e-shops not fetchable; snippets only).,Shutter assemblers,5,3,4,4,5,8,5,5,3,5,0,7,5,5,5,5,6,5,1,3,0,Not injection: extrusion,extrusion/roll-forming.,KILL,No action: killed; re-open only if a named buyer asks for this part
JC-23,Sliding-window brush/pile end plug & weather-strip end caps,Profile caps,Joinery (alu),Borderline 120T,TPE,2.0,16,18.0,8000,5.5,ASSUMPTION,50000,ASSUMPTION,13.2,41.6,60,1,none_found (UNKNOWN): No buyer-specific pain found in desk search (Ouedkniss/FB/e-shops not fetchable; snippets only).,"Leader Aluminium (Hammedi, Boumerdès; distributor); Oxxo/Cevital (Aïn Taghrout, BBA; PVC windows 2.1M/yr); Izdihar PVC (Tiaret; 117k units/yr); small alu/PVC joinery workshops listed on Ouedkniss (e.g. Reghaïa, El Madania, Guelma; unnamed)",3,4,7,6,8,8,7,8,6,7,6,2,9,9,8,2,6,8,5,5,1,TPE: no local stockist in small lots (Phase 1 resin trigger; lift only if a stockist is confirmed),"tiny value, series-specific, TPE adds a material.",KILL (low),No action: killed; re-open only if a named buyer asks for this part
JC-24,"Rebar spacer wheel / cale roue 30 mm cover, rebar 8-14 mm",Rebar spacers,Construction,Fits 120T confidently,rPP/HDPE,7.0,8,22.0,7000,7.48,STRONG SIGNAL,500000,ASSUMPTION,92.7,67.2,120,2,none_found (UNKNOWN): No buyer-specific pain found in desk search (Ouedkniss/FB/e-shops not fetchable; snippets only).,"Quincaillerie wholesalers/e-shops (assly.dz, mabricole.com.dz, jumia.dz sellers); building contractors (unnamed); precast plants: Cosider Canalisations (precast walls, double-T slabs), Trans-Canal Algeria (concrete pipe)",8,2,6,5,8,9,6,8,5,9,10,9,9,9,8,2,6,8,8,9,4,,,GO (gate: 3 wholesaler calls),"Call 3 quincaillerie wholesalers (Algiers east, El Eulma) + Cosider/Trans-Canal purchasing: monthly qty, origin, wholesale DZD/1,000"
JC-25,Vertical round spacer small / cale verticale 25/6-12,Rebar spacers,Construction,Fits 120T confidently,rPP/HDPE,4.0,12,18.0,7000,3.08,STRONG SIGNAL,500000,ASSUMPTION,99.4,57.6,120,2,none_found (UNKNOWN): No buyer-specific pain found in desk search (Ouedkniss/FB/e-shops not fetchable; snippets only).,"Quincaillerie wholesalers/e-shops (assly.dz, mabricole.com.dz, jumia.dz sellers); building contractors (unnamed); precast plants: Cosider Canalisations (precast walls, double-T slabs), Trans-Canal Algeria (concrete pipe)",8,2,6,5,8,9,4,8,5,9,10,9,9,9,8,2,6,8,8,9,3,,,GO (gate: 3 wholesaler calls),"Call 3 quincaillerie wholesalers (Algiers east, El Eulma) + Cosider/Trans-Canal purchasing: monthly qty, origin, wholesale DZD/1,000"
JC-26,Horizontal spacer chair / cale horizontale 40-8/24 and 50-8/24,Rebar spacers,Construction,Fits 120T confidently,rPP/HDPE,12.0,6,24.0,8000,12.02,STRONG SIGNAL,300000,ASSUMPTION,54.6,82.8,100,2,none_found (UNKNOWN): No buyer-specific pain found in desk search (Ouedkniss/FB/e-shops not fetchable; snippets only).,"Quincaillerie wholesalers/e-shops (assly.dz, mabricole.com.dz, jumia.dz sellers); building contractors (unnamed); precast plants: Cosider Canalisations (precast walls, double-T slabs), Trans-Canal Algeria (concrete pipe)",8,2,6,5,8,9,8,8,5,7,10,9,9,9,8,2,6,8,8,9,4,,,GO (gate: 3 wholesaler calls; lead SKU),"Call 3 quincaillerie wholesalers (Algiers east, El Eulma) + Cosider/Trans-Canal purchasing: monthly qty, origin, wholesale DZD/1,000"
JC-27,High rebar chair / tabouret 50-80 mm (slab top mesh),Rebar spacers,Construction,Fits 120T confidently,rPP/HDPE,22.0,4,30.0,9000,11.57,ASSUMPTION,100000,ASSUMPTION,66.2,101.2,100,1,none_found (UNKNOWN): No buyer-specific pain found in desk search (Ouedkniss/FB/e-shops not fetchable; snippets only).,"Quincaillerie wholesalers/e-shops (assly.dz, mabricole.com.dz, jumia.dz sellers); building contractors (unnamed); precast plants: Cosider Canalisations (precast walls, double-T slabs), Trans-Canal Algeria (concrete pipe)",5,3,6,5,8,9,2,8,5,7,10,9,9,9,8,2,6,8,7,8,3,,,INVESTIGATE,Ask contractors whether they buy plastic chairs or bend rebar
JC-28,Continuous linear spacer (barrette distancier 1-2 m),Rebar spacers,Construction,Requires extrusion,PP/fibre-concrete,0.0,0,0.0,0,22.0,ASSUMPTION,50000,ASSUMPTION,0.0,0.0,999,1,none_found (UNKNOWN): No buyer-specific pain found in desk search (Ouedkniss/FB/e-shops not fetchable; snippets only).,"Quincaillerie wholesalers/e-shops (assly.dz, mabricole.com.dz, jumia.dz sellers); building contractors (unnamed); precast plants: Cosider Canalisations (precast walls, double-T slabs), Trans-Canal Algeria (concrete pipe)",5,3,4,4,5,8,5,5,3,5,0,5,5,5,5,5,6,5,1,3,0,Not injection: extrusion,extrusion or fibre-concrete.,KILL,No action: killed; re-open only if a named buyer asks for this part
JC-29,Precast custom-cover spacer (wheel/clip for pipes & double-T slabs),Rebar spacers,Construction (precast),Fits 120T confidently,PP,10.0,4,24.0,8000,10.45,ASSUMPTION,100000,ASSUMPTION,58.0,46.0,80,1,none_found (UNKNOWN): No buyer-specific pain found in desk search (Ouedkniss/FB/e-shops not fetchable; snippets only). Custom cover is a hypothesis.,"Cosider Canalisations (precast walls, double-T slab moulds); Trans-Canal Algeria (concrete pipe)",4,4,5,5,3,8,4,8,9,7,10,8,8,9,7,5,4,8,4,3,3,,,INVESTIGATE (needs named buyer),"Call Cosider Canalisations & Trans-Canal: what spacers they use for pipes, origin, monthly qty"
JC-30,Formwork cone for tie-rod spacer tube 22 mm (cône de coffrage),Formwork parts,Construction,Fits 120T confidently,PP,6.0,12,18.0,8000,15.43,ASSUMPTION,200000,ASSUMPTION,39.7,86.4,80,1,none_found (UNKNOWN): No buyer-specific pain found in desk search (Ouedkniss/FB/e-shops not fetchable; snippets only).,Formwork contractors; Cosider-type general contractors (unnamed); formwork rental firms (unnamed),5,4,7,6,5,8,9,8,5,7,10,8,9,9,8,2,4,8,6,5,2,,,INVESTIGATE (GO if tube+cone system common),Ask 3 formwork contractors which tie system they use (Chinese D-cone vs PVC tube+cone) and price
JC-31,Tie-rod hole plug / bouchon de fermeture 22 mm (after stripping),Formwork parts,Construction,Fits 120T confidently,PP,2.5,24,14.0,7000,4.37,ASSUMPTION,100000,ASSUMPTION,39.7,75.0,80,0,none_found (UNKNOWN): No buyer-specific pain found in desk search (Ouedkniss/FB/e-shops not fetchable; snippets only).,Formwork contractors (unnamed),3,4,7,6,5,8,9,8,4,9,10,8,9,9,8,2,4,8,6,4,1,,,INVESTIGATE,Ask 3 formwork contractors which tie system they use (Chinese D-cone vs PVC tube+cone) and price; check whether plugging is practised
JC-32,PVC spacer tube for tie rods (gaine 22 mm),Formwork parts,Construction,Requires extrusion,PVC,0.0,0,0.0,0,11.0,ASSUMPTION,100000,ASSUMPTION,0.0,0.0,999,0,none_found (UNKNOWN): No buyer-specific pain found in desk search (Ouedkniss/FB/e-shops not fetchable; snippets only).,Formwork contractors,5,3,4,4,5,8,5,5,3,5,0,7,5,5,5,5,6,5,1,3,0,Not injection: extrusion,extrusion.,KILL,No action: killed; re-open only if a named buyer asks for this part
JC-33,Tile spacers / croisillons 2-5 mm,Tile tools,Construction (finishing),Fits 120T confidently,rPP/HDPE,0.3,128,12.0,12000,0.28,WEAK SIGNAL,2000000,ASSUMPTION,95.4,53.8,120,1,none_found (UNKNOWN): No buyer-specific pain found in desk search (Ouedkniss/FB/e-shops not fetchable; snippets only).,"Tilers, quincailleries, DIY retail",7,1,4,4,8,9,6,8,2,6,10,9,9,9,8,2,6,8,7,6,2,Retail 0.5 DZD/pc below plausible cost + margin (~0.1 DZD/pc absolute),"absolute margin ~0.1 DA/pc; 128-cav tool (~$12k) pays back only after >10M pcs; pure commodity, no differentiation.",KILL,No action: killed; re-open only if a named buyer asks for this part
JC-34,"Tile levelling clips (consumable) for 3-12 mm tiles, 1-3 mm joint",Tile tools,Construction (finishing),Fits 120T confidently,PP,3.0,16,14.0,9000,4.29,STRONG SIGNAL,500000,ASSUMPTION,33.1,60.0,100,2,none_found (UNKNOWN): No buyer-specific pain found in desk search (Ouedkniss/FB/e-shops not fetchable; snippets only).,"Tilers, quincailleries, e-shops (mabricole, jumia sellers)",7,2,7,6,8,9,8,8,2,7,10,8,6,9,6,2,6,8,8,6,3,,,GO (gate: 3 tile-shop calls),"Ask 3 tile shops/wholesalers: monthly clips sold, origin, wholesale price per 1,000"
JC-35,Tile levelling reusable wedges (cales réutilisables),Tile tools,Construction (finishing),Fits 120T confidently,PP,9.0,8,20.0,8000,4.9,STRONG SIGNAL,100000,ASSUMPTION,39.7,86.4,80,2,none_found (UNKNOWN): No buyer-specific pain found in desk search (Ouedkniss/FB/e-shops not fetchable; snippets only).,"Tilers, quincailleries",4,2,7,6,8,5,0,8,2,7,10,8,9,9,8,2,6,8,7,4,2,Retail 6.8-11 DZD gives negative margin at ex-works price,"Negative margin at 50% of lowest retail (6.8 DA); ~14% at 11 DA; do not tool alone, only as tile-clip kit companion",KILL stand-alone (kit companion only),No action: killed; re-open only if a named buyer asks for this part
JC-36,Pipe clip / collier atlas Ø12-40 mm (PVC/PER/multilayer pipe) [merged duplicates: JC-36 + OS-001],Pipe clamps,Construction (plumbing/electrical),Fits 120T confidently,PP,3.0,16,14.0,8000,5.61,WEAK SIGNAL,500000,ASSUMPTION,26.5,60.0,80,1,none_found (UNKNOWN): No buyer-specific pain found in desk search (Ouedkniss/FB/e-shops not fetchable; snippets only).,"Plumbers, electricians, quincailleries | OS-001 buyers: Channel: SOGEDIM, Mabricole, Assly, Elecmarket (online wholesalers, prior notes); electricians; El Eulma wholesale cluster (unverified)",7,3,5,4,8,9,9,8,3,7,10,8,8,9,7,2,6,8,8,8,3,,,INVESTIGATE,"Ask SOGEDIM, Assly + 2 El Eulma wholesalers: DZD per 100, origin and monthly volume of 16-32 mm IRL/PER snap clips; check whether HAOUAS-type local molders already make them"
JC-37,Plasterboard self-drilling nylon anchor (cheville placo autoforeuse),Drywall accessories,Construction (drywall),Borderline 120T,PA6,3.0,8,25.0,15000,1.38,ASSUMPTION,100000,ASSUMPTION,16.6,30.0,80,0,none_found (UNKNOWN): No buyer-specific pain found in desk search (Ouedkniss/FB/e-shops not fetchable; snippets only).,"Drywall installers, quincailleries",5,4,7,6,8,8,0,5,2,4,6,4,3,9,5,5,6,5,4,3,2,,"unscrewing tool, PA moisture handling.",KILL (for start),No action: killed; re-open only if a named buyer asks for this part. [Press note: cavities raised 8->11 to reach 30 g min shot on 80 t]
JC-38,Insulation fixing with plate (rosace / cheville isolant ETICS),Drywall/insulation accessories,Construction (insulation),Borderline 120T,PP,8.0,4,22.0,9000,15.13,ASSUMPTION,50000,ASSUMPTION,49.7,36.8,80,0,none_found (UNKNOWN): No buyer-specific pain found in desk search (Ouedkniss/FB/e-shops not fetchable; snippets only).,Insulation/ETICS contractors (unnamed),3,4,6,5,5,7,7,8,5,7,6,8,6,5,6,2,5,8,5,6,2,,,INVESTIGATE (low),Check APRUE thermal-insulation programmes for ETICS volume
JC-39,Precast lifting-anchor recess former / bouchon de réservation,Precast accessories,Construction (precast),Fits 120T confidently,PP,15.0,4,24.0,9000,0.0,UNKNOWN,30000,ASSUMPTION,41.4,69.0,80,1,none_found (UNKNOWN): No buyer-specific pain found in desk search (Ouedkniss/FB/e-shops not fetchable; snippets only).,Cosider Canalisations; Trans-Canal Algeria; other precast plants (unnamed),4,4,5,5,3,8,5,5,9,7,10,8,9,9,8,5,4,8,4,3,2,,,INVESTIGATE (via plant interview),Include in Cosider/Trans-Canal call. [No price found anywhere: get a DZD price first]
JC-40,Mesh/rebar clip-on spacer for welded mesh (cale treillis 'étoile'),Rebar spacers,Construction,Fits 120T confidently,rPP/HDPE,5.0,12,18.0,7000,6.8,ASSUMPTION,300000,ASSUMPTION,89.4,72.0,120,1,none_found (UNKNOWN): No buyer-specific pain found in desk search (Ouedkniss/FB/e-shops not fetchable; snippets only).,"Quincaillerie wholesalers/e-shops (assly.dz, mabricole.com.dz, jumia.dz sellers); building contractors (unnamed); precast plants: Cosider Canalisations (precast walls, double-T slabs), Trans-Canal Algeria (concrete pipe)",8,2,6,5,8,9,8,8,5,9,10,9,9,9,8,2,6,8,8,9,3,,,INVESTIGATE (3rd spacer SKU),"Call 3 quincaillerie wholesalers (Algiers east, El Eulma) + Cosider/Trans-Canal purchasing: monthly qty, origin, wholesale DZD/1,000"
IF-01,"Drip-tape start connector 16/17 mm (barb x tape, with lock nut) - body",Drip fittings - tape connectors,Irrigation,Fits 120T confidently,PP,3.0,16,18.0,10000,15.0,ASSUMPTION,300000,ASSUMPTION,33.1,60.0,80,1,"none_found (UNKNOWN): No buyer-level pain found online (Ouedkniss/Facebook/Algerian sites not fetchable). Context only: Algerian imports of irrigation equipment HS 8424 grew ~91.8% (ICEX 2025 study, snippet) = demand gr...",Channel buyers to test (none confirmed as buyers of this part): Irrinet SARL (Boufarik); Irriplast SARL (Bordj Menaiel); Anabib Plastiques EURL (Ain Arnat); Medi Goutte SARL (Ain Benian); DripGlobe SARL (Draria); Algiers drip-tape producer (EspaceAgro listing); ISS / Union B et CH Plastique; Biskra/El Oued/Adrar/Ouargla dealers = UNKNOWN names,7,4,7,4,8,7,9,8,3,6,10,8,6,9,6,2,5,4,6,8,2,,,INVESTIGATE (priority 1),"Call Irrinet, Irriplast, Anabib, Medi Goutte: origin, DZD price/1000, MOQ, last stock-out, colour/size gaps; buy 10 samples at a Biskra/Boufarik dealer"
IF-02,Lock nut for tape start connector / tape coupling 16/17 mm,Drip fittings - tape connectors,Irrigation,Fits 120T confidently,PP,1.5,32,15.0,12000,5.0,ASSUMPTION,300000,ASSUMPTION,39.7,60.0,100,1,"none_found (UNKNOWN): No buyer-level pain found online (Ouedkniss/Facebook/Algerian sites not fetchable). Context only: Algerian imports of irrigation equipment HS 8424 grew ~91.8% (ICEX 2025 study, snippet) = demand gr...",Channel buyers to test (none confirmed as buyers of this part): Irrinet SARL (Boufarik); Irriplast SARL (Bordj Menaiel); Anabib Plastiques EURL (Ain Arnat); Medi Goutte SARL (Ain Benian); DripGlobe SARL (Draria); Algiers drip-tape producer (EspaceAgro listing); ISS / Union B et CH Plastique; Biskra/El Oued/Adrar/Ouargla dealers = UNKNOWN names,7,4,7,4,8,7,8,8,3,6,10,8,6,9,6,2,5,4,6,8,1,,,INVESTIGATE (priority 1),"Call Irrinet, Irriplast, Anabib, Medi Goutte: origin, DZD price/1000, MOQ, last stock-out, colour/size gaps; buy 10 samples at a Biskra/Boufarik dealer"
IF-03,Tape-to-tape coupling 16/17 mm with lock nuts (repair joiner),Drip fittings - tape connectors,Irrigation,Fits 120T confidently,PP,3.5,12,18.0,9000,15.0,ASSUMPTION,100000,ASSUMPTION,29.8,52.5,80,1,"none_found (UNKNOWN): No buyer-level pain found online (Ouedkniss/Facebook/Algerian sites not fetchable). Context only: Algerian imports of irrigation equipment HS 8424 grew ~91.8% (ICEX 2025 study, snippet) = demand gr...",Channel buyers to test (none confirmed as buyers of this part): Irrinet SARL (Boufarik); Irriplast SARL (Bordj Menaiel); Anabib Plastiques EURL (Ain Arnat); Medi Goutte SARL (Ain Benian); DripGlobe SARL (Draria); Algiers drip-tape producer (EspaceAgro listing); ISS / Union B et CH Plastique; Biskra/El Oued/Adrar/Ouargla dealers = UNKNOWN names,7,4,7,4,8,7,8,8,3,7,10,8,6,9,6,2,5,4,6,8,2,,,INVESTIGATE (priority 1),"Call Irrinet, Irriplast, Anabib, Medi Goutte: origin, DZD price/1000, MOQ, last stock-out, colour/size gaps; buy 10 samples at a Biskra/Boufarik dealer"
IF-04,Barbed straight coupling 16 mm (dripline joiner),Drip fittings - barbed,Irrigation,Fits 120T confidently,PP,2.0,24,15.0,8000,10.0,ASSUMPTION,200000,ASSUMPTION,34.8,60.0,80,1,"none_found (UNKNOWN): No buyer-level pain found online (Ouedkniss/Facebook/Algerian sites not fetchable). Context only: Algerian imports of irrigation equipment HS 8424 grew ~91.8% (ICEX 2025 study, snippet) = demand gr...",Channel buyers to test (none confirmed as buyers of this part): Irrinet SARL (Boufarik); Irriplast SARL (Bordj Menaiel); Anabib Plastiques EURL (Ain Arnat); Medi Goutte SARL (Ain Benian); DripGlobe SARL (Draria); Algiers drip-tape producer (EspaceAgro listing); ISS / Union B et CH Plastique; Biskra/El Oued/Adrar/Ouargla dealers = UNKNOWN names,7,4,7,4,8,7,9,8,3,7,10,8,6,9,6,2,5,4,6,8,1,,,INVESTIGATE (priority 1),"Call Irrinet, Irriplast, Anabib, Medi Goutte: origin, DZD price/1000, MOQ, last stock-out, colour/size gaps; buy 10 samples at a Biskra/Boufarik dealer"
IF-05,Barbed tee 16 mm,Drip fittings - barbed,Irrigation,Fits 120T confidently,PP,3.0,16,18.0,10000,12.0,ASSUMPTION,150000,ASSUMPTION,36.4,60.0,80,1,"none_found (UNKNOWN): No buyer-level pain found online (Ouedkniss/Facebook/Algerian sites not fetchable). Context only: Algerian imports of irrigation equipment HS 8424 grew ~91.8% (ICEX 2025 study, snippet) = demand gr...",Channel buyers to test (none confirmed as buyers of this part): Irrinet SARL (Boufarik); Irriplast SARL (Bordj Menaiel); Anabib Plastiques EURL (Ain Arnat); Medi Goutte SARL (Ain Benian); DripGlobe SARL (Draria); Algiers drip-tape producer (EspaceAgro listing); ISS / Union B et CH Plastique; Biskra/El Oued/Adrar/Ouargla dealers = UNKNOWN names,7,4,7,4,8,7,6,8,3,6,10,8,6,9,6,2,5,4,6,8,2,,,INVESTIGATE (priority 1),"Call Irrinet, Irriplast, Anabib, Medi Goutte: origin, DZD price/1000, MOQ, last stock-out, colour/size gaps; buy 10 samples at a Biskra/Boufarik dealer"
IF-06,Barbed elbow 16 mm,Drip fittings - barbed,Irrigation,Fits 120T confidently,PP,2.5,16,16.0,9000,10.0,ASSUMPTION,150000,ASSUMPTION,29.8,50.0,80,1,"none_found (UNKNOWN): No buyer-level pain found online (Ouedkniss/Facebook/Algerian sites not fetchable). Context only: Algerian imports of irrigation equipment HS 8424 grew ~91.8% (ICEX 2025 study, snippet) = demand gr...",Channel buyers to test (none confirmed as buyers of this part): Irrinet SARL (Boufarik); Irriplast SARL (Bordj Menaiel); Anabib Plastiques EURL (Ain Arnat); Medi Goutte SARL (Ain Benian); DripGlobe SARL (Draria); Algiers drip-tape producer (EspaceAgro listing); ISS / Union B et CH Plastique; Biskra/El Oued/Adrar/Ouargla dealers = UNKNOWN names,7,4,7,4,8,7,6,8,3,7,10,8,6,9,6,2,5,4,6,8,2,,,INVESTIGATE (priority 1),"Call Irrinet, Irriplast, Anabib, Medi Goutte: origin, DZD price/1000, MOQ, last stock-out, colour/size gaps; buy 10 samples at a Biskra/Boufarik dealer"
IF-07,Figure-8 end closure 16 mm (dripline),Drip fittings - end closures,Irrigation,Fits 120T confidently,PP,1.2,32,12.0,6000,4.0,ASSUMPTION,200000,ASSUMPTION,39.7,48.0,100,1,"none_found (UNKNOWN): No buyer-level pain found online (Ouedkniss/Facebook/Algerian sites not fetchable). Context only: Algerian imports of irrigation equipment HS 8424 grew ~91.8% (ICEX 2025 study, snippet) = demand gr...",Channel buyers to test (none confirmed as buyers of this part): Irrinet SARL (Boufarik); Irriplast SARL (Bordj Menaiel); Anabib Plastiques EURL (Ain Arnat); Medi Goutte SARL (Ain Benian); DripGlobe SARL (Draria); Algiers drip-tape producer (EspaceAgro listing); ISS / Union B et CH Plastique; Biskra/El Oued/Adrar/Ouargla dealers = UNKNOWN names,7,4,7,4,8,7,8,8,3,9,10,8,6,9,6,2,5,4,6,8,1,,,INVESTIGATE (priority 1),"Call Irrinet, Irriplast, Anabib, Medi Goutte: origin, DZD price/1000, MOQ, last stock-out, colour/size gaps; buy 10 samples at a Biskra/Boufarik dealer"
IF-08,"End plug / end cap 16 mm (barbed or ring-type, tape & dripline)",Drip fittings - end closures,Irrigation,Fits 120T confidently,PP,1.5,32,13.0,7000,5.0,ASSUMPTION,300000,ASSUMPTION,33.1,60.0,100,1,"none_found (UNKNOWN): No buyer-level pain found online (Ouedkniss/Facebook/Algerian sites not fetchable). Context only: Algerian imports of irrigation equipment HS 8424 grew ~91.8% (ICEX 2025 study, snippet) = demand gr...",Channel buyers to test (none confirmed as buyers of this part): Irrinet SARL (Boufarik); Irriplast SARL (Bordj Menaiel); Anabib Plastiques EURL (Ain Arnat); Medi Goutte SARL (Ain Benian); DripGlobe SARL (Draria); Algiers drip-tape producer (EspaceAgro listing); ISS / Union B et CH Plastique; Biskra/El Oued/Adrar/Ouargla dealers = UNKNOWN names,7,4,7,4,8,7,8,8,3,9,10,8,6,9,6,2,5,4,6,8,1,,,INVESTIGATE (priority 1),"Call Irrinet, Irriplast, Anabib, Medi Goutte: origin, DZD price/1000, MOQ, last stock-out, colour/size gaps; buy 10 samples at a Biskra/Boufarik dealer"
IF-09,Mini valve 16 mm barb x barb (body + handle + O-ring),Drip fittings - valves,Irrigation,Fits 120T confidently,POM,6.0,8,22.0,15000,50.0,ASSUMPTION,50000,ASSUMPTION,44.2,60.0,100,1,"none_found (UNKNOWN): No buyer-level pain found online (Ouedkniss/Facebook/Algerian sites not fetchable). Context only: Algerian imports of irrigation equipment HS 8424 grew ~91.8% (ICEX 2025 study, snippet) = demand gr...",Channel buyers to test (none confirmed as buyers of this part): Irrinet SARL (Boufarik); Irriplast SARL (Bordj Menaiel); Anabib Plastiques EURL (Ain Arnat); Medi Goutte SARL (Ain Benian); DripGlobe SARL (Draria); Algiers drip-tape producer (EspaceAgro listing); ISS / Union B et CH Plastique; Biskra/El Oued/Adrar/Ouargla dealers = UNKNOWN names,6,4,7,4,8,7,8,8,3,4,10,2,4,9,4,2,5,4,4,6,1,POM: no local stockist in small lots (Phase 1 resin trigger; lift only if a stockist is confirmed),,INVESTIGATE,"Gate: confirm a local POM stockist selling 25 kg lots (Polychimical/Distripol); if none, drop. Then: Call Irrinet, Irriplast, Anabib, Medi Goutte: origin, DZD price/1000, MOQ, last stock-out, colour/size gaps; buy 10 samples at a Biskra/Boufarik dealer"
IF-10,Tape-to-tape / start-connector mini valve 16/17 mm with lock nuts,Drip fittings - valves,Irrigation,Fits 120T confidently,PP,8.0,8,22.0,16000,50.0,ASSUMPTION,50000,ASSUMPTION,33.1,80.0,100,1,"none_found (UNKNOWN): No buyer-level pain found online (Ouedkniss/Facebook/Algerian sites not fetchable). Context only: Algerian imports of irrigation equipment HS 8424 grew ~91.8% (ICEX 2025 study, snippet) = demand gr...",Channel buyers to test (none confirmed as buyers of this part): Irrinet SARL (Boufarik); Irriplast SARL (Bordj Menaiel); Anabib Plastiques EURL (Ain Arnat); Medi Goutte SARL (Ain Benian); DripGlobe SARL (Draria); Algiers drip-tape producer (EspaceAgro listing); ISS / Union B et CH Plastique; Biskra/El Oued/Adrar/Ouargla dealers = UNKNOWN names,6,4,7,4,8,7,8,8,3,3,10,8,4,9,4,2,5,4,4,6,1,,,INVESTIGATE,"Call Irrinet, Irriplast, Anabib, Medi Goutte: origin, DZD price/1000, MOQ, last stock-out, colour/size gaps; buy 10 samples at a Biskra/Boufarik dealer"
IF-11,Offtake rubber grommet for PE/PVC sub-main (start connector seal),Drip fittings - seals,Irrigation,Other process,EPDM,1.0,32,60.0,5000,4.0,ASSUMPTION,300000,ASSUMPTION,26.5,40.0,999,1,"none_found (UNKNOWN): No buyer-level pain found online (Ouedkniss/Facebook/Algerian sites not fetchable). Context only: Algerian imports of irrigation equipment HS 8424 grew ~91.8% (ICEX 2025 study, snippet) = demand gr...",Channel buyers to test (none confirmed as buyers of this part): Irrinet SARL (Boufarik); Irriplast SARL (Bordj Menaiel); Anabib Plastiques EURL (Ain Arnat); Medi Goutte SARL (Ain Benian); DripGlobe SARL (Draria); Algiers drip-tape producer (EspaceAgro listing); ISS / Union B et CH Plastique; Biskra/El Oued/Adrar/Ouargla dealers = UNKNOWN names,5,4,7,4,8,7,5,8,3,10,0,1,6,9,6,2,5,4,1,5,0,Not injection: other process (rubber/steel/CNC),EPDM needs rubber molding (TPE trial only if buyers accept),KILL (process),No action: killed; re-open only if a named buyer asks for this part
IF-12,Online button dripper non-PC 2/4/8 L/h (2-part labyrinth),Emitters,Irrigation,Fits 120T confidently,PE,1.5,32,14.0,20000,6.0,ASSUMPTION,500000,ASSUMPTION,39.7,60.0,100,1,"none_found (UNKNOWN): No buyer-level pain found online (Ouedkniss/Facebook/Algerian sites not fetchable). Context only: Algerian imports of irrigation equipment HS 8424 grew ~91.8% (ICEX 2025 study, snippet) = demand gr...",Channel buyers to test (none confirmed as buyers of this part): Irrinet SARL (Boufarik); Irriplast SARL (Bordj Menaiel); Anabib Plastiques EURL (Ain Arnat); Medi Goutte SARL (Ain Benian); DripGlobe SARL (Draria); Algiers drip-tape producer (EspaceAgro listing); ISS / Union B et CH Plastique; Biskra/El Oued/Adrar/Ouargla dealers = UNKNOWN names,7,4,7,4,8,8,4,8,2,3,10,8,3,5,3,2,5,4,1,5,2,Emitter precision / ISO 9261 flow testing,"Precision labyrinth, ISO 9261 testing, brand trust (Aster, Irritec, Caudal)",KILL (entry) / INVESTIGATE later,Only after fittings succeed: ask dealers about dripper failure/clogging complaints
IF-13,Pressure-compensating dripper (with silicone/EPDM membrane),Emitters,Irrigation,Borderline 120T,PE,2.0,16,16.0,30000,12.0,ASSUMPTION,200000,ASSUMPTION,23.2,40.0,100,1,"none_found (UNKNOWN): No buyer-level pain found online (Ouedkniss/Facebook/Algerian sites not fetchable). Context only: Algerian imports of irrigation equipment HS 8424 grew ~91.8% (ICEX 2025 study, snippet) = demand gr...",Channel buyers to test (none confirmed as buyers of this part): Irrinet SARL (Boufarik); Irriplast SARL (Bordj Menaiel); Anabib Plastiques EURL (Ain Arnat); Medi Goutte SARL (Ain Benian); DripGlobe SARL (Draria); Algiers drip-tape producer (EspaceAgro listing); ISS / Union B et CH Plastique; Biskra/El Oued/Adrar/Ouargla dealers = UNKNOWN names,7,4,7,4,8,8,2,3,2,2,6,8,1,5,1,2,5,4,1,5,2,Emitter precision (PC membrane) / ISO 9261,"PC membrane emitter: ISO 9261, brand trust, US$30k mold, ~10% margin",KILL,No action: killed; re-open only if a named buyer asks for this part
IF-14,Inline flat emitter for dripline extrusion,Emitters,Irrigation,Borderline 120T,PE,0.3,64,8.0,45000,1.5,ASSUMPTION,2000000,ASSUMPTION,31.8,24.0,100,1,"none_found (UNKNOWN): No buyer-level pain found online (Ouedkniss/Facebook/Algerian sites not fetchable). Context only: Algerian imports of irrigation equipment HS 8424 grew ~91.8% (ICEX 2025 study, snippet) = demand gr...",Dripline extruders (Anabib? Algiers tape producer? - UNKNOWN which extrude flat-emitter dripline),6,4,7,4,3,8,6,1,4,1,6,8,1,9,1,2,5,4,1,3,2,Emitter micron precision tied to extruder inserter / ISO 9261,"Inline emitter: micron tolerances, tied to extruder inserter, US$45k mold",KILL,No action: killed; re-open only if a named buyer asks for this part. [Press note: cavities raised 64->98 to reach 35 g min shot on 100 t]
IF-15,Hole punch for PE pipe 16-20 mm (dripper/start-connector punch),Installer tools,Irrigation,Fits 120T confidently,ABS,12.0,4,25.0,7000,80.0,ASSUMPTION,5000,ASSUMPTION,41.4,60.0,60,1,"none_found (UNKNOWN): No buyer-level pain found online (Ouedkniss/Facebook/Algerian sites not fetchable). Context only: Algerian imports of irrigation equipment HS 8424 grew ~91.8% (ICEX 2025 study, snippet) = demand gr...",Channel buyers to test (none confirmed as buyers of this part): Irrinet SARL (Boufarik); Irriplast SARL (Bordj Menaiel); Anabib Plastiques EURL (Ain Arnat); Medi Goutte SARL (Ain Benian); DripGlobe SARL (Draria); Algiers drip-tape producer (EspaceAgro listing); ISS / Union B et CH Plastique; Biskra/El Oued/Adrar/Ouargla dealers = UNKNOWN names,3,4,7,4,8,4,6,8,2,9,10,2,6,9,6,2,5,4,6,2,1,ABS: no local stockist in small lots (Phase 1 resin trigger; lift only if a stockist is confirmed),,INVESTIGATE (low),"Gate: confirm a local ABS stockist selling 25 kg lots (Polychimical/Distripol); if none, drop. Then: Call Irrinet, Irriplast, Anabib, Medi Goutte: origin, DZD price/1000, MOQ, last stock-out, colour/size gaps; buy 10 samples at a Biskra/Boufarik dealer"
IF-16,Micro-tube stake / dripper stake (piquet) 4/7 mm,Micro-irrigation accessories,Irrigation,Fits 120T confidently,PP,2.5,16,15.0,7000,6.0,ASSUMPTION,100000,ASSUMPTION,59.6,50.0,100,1,"none_found (UNKNOWN): No buyer-level pain found online (Ouedkniss/Facebook/Algerian sites not fetchable). Context only: Algerian imports of irrigation equipment HS 8424 grew ~91.8% (ICEX 2025 study, snippet) = demand gr...",Channel buyers to test (none confirmed as buyers of this part): Irrinet SARL (Boufarik); Irriplast SARL (Bordj Menaiel); Anabib Plastiques EURL (Ain Arnat); Medi Goutte SARL (Ain Benian); DripGlobe SARL (Draria); Algiers drip-tape producer (EspaceAgro listing); ISS / Union B et CH Plastique; Biskra/El Oued/Adrar/Ouargla dealers = UNKNOWN names,5,4,7,4,8,7,6,8,2,9,10,8,6,9,6,2,5,4,6,6,1,,,INVESTIGATE,"Call Irrinet, Irriplast, Anabib, Medi Goutte: origin, DZD price/1000, MOQ, last stock-out, colour/size gaps; buy 10 samples at a Biskra/Boufarik dealer"
IF-17,Barbed micro-tube connector/tee 4/7 mm and arrow-dripper,Micro-irrigation accessories,Irrigation,Borderline 120T,PP,0.5,64,14.0,12000,1.93,ASSUMPTION,300000,ASSUMPTION,26.5,40.0,100,1,"none_found (UNKNOWN): No buyer-level pain found online (Ouedkniss/Facebook/Algerian sites not fetchable). Context only: Algerian imports of irrigation equipment HS 8424 grew ~91.8% (ICEX 2025 study, snippet) = demand gr...",Channel buyers to test (none confirmed as buyers of this part): Irrinet SARL (Boufarik); Irriplast SARL (Bordj Menaiel); Anabib Plastiques EURL (Ain Arnat); Medi Goutte SARL (Ain Benian); DripGlobe SARL (Draria); Algiers drip-tape producer (EspaceAgro listing); ISS / Union B et CH Plastique; Biskra/El Oued/Adrar/Ouargla dealers = UNKNOWN names,5,4,7,4,8,7,6,8,2,6,6,8,6,9,6,2,5,4,6,6,1,,,INVESTIGATE (low),"Call Irrinet, Irriplast, Anabib, Medi Goutte: origin, DZD price/1000, MOQ, last stock-out, colour/size gaps; buy 10 samples at a Biskra/Boufarik dealer"
IF-18,Micro-sprinkler / mini-sprayer head (rotor + body + stake adaptor),Sprinkler parts,Irrigation,Borderline 120T,POM,4.0,8,20.0,15000,25.0,ASSUMPTION,50000,ASSUMPTION,27.6,40.0,80,1,"none_found (UNKNOWN): No buyer-level pain found online (Ouedkniss/Facebook/Algerian sites not fetchable). Context only: Algerian imports of irrigation equipment HS 8424 grew ~91.8% (ICEX 2025 study, snippet) = demand gr...",Channel buyers to test (none confirmed as buyers of this part): Irrinet SARL (Boufarik); Irriplast SARL (Bordj Menaiel); Anabib Plastiques EURL (Ain Arnat); Medi Goutte SARL (Ain Benian); DripGlobe SARL (Draria); Algiers drip-tape producer (EspaceAgro listing); ISS / Union B et CH Plastique; Biskra/El Oued/Adrar/Ouargla dealers = UNKNOWN names,4,4,6,4,8,6,4,8,3,4,6,2,3,9,3,2,5,4,4,4,1,POM: no local stockist in small lots (Phase 1 resin trigger; lift only if a stockist is confirmed),,INVESTIGATE (low),"Gate: confirm a local POM stockist selling 25 kg lots (Polychimical/Distripol); if none, drop. Then: Call Irrinet, Irriplast, Anabib, Medi Goutte: origin, DZD price/1000, MOQ, last stock-out, colour/size gaps; buy 10 samples at a Biskra/Boufarik dealer. [Press note: cavities raised 8->10 to reach 30 g min shot on 80 t]"
IF-19,Impact sprinkler plastic body 1/2-3/4 in (spare/whole),Sprinkler parts,Irrigation,Fits 120T confidently,PA6-GF,45.0,2,35.0,18000,250.0,ASSUMPTION,10000,ASSUMPTION,45.5,103.5,100,1,"none_found (UNKNOWN): No buyer-level pain found online (Ouedkniss/Facebook/Algerian sites not fetchable). Context only: Algerian imports of irrigation equipment HS 8424 grew ~91.8% (ICEX 2025 study, snippet) = demand gr...",Channel buyers to test (none confirmed as buyers of this part): Irrinet SARL (Boufarik); Irriplast SARL (Bordj Menaiel); Anabib Plastiques EURL (Ain Arnat); Medi Goutte SARL (Ain Benian); DripGlobe SARL (Draria); Algiers drip-tape producer (EspaceAgro listing); ISS / Union B et CH Plastique; Biskra/El Oued/Adrar/Ouargla dealers = UNKNOWN names,4,4,6,4,8,6,6,8,3,3,10,4,3,9,3,2,5,4,4,4,2,,,INVESTIGATE (low),Check if El Oued/Adrar pivot & sprinkler dealers sell plastic impact sprinklers and origin
IF-20,Lay-flat hose (layflat) take-off / layflat-to-tape connector,Drip fittings - tape connectors,Irrigation,Fits 120T confidently,PP,5.0,8,20.0,9000,20.0,ASSUMPTION,50000,ASSUMPTION,23.2,50.0,80,1,"none_found (UNKNOWN): No buyer-level pain found online (Ouedkniss/Facebook/Algerian sites not fetchable). Context only: Algerian imports of irrigation equipment HS 8424 grew ~91.8% (ICEX 2025 study, snippet) = demand gr...",Channel buyers to test (none confirmed as buyers of this part): Irrinet SARL (Boufarik); Irriplast SARL (Bordj Menaiel); Anabib Plastiques EURL (Ain Arnat); Medi Goutte SARL (Ain Benian); DripGlobe SARL (Draria); Algiers drip-tape producer (EspaceAgro listing); ISS / Union B et CH Plastique; Biskra/El Oued/Adrar/Ouargla dealers = UNKNOWN names,7,4,7,4,8,7,6,8,3,7,10,8,6,9,6,2,5,4,6,8,1,,,INVESTIGATE,"Call Irrinet, Irriplast, Anabib, Medi Goutte: origin, DZD price/1000, MOQ, last stock-out, colour/size gaps; buy 10 samples at a Biskra/Boufarik dealer"
IF-21,PP compression coupling 20 mm (agri PE pipe),Compression fittings,Irrigation,Fits 120T confidently,PP,35.0,2,30.0,22000,120.0,ASSUMPTION,15000,ASSUMPTION,18.2,80.5,100,1,"none_found (UNKNOWN): No buyer-level pain found online (Ouedkniss/Facebook/Algerian sites not fetchable). Context only: Algerian imports of irrigation equipment HS 8424 grew ~91.8% (ICEX 2025 study, snippet) = demand gr...",Channel buyers to test (none confirmed as buyers of this part): Irrinet SARL (Boufarik); Irriplast SARL (Bordj Menaiel); Anabib Plastiques EURL (Ain Arnat); Medi Goutte SARL (Ain Benian); DripGlobe SARL (Draria); Algiers drip-tape producer (EspaceAgro listing); ISS / Union B et CH Plastique; Biskra/El Oued/Adrar/Ouargla dealers = UNKNOWN names; Groupe Chiali channel (pipe maker - possible compe...,5,4,6,3,8,7,6,5,3,2,10,8,3,5,3,2,5,4,3,6,2,,,INVESTIGATE,Price check of Turkish/Italian compression fittings at a Boufarik dealer; ask Chiali if they outsource fittings
IF-22,PP compression tee 32 mm (agri PE pipe) - body,Compression fittings,Irrigation,Fits 120T confidently,PP,110.0,1,45.0,28000,350.0,ASSUMPTION,8000,ASSUMPTION,22.8,126.5,120,1,"none_found (UNKNOWN): No buyer-level pain found online (Ouedkniss/Facebook/Algerian sites not fetchable). Context only: Algerian imports of irrigation equipment HS 8424 grew ~91.8% (ICEX 2025 study, snippet) = demand gr...",Channel buyers to test (none confirmed as buyers of this part): Irrinet SARL (Boufarik); Irriplast SARL (Bordj Menaiel); Anabib Plastiques EURL (Ain Arnat); Medi Goutte SARL (Ain Benian); DripGlobe SARL (Draria); Algiers drip-tape producer (EspaceAgro listing); ISS / Union B et CH Plastique; Biskra/El Oued/Adrar/Ouargla dealers = UNKNOWN names,5,4,6,3,8,7,6,8,3,2,10,8,3,5,3,2,5,4,3,6,2,,,INVESTIGATE (low),Price check of Turkish/Italian compression fittings at a Boufarik dealer; ask Chiali if they outsource fittings
IF-23,Disc filter housing 3/4 in (body + cap),Filtration,Irrigation,Requires larger injection press,PP-GF,180.0,1,50.0,30000,1500.0,ASSUMPTION,5000,ASSUMPTION,38.6,207.0,160,1,"none_found (UNKNOWN): No buyer-level pain found online (Ouedkniss/Facebook/Algerian sites not fetchable). Context only: Algerian imports of irrigation equipment HS 8424 grew ~91.8% (ICEX 2025 study, snippet) = demand gr...",Channel buyers to test (none confirmed as buyers of this part): Irrinet SARL (Boufarik); Irriplast SARL (Bordj Menaiel); Anabib Plastiques EURL (Ain Arnat); Medi Goutte SARL (Ain Benian); DripGlobe SARL (Draria); Algiers drip-tape producer (EspaceAgro listing); ISS / Union B et CH Plastique; Biskra/El Oued/Adrar/Ouargla dealers = UNKNOWN names,4,4,6,4,8,5,9,8,3,2,2,5,3,9,3,2,5,4,2,3,0,,Machine size: shot >200 g / mold 450 mm (needs >120 t press),KILL (machine size),No action: killed; re-open only if a named buyer asks for this part
IF-24,Irrigation valve box 6-10 in (lid + body),Valve boxes,Irrigation,Requires larger injection press,PP,900.0,1,70.0,35000,2500.0,ASSUMPTION,2000,ASSUMPTION,248.4,1035.0,999,1,"none_found (UNKNOWN): No buyer-level pain found online (Ouedkniss/Facebook/Algerian sites not fetchable). Context only: Algerian imports of irrigation equipment HS 8424 grew ~91.8% (ICEX 2025 study, snippet) = demand gr...",Channel buyers to test (none confirmed as buyers of this part): Irrinet SARL (Boufarik); Irriplast SARL (Bordj Menaiel); Anabib Plastiques EURL (Ain Arnat); Medi Goutte SARL (Ain Benian); DripGlobe SARL (Draria); Algiers drip-tape producer (EspaceAgro listing); ISS / Union B et CH Plastique; Biskra/El Oued/Adrar/Ouargla dealers = UNKNOWN names,4,4,6,4,8,5,8,8,3,1,1,8,6,9,6,2,5,4,2,3,0,Needs >160 t press (beyond founder press),"Machine size: clamp ~250 t, shot ~1 kg, mold 600 mm",KILL (machine size),No action: killed; re-open only if a named buyer asks for this part
IF-25,Greenhouse film snap clip for 20/25/32 mm tube (clip serre),Greenhouse clips,Irrigation / plasticulture,Fits 120T confidently,PP,6.0,8,18.0,6000,10.0,ASSUMPTION,200000,ASSUMPTION,33.1,60.0,80,0,none_found (UNKNOWN): No pain found. Ouedkniss snippet: greenhouse film listed at 305 DA (unit unclear); tunnel greenhouse kits sold online.,Greenhouse growers & input dealers Biskra (names UNKNOWN); greenhouse kit sellers on Ouedkniss (tunnel 'pieds droits boulonnés' listing); greenhouse builders = UNKNOWN (Phase 1 found none),4,4,6,5,8,7,4,8,3,9,10,8,6,9,6,2,5,4,6,6,3,,,INVESTIGATE,"Visit 3 Biskra input dealers: what clips/clamps used, origin, price; or do growers use wire/profiles only?"
IF-26,Tomato/vine truss clip & trellis clip (plant clip),Greenhouse clips,Irrigation / plasticulture,Borderline 120T,PP,0.5,32,12.0,8000,2.0,ASSUMPTION,300000,ASSUMPTION,19.9,20.0,80,0,none_found (UNKNOWN): No pain found online.,Greenhouse growers & input dealers Biskra (names UNKNOWN); greenhouse kit sellers on Ouedkniss (tunnel 'pieds droits boulonnés' listing); greenhouse builders = UNKNOWN (Phase 1 found none),4,4,6,5,8,7,8,8,3,7,6,8,6,9,6,2,5,4,6,6,1,,,INVESTIGATE,Ask Biskra growers whether they use clips or string only. [Press note: cavities raised 32->48 to reach 30 g min shot on 80 t]
IF-27,Shade-net / insect-net clip (clip filet ombrage),Greenhouse clips,Irrigation / plasticulture,Fits 120T confidently,PP,3.0,16,15.0,6000,6.0,ASSUMPTION,100000,ASSUMPTION,39.7,60.0,80,0,none_found (UNKNOWN): No pain found online.,Greenhouse growers & input dealers Biskra (names UNKNOWN); greenhouse kit sellers on Ouedkniss (tunnel 'pieds droits boulonnés' listing); greenhouse builders = UNKNOWN (Phase 1 found none),4,4,6,5,8,7,6,8,3,9,10,8,6,9,6,2,5,4,6,6,1,,,INVESTIGATE (low),"Visit 3 Biskra input dealers: what clips/clamps used, origin, price; or do growers use wire/profiles only?"
IF-28,"Poultry nipple drinker body (POM) - 360 deg nipple, with SS pin/ball assembly",Poultry drinking,Agri equipment,Fits 120T confidently,POM,3.0,16,18.0,14000,59.78,ASSUMPTION,50000,ASSUMPTION,33.1,60.0,80,1,"no_local_supplier (WEAK SIGNAL): Academic (ENSV thesis, undated): broiler sector chronically under-equipped in brooders, feeders, drinkers; near-total reliance on world markets for equipment. Ouedkniss snippet shows 'Abreuvoir G86...",Broiler/layer farms; poultry-equipment dealers (names UNKNOWN; Ouedkniss sellers of 'matériel poulet de chair'); integrators/ONAB-type = UNKNOWN,6,5,8,7,8,7,8,8,3,4,10,2,3,9,3,2,5,5,5,5,1,POM: no local stockist in small lots (Phase 1 resin trigger; lift only if a stockist is confirmed),,INVESTIGATE,"Gate: confirm a local POM stockist selling 25 kg lots (Polychimical/Distripol); if none, drop. Then: Call 3 poultry-equipment dealers (Setif/BBA/Bouira, names via Ouedkniss): nipple origin, DZD price/100, leak/drip complaints, stock-outs"
IF-29,Nipple drip cup / drinker cup (clip-on),Poultry drinking,Agri equipment,Borderline 120T,PP,4.0,8,16.0,7000,15.0,ASSUMPTION,50000,ASSUMPTION,39.7,40.0,80,1,"no_local_supplier (WEAK SIGNAL): Academic (ENSV thesis, undated): broiler sector chronically under-equipped in brooders, feeders, drinkers; near-total reliance on world markets for equipment. Ouedkniss snippet shows 'Abreuvoir G86...",Broiler/layer farms; poultry-equipment dealers (names UNKNOWN; Ouedkniss sellers of 'matériel poulet de chair'); integrators/ONAB-type = UNKNOWN,5,5,8,7,8,7,8,8,4,9,6,8,6,9,6,2,5,6,6,5,1,,,INVESTIGATE,"Call 3 poultry-equipment dealers (Setif/BBA/Bouira, names via Ouedkniss): nipple origin, DZD price/100, leak/drip complaints, stock-outs"
IF-30,Drinker-line saddle / pipe clamp & line connector (square/round pipe),Poultry drinking,Agri equipment,Fits 120T confidently,PP,6.0,8,18.0,8000,20.0,ASSUMPTION,30000,ASSUMPTION,26.5,60.0,80,1,"no_local_supplier (WEAK SIGNAL): Academic (ENSV thesis, undated): broiler sector chronically under-equipped in brooders, feeders, drinkers; near-total reliance on world markets for equipment. Ouedkniss snippet shows 'Abreuvoir G86...",Broiler/layer farms; poultry-equipment dealers (names UNKNOWN; Ouedkniss sellers of 'matériel poulet de chair'); integrators/ONAB-type = UNKNOWN,5,5,8,7,8,7,6,8,4,7,10,8,6,9,6,2,5,6,6,5,1,,,INVESTIGATE (low),"Call 3 poultry-equipment dealers (Setif/BBA/Bouira, names via Ouedkniss): nipple origin, DZD price/100, leak/drip complaints, stock-outs"
IF-31,Broiler pan feeder (pan + grill + cone),Poultry feeding,Agri equipment,Requires larger injection press,PP,450.0,1,55.0,40000,1200.0,ASSUMPTION,10000,ASSUMPTION,331.2,517.5,999,1,"no_local_supplier (WEAK SIGNAL): Academic (ENSV thesis, undated): broiler sector chronically under-equipped in brooders, feeders, drinkers; near-total reliance on world markets for equipment. Ouedkniss snippet shows 'Abreuvoir G86...",Broiler/layer farms; poultry-equipment dealers (names UNKNOWN; Ouedkniss sellers of 'matériel poulet de chair'); integrators/ONAB-type = UNKNOWN,4,5,7,5,8,5,8,8,3,1,1,8,6,9,6,2,5,6,2,3,0,Needs >160 t press (beyond founder press),"Machine size: clamp ~330 t, shot ~520 g",KILL (machine size),No action: killed; re-open only if a named buyer asks for this part
IF-32,Manual chick drinker base 3-5 L / chick feeder tray,Poultry feeding,Agri equipment,Requires larger injection press,PP,250.0,1,45.0,20000,500.0,ASSUMPTION,5000,ASSUMPTION,186.3,287.5,999,1,"no_local_supplier (WEAK SIGNAL): Academic (ENSV thesis, undated): broiler sector chronically under-equipped in brooders, feeders, drinkers; near-total reliance on world markets for equipment. Ouedkniss snippet shows 'Abreuvoir G86...",Broiler/layer farms; poultry-equipment dealers (names UNKNOWN; Ouedkniss sellers of 'matériel poulet de chair'); integrators/ONAB-type = UNKNOWN,4,5,7,5,8,5,8,8,3,3,1,8,6,9,6,2,5,6,2,3,0,Needs >160 t press (beyond founder press),"Machine size: clamp ~190 t, shot ~290 g",KILL (machine size),No action: killed; re-open only if a named buyer asks for this part
IF-33,Hatchery/incubator egg tray (setter tray),Hatchery,Agri equipment,Requires larger injection press,PP,400.0,1,50.0,35000,600.0,ASSUMPTION,3000,ASSUMPTION,372.6,460.0,999,0,"no_local_supplier (WEAK SIGNAL): Academic (ENSV thesis, undated): broiler sector chronically under-equipped in brooders, feeders, drinkers; near-total reliance on world markets for equipment. Ouedkniss snippet shows 'Abreuvoir G86...",Hatcheries (names UNKNOWN),4,5,7,5,8,5,4,8,3,1,1,8,6,9,6,2,5,6,2,3,0,Needs >160 t press (beyond founder press),"Machine size: clamp ~370 t, mold 600 mm",KILL (machine size),No action: killed; re-open only if a named buyer asks for this part
IF-34,Beehive entrance disc / entrance reducer,Beekeeping,Agri equipment,Fits 120T confidently,PP,12.0,4,22.0,6000,60.0,ASSUMPTION,10000,ASSUMPTION,49.7,60.0,80,0,none_found (UNKNOWN): No pain found (not searched successfully; budget exhausted).,Beekeeping cooperatives & equipment shops (names UNKNOWN),3,4,6,5,8,5,4,8,3,9,10,8,6,9,6,2,6,6,5,3,1,,,INVESTIGATE (low),Ouedkniss price check 'ruche matériel apiculture'; ask 2 apiculture shops
IF-35,Queen cage / queen-marking cage & frame spacers,Beekeeping,Agri equipment,Borderline 120T,PP,4.0,8,18.0,6000,20.0,ASSUMPTION,10000,ASSUMPTION,26.5,40.0,60,0,none_found (UNKNOWN): No pain found.,Beekeepers / apiculture shops (UNKNOWN),3,4,6,5,8,5,2,8,3,9,6,8,6,9,6,2,6,6,5,3,1,,,INVESTIGATE (low),Ouedkniss price check 'ruche matériel apiculture'; ask 2 apiculture shops
IF-36,Plastic queen excluder 420x500 mm,Beekeeping,Agri equipment,Requires larger injection press,PP,180.0,1,40.0,25000,300.0,ASSUMPTION,3000,ASSUMPTION,1304.1,207.0,999,0,none_found (UNKNOWN): No pain found.,Beekeepers (UNKNOWN),3,4,6,5,8,5,0,8,3,2,1,8,6,9,6,2,6,6,5,3,0,Needs >160 t press (beyond founder press),Machine size: projected area needs >800 t,KILL (machine size),No action: killed; re-open only if a named buyer asks for this part
IF-37,"Livestock ear tag, 2-piece (female + male) TPU, blank/laser-numbered",Animal ID,Agri equipment,Fits 120T confidently,TPU,5.0,8,30.0,18000,40.0,ASSUMPTION,50000,ASSUMPTION,53.0,50.0,80,0,none_found (UNKNOWN): No pain or programme status found (search budget exhausted before query).,Ministry of Agriculture / veterinary services identification programme (status UNKNOWN); breeders' cooperatives,3,4,7,5,3,6,4,8,4,3,10,2,3,1,3,2,3,5,1,3,2,"Official ID approval (ICAR-type numbering, state tender); TPU not stocked",,INVESTIGATE (low) / likely KILL,Ask DSV/ministry whether a national bovine/ovine tagging programme is active and who supplies tags
IF-38,"Pivot / sprinkler-line plastic parts (cable clips, nozzle body caps, drop-hose weights caps)",Pivot parts,Agri equipment,Fits 120T confidently,PA6,8.0,8,22.0,12000,30.0,ASSUMPTION,20000,ASSUMPTION,44.2,80.0,80,1,no_local_supplier (WEAK SIGNAL): Policy-level: Radio Algerie (AR) snippet - AGM urged to partner with public firm 'Anabib' to cut imports of some plastic components used in mechanical equipment (date/attribution of snippet uncerta...,"AGM (state pivot maker, production since May 2024); Condor solar pivot (El Oued) - captive molding likely",4,6,8,6,2,7,4,8,9,6,10,4,6,9,6,2,3,5,3,5,1,,,INVESTIGATE,Contact AGM local-integration/achats: list of imported plastic parts on pivots
IF-39,"Internal tube end cap / chair-leg insert, round 22/25 mm (embout interieur)",Tube end caps & ferrules,Furniture,Fits 120T confidently,LDPE,3.0,16,16.0,8000,5.0,ASSUMPTION,300000,ASSUMPTION,33.1,60.0,80,1,"none_found (UNKNOWN): No part-level pain found. Context: ONS Q2-2025 survey - 30% of private industrial bosses say raw-material supply below demand (all sectors, TSA snippet); historic furniture price surge tied to impo...",Divindus AMM (Bab Ezzouar); EACIM (Rouiba); SM Mobilier (Ouled Moussa); Dhikra Office (Ouled Heddadj); Louai Meuble; Vecor Design; MAM (Blum rep); Tizi Ouzou / Beni Mered clusters (names UNKNOWN) - none confirmed as buyers of this part,6,4,7,6,6,8,4,8,6,7,10,8,6,9,6,2,5,6,7,8,2,,,INVESTIGATE (priority 1),"Visit EACIM, Divindus AMM, SM Mobilier + 2 quincaillerie-meuble wholesalers (Algiers/Beni Mered): current origin, DZD/100, MOQ, colour/size gaps, stock-outs"
IF-40,"Square/rectangular tube insert 20x20 / 25x25 / 20x40 mm (school desks, metal furniture) [merged duplicates: IF-40 + JC-12]",Tube end caps & ferrules,Furniture,Fits 120T confidently,LDPE,4.0,16,16.0,9000,6.0,ASSUMPTION,300000,ASSUMPTION,39.7,80.0,80,1,"none_found (UNKNOWN): No part-level pain found. Context: ONS Q2-2025 survey - 30% of private industrial bosses say raw-material supply below demand (all sectors, TSA snippet); historic furniture price surge tied to impo...","Divindus AMM (Bab Ezzouar); EACIM (Rouiba); SM Mobilier (Ouled Moussa); Dhikra Office (Ouled Heddadj); Louai Meuble; Vecor Design; MAM (Blum rep); Tizi Ouzou / Beni Mered clusters (names UNKNOWN) - none confirmed as buyers of this part | JC-12 buyers: Leader Aluminium (Hammedi, Boumerdès; distributor); Oxxo/Cevital (Aïn Taghrout, BBA; PVC windows 2.1M/yr); Izdihar PVC (Tiaret; 117k units/yr); s...",6,4,7,6,6,8,4,8,6,7,10,8,6,9,6,2,5,6,7,8,2,,,INVESTIGATE (priority 1),"Visit EACIM, Divindus AMM, SM Mobilier + 2 quincaillerie-meuble wholesalers (Algiers/Beni Mered): current origin, DZD/100, MOQ, colour/size gaps, stock-outs"
IF-41,"External ferrule cap / chair-leg tip 22/25 mm (embout exterieur, floor-protecting)",Tube end caps & ferrules,Furniture,Fits 120T confidently,PP,4.0,16,16.0,8000,6.0,ASSUMPTION,200000,ASSUMPTION,39.7,80.0,80,1,"none_found (UNKNOWN): No part-level pain found. Context: ONS Q2-2025 survey - 30% of private industrial bosses say raw-material supply below demand (all sectors, TSA snippet); historic furniture price surge tied to impo...",Divindus AMM (Bab Ezzouar); EACIM (Rouiba); SM Mobilier (Ouled Moussa); Dhikra Office (Ouled Heddadj); Louai Meuble; Vecor Design; MAM (Blum rep); Tizi Ouzou / Beni Mered clusters (names UNKNOWN) - none confirmed as buyers of this part,6,4,7,6,6,8,4,8,6,7,10,8,6,9,6,2,5,6,7,8,2,,,INVESTIGATE (priority 1),"Visit EACIM, Divindus AMM, SM Mobilier + 2 quincaillerie-meuble wholesalers (Algiers/Beni Mered): current origin, DZD/100, MOQ, colour/size gaps, stock-outs"
IF-42,Nail-on glide 19-24 mm (patin a clouer) with steel nail,Glides & feet,Furniture,Fits 120T confidently,HDPE,2.0,24,14.0,8000,5.0,ASSUMPTION,300000,ASSUMPTION,39.7,60.0,80,1,"none_found (UNKNOWN): No part-level pain found. Context: ONS Q2-2025 survey - 30% of private industrial bosses say raw-material supply below demand (all sectors, TSA snippet); historic furniture price surge tied to impo...",Divindus AMM (Bab Ezzouar); EACIM (Rouiba); SM Mobilier (Ouled Moussa); Dhikra Office (Ouled Heddadj); Louai Meuble; Vecor Design; MAM (Blum rep); Tizi Ouzou / Beni Mered clusters (names UNKNOWN) - none confirmed as buyers of this part,6,4,7,6,6,8,2,8,6,7,10,8,6,9,6,2,5,6,7,8,2,,,INVESTIGATE (priority 1),"Visit EACIM, Divindus AMM, SM Mobilier + 2 quincaillerie-meuble wholesalers (Algiers/Beni Mered): current origin, DZD/100, MOQ, colour/size gaps, stock-outs"
IF-43,Screw-in / swivel glide with M6-M8 bolt (chair & table),Glides & feet,Furniture,Fits 120T confidently,PP,6.0,8,25.0,9000,20.0,ASSUMPTION,50000,ASSUMPTION,19.9,60.0,80,1,"none_found (UNKNOWN): No part-level pain found. Context: ONS Q2-2025 survey - 30% of private industrial bosses say raw-material supply below demand (all sectors, TSA snippet); historic furniture price surge tied to impo...",Divindus AMM (Bab Ezzouar); EACIM (Rouiba); SM Mobilier (Ouled Moussa); Dhikra Office (Ouled Heddadj); Louai Meuble; Vecor Design; MAM (Blum rep); Tizi Ouzou / Beni Mered clusters (names UNKNOWN) - none confirmed as buyers of this part,4,4,7,6,6,8,2,8,4,7,10,8,5,9,6,2,5,6,5,6,2,,,INVESTIGATE,"Visit EACIM, Divindus AMM, SM Mobilier + 2 quincaillerie-meuble wholesalers (Algiers/Beni Mered): current origin, DZD/100, MOQ, colour/size gaps, stock-outs"
IF-44,Levelling foot M8/M10 (verin pied) for cabinets/office furniture [merged duplicates: IF-44 + OS-032],Glides & feet,Furniture,Fits 120T confidently,PA6,25.0,4,30.0,11000,40.0,ASSUMPTION,100000,ASSUMPTION,41.4,115.0,100,1,"none_found (UNKNOWN): No part-level pain found. Context: ONS Q2-2025 survey - 30% of private industrial bosses say raw-material supply below demand (all sectors, TSA snippet); historic furniture price surge tied to impo...","Divindus AMM (Bab Ezzouar); EACIM (Rouiba); SM Mobilier (Ouled Moussa); Dhikra Office (Ouled Heddadj); Louai Meuble; Vecor Design; MAM (Blum rep); Tizi Ouzou / Beni Mered clusters (names UNKNOWN) - none confirmed as buyers of this part; kitchen makers (MAM) | OS-032 buyers: ENIEM (Tizi Ouzou), Geant (BBA), Samha/Samsung (Setif), Condor (BBA), Iris (Setif); repairers/spare-part shops; furniture...",5,4,7,6,6,8,0,8,5,6,10,4,5,9,6,2,5,5,5,6,3,,,INVESTIGATE,"Visit EACIM, Divindus AMM, SM Mobilier + 2 quincaillerie-meuble wholesalers (Algiers/Beni Mered): current origin, DZD/100, MOQ, colour/size gaps, stock-outs"
IF-45,Adjustable kitchen-cabinet plinth leg 100-150 mm + plinth clip,Glides & feet,Furniture,Fits 120T confidently,PP,45.0,2,32.0,20000,80.0,ASSUMPTION,30000,ASSUMPTION,20.7,103.5,100,1,"none_found (UNKNOWN): No part-level pain found. Context: ONS Q2-2025 survey - 30% of private industrial bosses say raw-material supply below demand (all sectors, TSA snippet); historic furniture price surge tied to impo...","MAM (kitchens, Blum rep); Vecor Design; SM Mobilier (kitchens); kitchen workshops (UNKNOWN names)",4,4,7,6,5,8,4,8,4,3,10,8,5,9,6,2,5,6,5,6,3,,,INVESTIGATE,"Ask MAM & 3 kitchen workshops: legs per cabinet, origin, price, gaps"
IF-46,Cam-lock cover cap (cache-excentrique) colour-matched to melamine,Covers & caps,Furniture,Borderline 120T,PP,0.5,48,12.0,9000,1.0,ASSUMPTION,500000,ASSUMPTION,39.7,30.0,100,1,"none_found (UNKNOWN): No part-level pain found. Context: ONS Q2-2025 survey - 30% of private industrial bosses say raw-material supply below demand (all sectors, TSA snippet); historic furniture price surge tied to impo...",Divindus AMM (Bab Ezzouar); EACIM (Rouiba); SM Mobilier (Ouled Moussa); Dhikra Office (Ouled Heddadj); Louai Meuble; Vecor Design; MAM (Blum rep); Tizi Ouzou / Beni Mered clusters (names UNKNOWN) - none confirmed as buyers of this part,5,4,7,6,6,8,6,8,5,7,6,8,6,9,6,2,5,6,7,8,1,,,INVESTIGATE (priority 2),"Visit EACIM, Divindus AMM, SM Mobilier + 2 quincaillerie-meuble wholesalers (Algiers/Beni Mered): current origin, DZD/100, MOQ, colour/size gaps, stock-outs. [Press note: cavities raised 48->56 to reach 35 g min shot on 100 t]"
IF-47,Snap-on screw cover cap 2-part (cache-vis) colours,Covers & caps,Furniture,Borderline 120T,PP,0.4,64,12.0,11000,1.0,ASSUMPTION,500000,ASSUMPTION,39.7,32.0,100,1,"none_found (UNKNOWN): No part-level pain found. Context: ONS Q2-2025 survey - 30% of private industrial bosses say raw-material supply below demand (all sectors, TSA snippet); historic furniture price surge tied to impo...",Divindus AMM (Bab Ezzouar); EACIM (Rouiba); SM Mobilier (Ouled Moussa); Dhikra Office (Ouled Heddadj); Louai Meuble; Vecor Design; MAM (Blum rep); Tizi Ouzou / Beni Mered clusters (names UNKNOWN) - none confirmed as buyers of this part,5,4,7,6,6,8,6,8,5,6,6,8,6,9,6,2,5,6,7,8,1,,,INVESTIGATE (priority 2),"Visit EACIM, Divindus AMM, SM Mobilier + 2 quincaillerie-meuble wholesalers (Algiers/Beni Mered): current origin, DZD/100, MOQ, colour/size gaps, stock-outs. [Press note: cavities raised 64->70 to reach 35 g min shot on 100 t]"
IF-48,Shelf support pin 5 mm (taquet) plastic,Covers & caps,Furniture,Fits 120T confidently,PP,0.8,64,12.0,9000,1.5,ASSUMPTION,500000,ASSUMPTION,26.5,64.0,100,1,"none_found (UNKNOWN): No part-level pain found. Context: ONS Q2-2025 survey - 30% of private industrial bosses say raw-material supply below demand (all sectors, TSA snippet); historic furniture price surge tied to impo...",Divindus AMM (Bab Ezzouar); EACIM (Rouiba); SM Mobilier (Ouled Moussa); Dhikra Office (Ouled Heddadj); Louai Meuble; Vecor Design; MAM (Blum rep); Tizi Ouzou / Beni Mered clusters (names UNKNOWN) - none confirmed as buyers of this part,5,4,7,6,6,8,8,8,3,7,10,8,6,9,6,2,5,6,7,4,1,,,INVESTIGATE (low),"Visit EACIM, Divindus AMM, SM Mobilier + 2 quincaillerie-meuble wholesalers (Algiers/Beni Mered): current origin, DZD/100, MOQ, colour/size gaps, stock-outs"
IF-49,Bed slat holder (porte-latte / cap for sprung slats 38-63 mm),Bed & sofa parts,Furniture,Fits 120T confidently,PP,8.0,8,18.0,8000,12.0,ASSUMPTION,100000,ASSUMPTION,33.1,80.0,80,1,"none_found (UNKNOWN): No part-level pain found. Context: ONS Q2-2025 survey - 30% of private industrial bosses say raw-material supply below demand (all sectors, TSA snippet); historic furniture price surge tied to impo...","Bed-base / bedroom furniture makers (Tizi Ouzou, Beni Mered clusters - names UNKNOWN); Louai Meuble; Vecor Design",4,4,7,6,8,8,4,8,6,7,10,8,6,9,6,2,5,6,6,6,2,,,INVESTIGATE,"Visit EACIM, Divindus AMM, SM Mobilier + 2 quincaillerie-meuble wholesalers (Algiers/Beni Mered): current origin, DZD/100, MOQ, colour/size gaps, stock-outs"
IF-50,Sofa / armchair plastic leg 8-15 cm (pied canape),Bed & sofa parts,Furniture,Fits 120T confidently,PP,60.0,2,30.0,12000,60.0,ASSUMPTION,20000,ASSUMPTION,24.8,138.0,100,0,"none_found (UNKNOWN): No part-level pain found. Context: ONS Q2-2025 survey - 30% of private industrial bosses say raw-material supply below demand (all sectors, TSA snippet); historic furniture price surge tied to impo...","Sofa/upholstery workshops (Bordj Menaiel, Tizi Ouzou, Beni Mered - names UNKNOWN)",4,4,7,6,8,8,2,8,6,6,10,8,6,9,6,2,5,6,6,6,2,,,INVESTIGATE,"Visit EACIM, Divindus AMM, SM Mobilier + 2 quincaillerie-meuble wholesalers (Algiers/Beni Mered): current origin, DZD/100, MOQ, colour/size gaps, stock-outs"
IF-51,Curtain rail glider/runner + end stop (rail wagon),Curtain rail parts,Furniture,Borderline 120T,POM,0.8,32,14.0,9000,2.0,ASSUMPTION,100000,ASSUMPTION,33.1,32.0,80,0,none_found (UNKNOWN): No pain found.,Curtain-rail assemblers / curtain shops (names UNKNOWN); aluminium profile sellers (e.g. Leader Aluminium - not confirmed for rails),3,4,7,6,5,7,4,8,7,7,6,2,6,9,6,2,5,5,4,5,1,POM: no local stockist in small lots (Phase 1 resin trigger; lift only if a stockist is confirmed),,INVESTIGATE (low),"Gate: confirm a local POM stockist selling 25 kg lots (Polychimical/Distripol); if none, drop. Then: Identify who extrudes/assembles curtain rails in Algeria; buy 3 retail rail kits and check origin. [Press note: cavities raised 32->47 to reach 30 g min shot on 80 t]"
IF-52,Curtain rail end cap & ceiling bracket clip,Curtain rail parts,Furniture,Fits 120T confidently,PP,3.0,16,16.0,8000,6.0,ASSUMPTION,50000,ASSUMPTION,33.1,60.0,80,0,none_found (UNKNOWN): No pain found.,Same as IF-51,3,4,7,6,5,7,6,8,7,7,10,8,6,9,6,2,5,6,4,5,1,,,INVESTIGATE (low),Identify who extrudes/assembles curtain rails in Algeria; buy 3 retail rail kits and check origin
IF-53,Office-chair twin-wheel castor 50 mm (body + 2 wheels),Office chair parts,Furniture,Fits 120T confidently,PA6,30.0,2,35.0,18000,150.0,ASSUMPTION,20000,ASSUMPTION,27.6,69.0,100,1,"none_found (UNKNOWN): No part-level pain found. Context: ONS Q2-2025 survey - 30% of private industrial bosses say raw-material supply below demand (all sectors, TSA snippet); historic furniture price surge tied to impo...","Office-chair assemblers (Dhikra Office, Desktro, importers assembling CKD chairs - UNKNOWN)",3,4,8,6,3,7,6,8,3,3,10,4,3,9,2,2,6,5,3,3,2,,,INVESTIGATE (low),"Visit EACIM, Divindus AMM, SM Mobilier + 2 quincaillerie-meuble wholesalers (Algiers/Beni Mered): current origin, DZD/100, MOQ, colour/size gaps, stock-outs"
IF-54,Office-chair gas-lift telescopic cover (3-piece),Office chair parts,Furniture,Borderline 120T,PP,25.0,1,25.0,12000,60.0,ASSUMPTION,10000,ASSUMPTION,24.8,28.7,80,0,"none_found (UNKNOWN): No part-level pain found. Context: ONS Q2-2025 survey - 30% of private industrial bosses say raw-material supply below demand (all sectors, TSA snippet); historic furniture price surge tied to impo...",Office-chair assemblers (UNKNOWN),3,4,8,6,3,7,4,8,3,6,6,8,6,9,6,2,6,6,3,3,1,,,INVESTIGATE (low),"Visit EACIM, Divindus AMM, SM Mobilier + 2 quincaillerie-meuble wholesalers (Algiers/Beni Mered): current origin, DZD/100, MOQ, colour/size gaps, stock-outs. [Press note: cavities raised 1->2 to reach 30 g min shot on 80 t]"
IF-55,Office-chair 5-star base 600-700 mm (PA6-GF),Office chair parts,Furniture,Requires larger injection press,PA6-GF,1100.0,1,75.0,45000,2500.0,ASSUMPTION,5000,ASSUMPTION,986.7,1265.0,999,0,"none_found (UNKNOWN): No part-level pain found. Context: ONS Q2-2025 survey - 30% of private industrial bosses say raw-material supply below demand (all sectors, TSA snippet); historic furniture price surge tied to impo...",Office-chair assemblers (UNKNOWN),3,4,8,6,3,7,8,8,3,1,1,4,6,9,6,2,6,5,3,3,0,Needs >160 t press (beyond founder press),"Machine size: 5-star base needs ~1,000 t press",KILL (machine size),No action: killed; re-open only if a named buyer asks for this part
OS-002,IRL conduit coupler sleeve 16-25 mm (manchon),Electrical fixings,Electrical,Fits 120T confidently,PP,4.0,16,15.0,5750,13.75,ASSUMPTION,200000,ASSUMPTION,33.0,80.0,80,1,none_found (UNKNOWN): No product-specific pain found online; Ouedkniss/Facebook/forums unreachable (fetch blocked),"Channel: SOGEDIM, Mabricole, Assly, Elecmarket (online wholesalers, prior notes); electricians; El Eulma wholesale cluster (unverified)",6,3,5,5,8,9,7,8,3,9,10,8,6,9,6,2,6,8,7,7,2,,,INVESTIGATE (low),"Ask SOGEDIM + 2 El Eulma electrical wholesalers: DZD per 100, origin and monthly volume of IRL couplers/elbows; check if conduit extruders bundle them"
OS-003,IRL conduit 90 deg elbow (coude),Electrical fixings,Electrical,Fits 120T confidently,PP,9.0,4,22.0,8500,13.75,ASSUMPTION,50000,ASSUMPTION,15.0,45.0,60,1,none_found (UNKNOWN): No product-specific pain found online; Ouedkniss/Facebook/forums unreachable (fetch blocked),"Channel: SOGEDIM, Mabricole, Assly, Elecmarket (online wholesalers, prior notes); electricians; El Eulma wholesale cluster (unverified)",4,3,5,5,8,8,6,8,3,7,10,8,6,9,6,2,6,8,6,6,2,,,INVESTIGATE (low),"Ask SOGEDIM + 2 El Eulma electrical wholesalers: DZD per 100, origin and monthly volume of IRL couplers/elbows; check if conduit extruders bundle them"
OS-004,Round cable clip with steel nail 6-14 mm (attache a clou),Electrical fixings,Electrical,Fits 120T confidently,LDPE,0.6,64,12.0,10000,1.38,WEAK SIGNAL,500000,ASSUMPTION,32.0,48.0,60,1,none_found (UNKNOWN): No product-specific pain found online; Ouedkniss/Facebook/forums unreachable (fetch blocked),"Channel: SOGEDIM, Mabricole, Assly, Elecmarket (online wholesalers, prior notes); electricians; El Eulma wholesale cluster (unverified)",7,2,6,5,8,9,6,8,2,6,10,8,6,9,6,2,6,8,6,5,1,Retail 2-3 DZD/pc below cost once steel nail + manual insertion are added,"2-3 DZD retail leaves ~1-1.6 DZD ex-works; steel nail cost (ASSUMED 0.5 DZD, UNKNOWN) + manual insertion erase margin. Revisit only with automated nail insertion.",KILL,No action: killed; re-open only if a named buyer asks for this part
OS-005,Flat cable clip with nail (attache plate),Electrical fixings,Electrical,Fits 120T confidently,LDPE,0.7,64,12.0,10000,1.1,ASSUMPTION,300000,ASSUMPTION,37.0,56.0,60,1,none_found (UNKNOWN): No product-specific pain found online; Ouedkniss/Facebook/forums unreachable (fetch blocked),"Channel: SOGEDIM, Mabricole, Assly, Elecmarket (online wholesalers, prior notes); electricians; El Eulma wholesale cluster (unverified)",7,2,6,5,8,9,2,8,2,6,10,8,6,9,6,2,6,8,6,5,1,Retail ~2-3 DZD/pc below cost once steel nail + manual insertion are added,same economics as OS-004.,KILL,No action: killed; re-open only if a named buyer asks for this part
OS-006,Adhesive cable-tie mount 20x20 (embase adhesive),Electrical fixings,Electrical,Fits 120T confidently,PA66,1.5,32,14.0,7500,0.0,UNKNOWN,50000,ASSUMPTION,88.0,60.0,120,1,none_found (UNKNOWN): No product-specific pain found online; Ouedkniss/Facebook/forums unreachable (fetch blocked),"Channel: SOGEDIM, Mabricole, Assly, Elecmarket (online wholesalers, prior notes); electricians; El Eulma wholesale cluster (unverified); panel builders",6,2,6,3,8,9,5,8,2,7,10,4,6,9,6,2,6,5,5,4,1,,adhesive pad lamination is a second process; Chinese commodity; PA66 not stocked locally (resin notes).,KILL,No action: killed; re-open only if a named buyer asks for this part. [No price found anywhere: get a DZD price first]
OS-007,Cable ties 200 mm (collier de serrage),Electrical fixings,Electrical,Borderline 120T,PA66,1.0,16,18.0,20000,2.48,STRONG SIGNAL,1000000,ASSUMPTION,110.0,17.3,160,2,none_found (UNKNOWN): No product-specific pain found online; Ouedkniss/Facebook/forums unreachable (fetch blocked),"Channel: SOGEDIM, Mabricole, Assly, Elecmarket (online wholesalers, prior notes); electricians; El Eulma wholesale cluster (unverified)",6,2,6,3,8,9,4,8,2,3,6,4,3,9,3,2,6,5,5,4,0,,"long-flow thin ratchet at 16 cav sits near clamp limit, PA66 conditioning needed, Turkish shelf price 4.5 DZD retail. Classic commodity trap.",KILL,No action: killed; re-open only if a named buyer asks for this part. [Press note: shot 14 g PP-eq below 60 g min on 160 t: small screw or more cavities (clamp-limited)]
OS-008,Nylon wall plug 6x30 / 8x40 (cheville nylon),Wall plugs,Electrical/construction fixings,Fits 120T confidently,PA6,1.0,48,14.0,11500,1.38,ASSUMPTION,1000000,ASSUMPTION,79.0,60.0,100,1,none_found (UNKNOWN): No product-specific pain found online; Ouedkniss/Facebook/forums unreachable (fetch blocked),"Channel: SOGEDIM, Mabricole, Assly, Elecmarket (online wholesalers, prior notes); electricians; El Eulma wholesale cluster (unverified); quincailleries",8,3,7,5,8,9,4,8,2,6,10,4,6,9,6,2,6,5,6,7,2,,,INVESTIGATE,"Quote anchors with SOGEDIM, Mabricole, Assly + 2 El Hamiz/El Eulma wholesalers: DZD per 100 and per 1,000 (butterfly, hammer-fix, nylon), monthly volume, origin"
OS-009,"Hammer-fix anchor sleeve 8x80 (cheville a frapper, sleeve only)",Wall plugs,Electrical/construction fixings,Fits 120T confidently,PA6,3.0,16,18.0,11000,8.25,WEAK SIGNAL,200000,ASSUMPTION,77.0,60.0,100,2,none_found (UNKNOWN): No product-specific pain found online; Ouedkniss/Facebook/forums unreachable (fetch blocked),"Channel: SOGEDIM, Mabricole, Assly, Elecmarket (online wholesalers, prior notes); electricians; El Eulma wholesale cluster (unverified); quincailleries",6,3,7,6,8,9,6,8,2,6,10,4,5,9,5,2,6,5,7,5,2,,,INVESTIGATE,"Quote anchors with SOGEDIM, Mabricole, Assly + 2 El Hamiz/El Eulma wholesalers: DZD per 100 and per 1,000 (butterfly, hammer-fix, nylon), monthly volume, origin"
OS-010,Plasterboard butterfly anchor 8 mm (cheville papillon),Wall plugs,Electrical/construction fixings,Fits 120T confidently,PA6,2.5,20,18.0,10000,30.25,WEAK SIGNAL,100000,ASSUMPTION,69.0,62.5,100,2,none_found (UNKNOWN): No product-specific pain found online; Ouedkniss/Facebook/forums unreachable (fetch blocked),"Channel: SOGEDIM, Mabricole, Assly, Elecmarket (online wholesalers, prior notes); electricians; El Eulma wholesale cluster (unverified); plasterboard installers",5,3,7,6,8,9,9,8,2,6,10,4,6,9,5,2,6,5,7,5,1,,,GO-candidate for validation,"Quote anchors with SOGEDIM, Mabricole, Assly + 2 El Hamiz/El Eulma wholesalers: DZD per 100 and per 1,000 (butterfly, hammer-fix, nylon), monthly volume, origin"
OS-011,Cable gland PG7-PG16 body + nut (presse-etoupe),Cable glands,Electrical,Fits 120T confidently,PA66,4.5,12,26.0,23000,23.38,WEAK SIGNAL,50000,ASSUMPTION,29.0,67.5,100,1,none_found (UNKNOWN): No product-specific pain found online; Ouedkniss/Facebook/forums unreachable (fetch blocked),"Channel: SOGEDIM, Mabricole, Assly, Elecmarket (online wholesalers, prior notes); electricians; El Eulma wholesale cluster (unverified); panel builders; solar EPCs",5,3,7,5,8,8,9,8,2,1,10,4,3,9,3,2,6,5,3,3,1,TPE seal insert not stocked locally; 12-18 unscrewing tools vs 35-50 DZD retail imports,"Chinese glands retail at 35-50 DZD; 3 parts x 6 sizes means about 12-18 tools including unscrewing cores, and the TPE seal is not stocked locally. Paper margin 65-75% before tooling, but about USD 100k+ of molds against 18-26 DZD ex-works means pa...",KILL,No action: killed; re-open only if a named buyer asks for this part
OS-012,Cable gland locknut M16-M32 (contre-ecrou),Cable glands,Electrical,Borderline 120T,PA66,1.5,16,16.0,10000,0.0,UNKNOWN,50000,ASSUMPTION,44.0,30.0,80,0,none_found (UNKNOWN): No product-specific pain found online; Ouedkniss/Facebook/forums unreachable (fetch blocked),Panel builders (names UNKNOWN),5,3,7,5,8,8,5,8,2,6,6,4,6,9,6,2,6,5,3,3,1,,only sells with the gland; see OS-011.,KILL,No action: killed; re-open only if a named buyer asks for this part. [Press note: cavities raised 16->20 to reach 30 g min shot on 80 t]. [No price found anywhere: get a DZD price first]
OS-013,Enclosure knockout blanking plug 16-32 mm (bouchon obturateur),Cable glands,Electrical,Fits 120T confidently,LDPE,1.2,32,14.0,5000,0.0,UNKNOWN,100000,ASSUMPTION,66.0,48.0,80,0,none_found (UNKNOWN): No product-specific pain found online; Ouedkniss/Facebook/forums unreachable (fetch blocked),Panel builders; enclosure makers (UNKNOWN),3,3,6,5,8,8,5,8,3,10,10,8,6,9,6,2,6,8,5,5,1,,,INVESTIGATE (low),"Ask 3 panel builders (via SOGEDIM/Elecmarket) which small plastics they import, DZD per 100 and annual quantity. [No price found anywhere: get a DZD price first]"
OS-014,Trunking end cap 40x25 / 60x40 (embout goulotte),Trunking accessories,Electrical,Fits 120T confidently,ABS,6.0,8,20.0,7500,22.0,ASSUMPTION,50000,ASSUMPTION,75.0,60.0,100,1,none_found (UNKNOWN): No product-specific pain found online; Ouedkniss/Facebook/forums unreachable (fetch blocked),"Channel: SOGEDIM, Mabricole, Assly, Elecmarket (online wholesalers, prior notes); electricians; El Eulma wholesale cluster (unverified)",5,3,5,5,8,8,7,8,8,7,10,2,6,9,6,2,6,8,5,7,1,ABS: no local stockist in small lots (Phase 1 resin trigger; lift only if a stockist is confirmed),,INVESTIGATE,"Gate: confirm a local ABS stockist selling 25 kg lots (Polychimical/Distripol); if none, drop. Then: Identify the local trunking (goulotte) extruders; get profile drawings and ask how they source end caps/corners and at what price"
OS-015,Trunking flat/inner/outer corner (angle goulotte),Trunking accessories,Electrical,Fits 120T confidently,ABS,10.0,6,24.0,8500,22.0,ASSUMPTION,50000,ASSUMPTION,93.0,75.0,120,1,none_found (UNKNOWN): No product-specific pain found online; Ouedkniss/Facebook/forums unreachable (fetch blocked),"Channel: SOGEDIM, Mabricole, Assly, Elecmarket (online wholesalers, prior notes); electricians; El Eulma wholesale cluster (unverified)",5,3,5,5,8,8,7,8,8,7,10,2,6,9,6,2,6,8,5,7,2,ABS: no local stockist in small lots (Phase 1 resin trigger; lift only if a stockist is confirmed),,INVESTIGATE,"Gate: confirm a local ABS stockist selling 25 kg lots (Polychimical/Distripol); if none, drop. Then: Identify the local trunking (goulotte) extruders; get profile drawings and ask how they source end caps/corners and at what price"
OS-016,Trunking T-junction,Trunking accessories,Electrical,Fits 120T confidently,ABS,12.0,4,26.0,8500,22.0,ASSUMPTION,20000,ASSUMPTION,75.0,60.0,100,1,none_found (UNKNOWN): No product-specific pain found online; Ouedkniss/Facebook/forums unreachable (fetch blocked),"Channel: SOGEDIM, Mabricole, Assly, Elecmarket (online wholesalers, prior notes); electricians; El Eulma wholesale cluster (unverified)",5,3,5,5,8,8,6,8,8,7,10,2,6,9,6,2,6,8,5,7,1,ABS: no local stockist in small lots (Phase 1 resin trigger; lift only if a stockist is confirmed),,INVESTIGATE (low),"Gate: confirm a local ABS stockist selling 25 kg lots (Polychimical/Distripol); if none, drop. Then: Identify the local trunking (goulotte) extruders; get profile drawings and ask how they source end caps/corners and at what price"
OS-017,Clip-on cable markers 0-9 (reperes),Cable markers,Electrical,Borderline 120T,PA66,0.15,64,12.0,12500,0.0,UNKNOWN,200000,ASSUMPTION,26.0,12.0,60,0,none_found (UNKNOWN): No product-specific pain found online; Ouedkniss/Facebook/forums unreachable (fetch blocked),Panel builders (UNKNOWN),3,3,6,5,8,8,5,8,3,4,6,4,6,9,6,2,6,5,5,5,1,,shot far too small for 120 t (better on 30-60 t); printing step; niche volume.,KILL,No action: killed; re-open only if a named buyer asks for this part. [Press note: shot 9 g PP-eq below 20 g min on 60 t: small screw or more cavities (clamp-limited)]. [No price found anywhere: get a DZD price first]
OS-018,DIN-rail end stop (butee),Panel parts,Electrical,Fits 120T confidently,PA66,4.0,16,18.0,8500,0.0,UNKNOWN,20000,ASSUMPTION,44.0,80.0,80,1,none_found (UNKNOWN): No product-specific pain found online; Ouedkniss/Facebook/forums unreachable (fetch blocked),Panel builders; SAIEG Oran (switchboards per Sonelgaz),3,3,6,5,8,8,5,8,3,7,10,4,6,9,6,2,6,5,5,5,1,,,INVESTIGATE (low),"Ask 3 panel builders (via SOGEDIM/Elecmarket) which small plastics they import, DZD per 100 and annual quantity. [No price found anywhere: get a DZD price first]"
OS-019,Terminal block housing (bornier) PA66 V0,Panel parts,Electrical,Borderline 120T,PA66,5.0,8,20.0,20000,49.5,ASSUMPTION,50000,ASSUMPTION,17.0,50.0,60,0,none_found (UNKNOWN): No product-specific pain found online; Ouedkniss/Facebook/forums unreachable (fetch blocked),UNKNOWN,3,3,6,5,8,8,7,8,3,3,6,4,3,3,3,2,6,5,5,5,1,Certification: IEC 60947-7-1 / UL94 V0 terminal block,"V0 resin, metal clamp parts, certification; brand-driven market.",KILL,No action: killed; re-open only if a named buyer asks for this part
OS-020,Surface IP55 junction box 80x80 with lid (boite de derivation),Small housings,Electrical,Fits 120T confidently,PP,45.0,2,32.0,15000,137.5,ASSUMPTION,30000,ASSUMPTION,53.0,112.5,80,1,none_found (UNKNOWN): No product-specific pain found online; Ouedkniss/Facebook/forums unreachable (fetch blocked),"Channel: SOGEDIM, Mabricole, Assly, Elecmarket (online wholesalers, prior notes); electricians; El Eulma wholesale cluster (unverified)",6,2,3,2,8,9,7,8,3,4,10,8,6,9,6,2,6,8,5,4,3,,,INVESTIGATE (low),Price-check HAOUAS vs FAMATEL boxes at SOGEDIM; pursue only as private label for one distributor
OS-021,Junction box 100x100 / 150x110,Small housings,Electrical,Fits 120T confidently,PP,110.0,1,40.0,15000,233.75,ASSUMPTION,20000,ASSUMPTION,68.0,137.5,120,1,none_found (UNKNOWN): No product-specific pain found online; Ouedkniss/Facebook/forums unreachable (fetch blocked),"Channel: SOGEDIM, Mabricole, Assly, Elecmarket (online wholesalers, prior notes); electricians; El Eulma wholesale cluster (unverified)",6,2,3,2,8,9,7,8,3,4,10,8,6,9,6,2,6,8,5,4,3,,,INVESTIGATE (low),Price-check HAOUAS vs FAMATEL boxes at SOGEDIM; pursue only as private label for one distributor
OS-022,Flush wall box single 65 mm (boite d'encastrement),Small housings,Electrical,Fits 120T confidently,PP,28.0,4,28.0,12500,24.75,ASSUMPTION,200000,ASSUMPTION,55.0,140.0,100,1,none_found (UNKNOWN): No product-specific pain found online; Ouedkniss/Facebook/forums unreachable (fetch blocked),"Channel: SOGEDIM, Mabricole, Assly, Elecmarket (online wholesalers, prior notes); electricians; El Eulma wholesale cluster (unverified); building contractors",6,2,3,2,8,9,6,8,3,4,10,8,6,5,6,2,6,8,5,4,4,,local makers exist and shelf is contested; also covered by construction researcher.,KILL as lead,No action: killed; re-open only if a named buyer asks for this part
OS-023,Distribution board enclosure 8-12 modules (coffret),Small housings,Electrical,Requires larger injection press,ABS,450.0,1,55.0,32500,1430.0,ASSUMPTION,5000,ASSUMPTION,373.0,562.5,999,1,none_found (UNKNOWN): No product-specific pain found online; Ouedkniss/Facebook/forums unreachable (fetch blocked),"Channel: SOGEDIM, Mabricole, Assly, Elecmarket (online wholesalers, prior notes); electricians; El Eulma wholesale cluster (unverified)",5,2,4,4,8,8,7,8,3,1,1,2,6,9,6,2,6,8,2,3,0,Needs >160 t press (beyond founder press),Future machine: clamp ~373 t computed; needs 350-450 t press.,FUTURE MACHINE,No action: killed; re-open only if a named buyer asks for this part
OS-024,Electricity meter terminal cover / window (cache-bornes),Utility parts,Electrical,Fits 120T confidently,PC,60.0,1,35.0,20000,0.0,UNKNOWN,20000,ASSUMPTION,91.0,75.0,120,1,none_found (UNKNOWN): No product-specific pain found online; Ouedkniss/Facebook/forums unreachable (fetch blocked),"SAIEG (ex-AMC, El Eulma) - meters made in-house",3,2,2,1,1,8,5,8,7,3,10,2,6,1,6,2,5,5,1,3,3,Utility approval (Sonelgaz) and captive in-house supply (SAIEG),Sonelgaz subsidiary SAIEG makes meters and meter spares itself; utility qualification.,KILL,No action: killed; re-open only if a named buyer asks for this part
OS-025,Cable end cap for power cable (bouchon d'extremite),Cable maker consumables,Electrical,Fits 120T confidently,LDPE,6.0,8,18.0,7500,0.0,UNKNOWN,50000,WEAK SIGNAL,40.0,60.0,80,1,none_found (UNKNOWN): No pain found; GPI (state) lists cable-industry components in its scope,"ENICAB (Biskra, ~20,000 t/yr copper cable), ENEL, private cable makers",4,3,5,4,3,8,5,8,7,7,10,8,6,9,6,2,4,8,4,6,1,,,INVESTIGATE,"Ask ENICAB purchasing for its list, origin and prices of cable end caps and drum consumables (and whether heat-shrink is used instead). [No price found anywhere: get a DZD price first]"
OS-026,Small wire spool/bobbin Ø150-300 (touret),Cable maker consumables,Electrical,Requires larger injection press,PS,250.0,1,45.0,20000,0.0,UNKNOWN,20000,WEAK SIGNAL,310.0,312.5,999,1,none_found (UNKNOWN): No product-specific pain found online; Ouedkniss/Facebook/forums unreachable (fetch blocked),"ENICAB, wire drawers (UNKNOWN)",4,3,5,4,3,8,5,8,5,3,1,7,6,9,6,2,4,8,2,3,0,Needs >160 t press (beyond founder press),Future machine: flange Ø250+ gives clamp >125 t; split-flange design on 160-250 t.,FUTURE MACHINE,No action: killed; re-open only if a named buyer asks for this part
OS-027,Lamp holder E27 shell (douille),Lighting parts,Electrical,Borderline 120T,PBT,12.0,4,25.0,15000,44.0,ASSUMPTION,50000,ASSUMPTION,33.0,60.0,80,0,none_found (UNKNOWN): No product-specific pain found online; Ouedkniss/Facebook/forums unreachable (fetch blocked),UNKNOWN,4,3,6,4,8,8,7,8,3,4,6,2,6,3,6,2,6,5,2,3,2,Certification: IEC 60238 heat-rated lamp holder,"heat-rated resin, certification, assembler buyers not identified.",KILL,No action: killed; re-open only if a named buyer asks for this part
OS-028,Surface socket/switch box 1-gang (boitier saillie),Small housings,Electrical,Fits 120T confidently,PP,22.0,2,28.0,11500,0.0,UNKNOWN,50000,ASSUMPTION,41.0,55.0,80,1,none_found (UNKNOWN): No product-specific pain found online; Ouedkniss/Facebook/forums unreachable (fetch blocked),"Channel: SOGEDIM, Mabricole, Assly, Elecmarket (online wholesalers, prior notes); electricians; El Eulma wholesale cluster (unverified)",6,2,3,2,8,9,5,8,3,6,10,8,6,9,6,2,6,8,5,4,3,,contested by local box makers; no pain.,KILL as lead,No action: killed; re-open only if a named buyer asks for this part. [No price found anywhere: get a DZD price first]
OS-029,Grommet / cable pass-through membrane (passe-cable),Cable glands,Electrical,Fits 120T confidently,LDPE,2.0,24,15.0,6500,0.0,UNKNOWN,100000,ASSUMPTION,60.0,60.0,80,0,none_found (UNKNOWN): No product-specific pain found online; Ouedkniss/Facebook/forums unreachable (fetch blocked),"Panel builders, appliance OEMs (UNKNOWN)",3,3,6,5,8,8,5,8,3,9,10,8,6,9,6,2,6,8,5,5,1,,,INVESTIGATE (low),"Ask 3 panel builders (via SOGEDIM/Elecmarket) which small plastics they import, DZD per 100 and annual quantity. [No price found anywhere: get a DZD price first]"
OS-030,Gas cooker knob (bouton cuisiniere),Appliance knobs,Appliances/HVAC,Fits 120T confidently,PBT,15.0,4,30.0,10000,178.75,ASSUMPTION,10000,ASSUMPTION,33.0,75.0,80,1,"import_delay (VERIFIED (OEM-level, not this part)): ENIEM: CKD AC start slipped Aug->Dec 2024 (admin + Red Sea logistics); earlier stoppages for raw-material stockouts","ENIEM (Tizi Ouzou), Geant (BBA), Samha/Samsung (Setif), Condor (BBA), Iris (Setif); repairers/spare-part shops",4,4,6,4,4,6,7,8,6,6,10,2,6,7,6,2,5,5,4,3,1,PBT: no local stockist in small lots (Phase 1 resin trigger; lift only if a stockist is confirmed),,INVESTIGATE,"Gate: confirm a local PBT stockist selling 25 kg lots (Polychimical/Distripol); if none, drop. Then: Ouedkniss spare-part price check, then ask Samha/Geant after-sales which plastic spares are most requested and out of stock"
OS-031,Washing-machine programme knob,Appliance knobs,Appliances/HVAC,Fits 120T confidently,ABS,18.0,4,28.0,10000,0.0,UNKNOWN,10000,ASSUMPTION,50.0,90.0,80,1,none_found (UNKNOWN): No product-specific pain found online; Ouedkniss/Facebook/forums unreachable (fetch blocked),"ENIEM (Tizi Ouzou), Geant (BBA), Samha/Samsung (Setif), Condor (BBA), Iris (Setif); repairers/spare-part shops",4,4,6,4,4,6,5,8,6,6,10,2,6,9,6,2,5,8,4,3,1,ABS: no local stockist in small lots (Phase 1 resin trigger; lift only if a stockist is confirmed),,INVESTIGATE (low),"Gate: confirm a local ABS stockist selling 25 kg lots (Polychimical/Distripol); if none, drop. Then: No action: killed; re-open only if a named buyer asks for this part"
OS-033,Fridge front roller / foot,Appliance feet,Appliances/HVAC,Fits 120T confidently,POM,6.0,12,20.0,7500,68.75,ASSUMPTION,20000,ASSUMPTION,41.0,90.0,80,1,none_found (UNKNOWN): No product-specific pain found online; Ouedkniss/Facebook/forums unreachable (fetch blocked),"ENIEM (Tizi Ouzou), Geant (BBA), Samha/Samsung (Setif), Condor (BBA), Iris (Setif); repairers/spare-part shops",4,4,6,4,4,6,7,8,6,7,10,2,6,9,6,2,5,5,4,3,1,POM: no local stockist in small lots (Phase 1 resin trigger; lift only if a stockist is confirmed),,INVESTIGATE (low),"Gate: confirm a local POM stockist selling 25 kg lots (Polychimical/Distripol); if none, drop. Then: No action: killed; re-open only if a named buyer asks for this part"
OS-034,Fridge door bin (balconnet),Appliance interior,Appliances/HVAC,Requires larger injection press,PS,180.0,1,45.0,32500,1045.0,ASSUMPTION,10000,ASSUMPTION,279.0,225.0,999,1,none_found (UNKNOWN): No product-specific pain found online; Ouedkniss/Facebook/forums unreachable (fetch blocked),"ENIEM (Tizi Ouzou), Geant (BBA), Samha/Samsung (Setif), Condor (BBA), Iris (Setif); repairers/spare-part shops",4,3,4,3,4,6,7,8,6,1,1,7,6,9,6,2,5,8,2,3,0,Needs >160 t press (beyond founder press),Future machine: clamp ~280 t; OEM captive at Condor.,FUTURE MACHINE,No action: killed; re-open only if a named buyer asks for this part
OS-035,Fridge shelf trim / glass-shelf end profile,Appliance interior,Appliances/HVAC,Borderline 120T,ABS,20.0,2,28.0,10000,440.0,ASSUMPTION,10000,ASSUMPTION,50.0,50.0,120,1,none_found (UNKNOWN): No product-specific pain found online; Ouedkniss/Facebook/forums unreachable (fetch blocked),"ENIEM (Tizi Ouzou), Geant (BBA), Samha/Samsung (Setif), Condor (BBA), Iris (Setif); repairers/spare-part shops",4,4,6,4,4,6,7,8,6,6,6,2,6,9,6,2,5,8,4,3,1,ABS: no local stockist in small lots (Phase 1 resin trigger; lift only if a stockist is confirmed),,INVESTIGATE (low),"Gate: confirm a local ABS stockist selling 25 kg lots (Polychimical/Distripol); if none, drop. Then: No action: killed; re-open only if a named buyer asks for this part. [Press note: cavities raised 2->3 to reach 45 g min shot on 120 t]"
OS-036,Fridge thermostat knob / lamp cover,Appliance knobs,Appliances/HVAC,Fits 120T confidently,PS,5.0,12,20.0,7500,0.0,UNKNOWN,20000,ASSUMPTION,60.0,75.0,80,1,none_found (UNKNOWN): No product-specific pain found online; Ouedkniss/Facebook/forums unreachable (fetch blocked),"ENIEM (Tizi Ouzou), Geant (BBA), Samha/Samsung (Setif), Condor (BBA), Iris (Setif); repairers/spare-part shops",4,4,6,4,4,6,5,8,6,7,10,7,6,9,6,2,5,8,4,3,1,,,INVESTIGATE (low),"Ouedkniss spare-part price check, then ask Samha/Geant after-sales which plastic spares are most requested and out of stock. [No price found anywhere: get a DZD price first]"
OS-037,Washing-machine drain-pump filter cap (bouchon filtre),Appliance spares,Appliances/HVAC,Fits 120T confidently,PP,25.0,2,32.0,14000,550.0,ASSUMPTION,10000,ASSUMPTION,21.0,62.5,80,1,none_found (UNKNOWN): No product-specific pain found online; Ouedkniss/Facebook/forums unreachable (fetch blocked),"ENIEM (Tizi Ouzou), Geant (BBA), Samha/Samsung (Setif), Condor (BBA), Iris (Setif); repairers/spare-part shops; repair shops",4,4,6,4,4,6,7,8,6,4,10,8,6,9,6,2,5,8,4,3,2,,,INVESTIGATE,"Ouedkniss spare-part price check, then ask Samha/Geant after-sales which plastic spares are most requested and out of stock"
OS-038,Washing-machine detergent drawer,Appliance spares,Appliances/HVAC,Requires larger injection press,PP,150.0,1,40.0,25000,550.0,ASSUMPTION,5000,ASSUMPTION,124.0,187.5,160,1,none_found (UNKNOWN): No product-specific pain found online; Ouedkniss/Facebook/forums unreachable (fetch blocked),"ENIEM (Tizi Ouzou), Geant (BBA), Samha/Samsung (Setif), Condor (BBA), Iris (Setif); repairers/spare-part shops",4,3,4,3,4,6,7,8,6,2,2,8,6,9,6,2,5,8,2,3,0,,Future machine: clamp ~124-186 t depending on wall; model-specific. KILL for 120 t.,FUTURE MACHINE,No action: killed; re-open only if a named buyer asks for this part
OS-039,Split-AC condensate drain elbow/adaptor 16-20 mm,HVAC fittings,Appliances/HVAC,Fits 120T confidently,PP,5.0,8,18.0,8500,27.5,ASSUMPTION,200000,WEAK SIGNAL,20.0,50.0,80,1,none_found (UNKNOWN): No product-specific pain found online; Ouedkniss/Facebook/forums unreachable (fetch blocked),"AC installers; Condor-Hisense (2M ACs/yr planned), Geant AC unit, Samha (AC integration 30-40%), ENIEM (CKD ACs)",6,4,7,5,4,8,7,8,5,7,10,8,6,9,6,2,6,8,4,4,3,,,INVESTIGATE,"Call Samha, Geant and Condor-Hisense local-integration managers: which small plastics (feet, clamps, condensate elbows) are still in CKD kits, volumes, target price"
OS-040,AC wall-pass sleeve & cover ring Ø65-80 (fourreau / rosace),HVAC fittings,Appliances/HVAC,Fits 120T confidently,PP,20.0,2,25.0,8500,27.5,ASSUMPTION,30000,ASSUMPTION,41.0,50.0,80,0,none_found (UNKNOWN): No product-specific pain found online; Ouedkniss/Facebook/forums unreachable (fetch blocked),"AC installers, HVAC distributors (UNKNOWN)",5,4,6,5,8,7,6,8,4,7,10,8,6,9,6,2,6,8,6,5,2,,,INVESTIGATE,"Ask 3 HVAC distributors/AC installers: origin, DZD price and yearly quantity of wall sleeves/duct accessories; find any local duct extruder"
OS-041,AC line-set cover duct (goulotte clim) straight lengths,HVAC fittings,Appliances/HVAC,Requires extrusion,PVC,0.0,0,0.0,0,96.25,ASSUMPTION,20000,ASSUMPTION,0.0,0.0,999,0,none_found (UNKNOWN): No product-specific pain found online; Ouedkniss/Facebook/forums unreachable (fetch blocked),AC installers,5,4,6,5,8,7,5,8,3,5,0,7,6,9,6,2,6,8,1,3,0,Not injection: extrusion,Extrusion product (future machine); its injection accessories are OS-042,FUTURE MACHINE (extrusion),No action: killed; re-open only if a named buyer asks for this part
OS-042,"AC line-set duct accessories: wall end, elbow, coupler",HVAC fittings,Appliances/HVAC,Fits 120T confidently,PP,15.0,4,25.0,10000,96.25,ASSUMPTION,30000,ASSUMPTION,58.0,75.0,80,0,none_found (UNKNOWN): No product-specific pain found online; Ouedkniss/Facebook/forums unreachable (fetch blocked),AC installers; duct importers,5,4,6,5,8,7,7,8,4,6,10,8,6,9,6,2,6,8,6,5,2,,,INVESTIGATE,"Ask 3 HVAC distributors/AC installers: origin, DZD price and yearly quantity of wall sleeves/duct accessories; find any local duct extruder"
OS-043,AC outdoor-unit anti-vibration pad,HVAC fittings,Appliances/HVAC,Fits 120T confidently,PP,60.0,1,30.0,6000,110.0,ASSUMPTION,10000,ASSUMPTION,25.0,75.0,60,0,none_found (UNKNOWN): No product-specific pain found online; Ouedkniss/Facebook/forums unreachable (fetch blocked),AC installers,2,4,6,5,8,7,7,8,4,9,10,8,6,9,2,2,6,8,6,5,2,,rubber/TPE product in practice; PP version has no damping value.,KILL,No action: killed; re-open only if a named buyer asks for this part
OS-044,AC remote holder / wall bracket,Appliance accessories,Appliances/HVAC,Borderline 120T,ABS,12.0,2,25.0,6500,0.0,UNKNOWN,50000,ASSUMPTION,37.0,30.0,60,0,none_found (UNKNOWN): No product-specific pain found online; Ouedkniss/Facebook/forums unreachable (fetch blocked),AC OEMs (packed in box),5,4,6,5,4,7,5,8,4,9,6,2,6,9,6,2,6,8,6,5,3,ABS: no local stockist in small lots (Phase 1 resin trigger; lift only if a stockist is confirmed),OEMs receive it in CKD kit; low value.,KILL,No action: killed; re-open only if a named buyer asks for this part
OS-045,Water heater / gas heater knob and cover clips,Appliance knobs,Appliances/HVAC,Fits 120T confidently,PBT,12.0,6,28.0,10000,0.0,UNKNOWN,20000,ASSUMPTION,41.0,90.0,80,1,none_found (UNKNOWN): No product-specific pain found online; Ouedkniss/Facebook/forums unreachable (fetch blocked),"ENIEM (heaters with Turkish partner, >60% integration target)",3,4,6,5,4,6,5,8,6,6,10,2,6,9,6,2,2,5,3,3,1,PBT: no local stockist in small lots (Phase 1 resin trigger; lift only if a stockist is confirmed),,INVESTIGATE (low),"Gate: confirm a local PBT stockist selling 25 kg lots (Polychimical/Distripol); if none, drop. Then: No action: killed; re-open only if a named buyer asks for this part"
OS-046,Appliance cable strain-relief clamp (serre-cable),Appliance OEM parts,Appliances/HVAC,Fits 120T confidently,PA66,3.0,16,16.0,8500,0.0,UNKNOWN,300000,WEAK SIGNAL,33.0,60.0,80,1,none_found (UNKNOWN): No product-specific pain found online; Ouedkniss/Facebook/forums unreachable (fetch blocked),"ENIEM (Tizi Ouzou), Geant (BBA), Samha/Samsung (Setif), Condor (BBA), Iris (Setif); repairers/spare-part shops",6,4,7,5,4,8,5,8,5,7,10,4,6,9,6,2,6,5,4,4,2,,,INVESTIGATE,"Call Samha, Geant and Condor-Hisense local-integration managers: which small plastics (feet, clamps, condensate elbows) are still in CKD kits, volumes, target price. [No price found anywhere: get a DZD price first]"
OS-047,Appliance wiring harness clip (clip faisceau),Appliance OEM parts,Appliances/HVAC,Fits 120T confidently,PA66,1.2,48,14.0,10000,0.0,UNKNOWN,500000,WEAK SIGNAL,66.0,72.0,80,1,none_found (UNKNOWN): No product-specific pain found online; Ouedkniss/Facebook/forums unreachable (fetch blocked),"ENIEM (Tizi Ouzou), Geant (BBA), Samha/Samsung (Setif), Condor (BBA), Iris (Setif); repairers/spare-part shops",6,4,7,5,4,8,5,8,5,6,10,4,6,9,6,2,6,5,4,4,2,,,INVESTIGATE (low),"Call Samha, Geant and Condor-Hisense local-integration managers: which small plastics (feet, clamps, condensate elbows) are still in CKD kits, volumes, target price. [No price found anywhere: get a DZD price first]"
OS-048,Ventilation grille round Ø100-125 (bouche d'aeration),HVAC fittings,Appliances/HVAC,Fits 120T confidently,PP,45.0,1,30.0,7500,110.0,ASSUMPTION,20000,ASSUMPTION,75.0,56.2,100,0,none_found (UNKNOWN): No product-specific pain found online; Ouedkniss/Facebook/forums unreachable (fetch blocked),HVAC/construction distributors,4,3,6,5,8,6,7,8,3,7,10,8,6,9,6,2,6,8,5,4,3,,,INVESTIGATE (low),"Price-check round ventilation grilles at 3 construction/HVAC distributors (DZD, origin, monthly volume)"
OS-049,Ventilation grille square 200x200 (grille d'aeration),HVAC fittings,Appliances/HVAC,Requires larger injection press,PP,120.0,1,38.0,12500,275.0,ASSUMPTION,10000,ASSUMPTION,248.0,150.0,999,0,none_found (UNKNOWN): No product-specific pain found online; Ouedkniss/Facebook/forums unreachable (fetch blocked),HVAC/construction distributors,4,3,6,5,8,6,7,8,3,4,1,8,6,9,6,2,6,8,5,4,0,Needs >160 t press (beyond founder press),"Future machine: louvres + long flow, clamp ~250 t.",FUTURE MACHINE,No action: killed; re-open only if a named buyer asks for this part
OS-050,Water filter housing 10 in + cap,Water treatment,Appliances/HVAC,Requires larger injection press,PP,250.0,1,55.0,25000,907.5,ASSUMPTION,5000,ASSUMPTION,50.0,312.5,999,0,none_found (UNKNOWN): No product-specific pain found online; Ouedkniss/Facebook/forums unreachable (fetch blocked),Water-treatment dealers (UNKNOWN),4,3,6,5,8,6,7,8,3,2,1,8,6,5,6,2,6,8,5,4,0,Needs >160 t press (beyond founder press),Future machine: shot ~310 g exceeds 120 t barrel. Larger press (160-200 t).,FUTURE MACHINE,No action: killed; re-open only if a named buyer asks for this part
OS-051,Pipe end cap push-over Ø20-60 (bouchon de protection tube),Protection caps & plugs,Industrial,Fits 120T confidently,LDPE,4.0,16,16.0,10000,2.75,ASSUMPTION,200000,ASSUMPTION,79.0,80.0,100,0,none_found (UNKNOWN): No product-specific pain found online; Ouedkniss/Facebook/forums unreachable (fetch blocked),"UNKNOWN named buyers; target types: hydraulic hose assemblers, small steel-tube makers, machine builders (HydroTech DZ per prior notes)",5,4,7,7,8,8,4,8,6,6,10,8,6,9,6,2,6,8,6,9,2,,,INVESTIGATE,"Call 3 hydraulic-hose assemblers / steel-tube makers: caps and plugs used, origin, DZD per 1,000, annual quantity"
OS-052,Threaded protection cap BSP/JIC 1/4-1 in (bouchon filete),Protection caps & plugs,Industrial,Fits 120T confidently,LDPE,3.0,16,18.0,12500,2.75,ASSUMPTION,200000,ASSUMPTION,40.0,60.0,80,0,none_found (UNKNOWN): No product-specific pain found online; Ouedkniss/Facebook/forums unreachable (fetch blocked),"UNKNOWN named buyers; target types: hydraulic hose assemblers, small steel-tube makers, machine builders (HydroTech DZ per prior notes)",5,4,7,7,8,8,4,8,6,4,10,8,6,9,6,2,6,8,6,9,2,,,INVESTIGATE,"Call 3 hydraulic-hose assemblers / steel-tube makers: caps and plugs used, origin, DZD per 1,000, annual quantity"
OS-053,Dust plug for hydraulic couplers/hoses (bouchon anti-poussiere),Protection caps & plugs,Industrial,Fits 120T confidently,LDPE,2.0,32,14.0,10000,2.75,ASSUMPTION,200000,ASSUMPTION,53.0,80.0,80,0,none_found (UNKNOWN): No product-specific pain found online; Ouedkniss/Facebook/forums unreachable (fetch blocked),"UNKNOWN named buyers; target types: hydraulic hose assemblers, small steel-tube makers, machine builders (HydroTech DZ per prior notes)",5,4,7,7,8,8,7,8,6,6,10,8,6,9,6,2,6,8,6,9,1,,,INVESTIGATE,"Call 3 hydraulic-hose assemblers / steel-tube makers: caps and plugs used, origin, DZD per 1,000, annual quantity"
OS-054,Flange face protector 2-6 in (protecteur de bride),Protection caps & plugs,Oil & gas/Industrial,Fits 120T confidently,HDPE,90.0,1,35.0,7500,138.88,ASSUMPTION,10000,ASSUMPTION,75.0,112.5,100,1,none_found (UNKNOWN): No product-specific pain found online; Ouedkniss/Facebook/forums unreachable (fetch blocked),Valve/flange stockists for Sonatrach (UNKNOWN names),4,4,7,7,8,7,7,8,6,7,10,8,6,9,6,2,6,8,5,6,2,,,INVESTIGATE,"Ask 2 valve/flange stockists serving Sonatrach which flange protectors they fit, origin and price"
OS-055,Lobe knob with steel insert M8-M12 (bouton de serrage),Machine knobs & handles,Industrial,Fits 120T confidently,PA-GF30,20.0,4,30.0,10000,55.0,ASSUMPTION,10000,ASSUMPTION,36.0,100.0,80,0,none_found (UNKNOWN): No product-specific pain found online; Ouedkniss/Facebook/forums unreachable (fetch blocked),"Machine builders, maintenance shops (UNKNOWN)",3,4,7,6,8,5,6,8,5,6,10,4,5,9,6,2,6,5,5,6,1,,,INVESTIGATE,"Ask 3 machine builders/maintenance shops which knobs/handles they import (Elesa-type), DZD price and yearly quantity"
OS-056,Small handwheel Ø80-125 (volant),Machine knobs & handles,Industrial,Fits 120T confidently,PA-GF30,70.0,1,40.0,8500,192.5,ASSUMPTION,2000,ASSUMPTION,68.0,87.5,80,0,none_found (UNKNOWN): No product-specific pain found online; Ouedkniss/Facebook/forums unreachable (fetch blocked),Machine builders (UNKNOWN),3,4,7,6,8,5,7,8,5,7,10,4,6,9,6,2,6,5,5,6,1,,,INVESTIGATE (low),"Ask 3 machine builders/maintenance shops which knobs/handles they import (Elesa-type), DZD price and yearly quantity"
OS-057,U-handle / pull handle 100-180 mm (poignee),Machine knobs & handles,Industrial,Fits 120T confidently,PA-GF30,40.0,2,35.0,8500,192.5,ASSUMPTION,5000,ASSUMPTION,46.0,100.0,80,0,none_found (UNKNOWN): No product-specific pain found online; Ouedkniss/Facebook/forums unreachable (fetch blocked),Machine/cabinet builders (UNKNOWN),3,4,7,6,8,5,7,8,5,7,10,4,6,9,6,2,6,5,5,6,1,,,INVESTIGATE (low),"Ask 3 machine builders/maintenance shops which knobs/handles they import (Elesa-type), DZD price and yearly quantity"
OS-058,Swivel levelling foot for machines/conveyors (pied articule),Machine feet,Industrial/Food-factory,Fits 120T confidently,PA-GF30,35.0,4,32.0,11000,0.0,UNKNOWN,5000,ASSUMPTION,91.0,175.0,120,0,none_found (UNKNOWN): No product-specific pain found online; Ouedkniss/Facebook/forums unreachable (fetch blocked),"Conveyor/machine builders, food plants (UNKNOWN)",3,4,7,6,8,5,5,8,5,6,10,4,5,9,6,2,6,5,5,6,1,,,INVESTIGATE,"Ask 3 bottling/food plants' maintenance chiefs which guide-rail brackets and machine feet they import, lead time and price. [No price found anywhere: get a DZD price first]"
OS-059,Plain bushings PA6/POM Ø10-30 (bague / coussinet),Bushings & gears,Industrial/Maintenance,Borderline 120T,POM,3.0,8,20.0,7500,0.0,UNKNOWN,5000,ASSUMPTION,22.0,30.0,60,1,"no_local_supplier (STRONG SIGNAL (sector), UNKNOWN (part)): Sonatrach spare-parts local content historically <=5% (700k references, 2017); local production saved >EUR 30M in a year (2023). Not plastic-specific.",Maintenance depts (UNKNOWN); Sonatrach local-content programme (sector-level),3,4,7,6,8,5,5,8,8,7,6,2,6,9,6,2,6,5,4,3,1,POM: no local stockist in small lots (Phase 1 resin trigger; lift only if a stockist is confirmed),,INVESTIGATE as service,"Gate: confirm a local POM stockist selling 25 kg lots (Polychimical/Distripol); if none, drop. Then: No action: killed; re-open only if a named buyer asks for this part. [Press note: cavities raised 8->9 to reach 20 g min shot on 60 t]"
OS-060,Small spur/worm gears POM m0.5-1.5 (engrenages),Bushings & gears,Industrial/Maintenance,Borderline 120T,POM,4.0,4,25.0,14000,0.0,UNKNOWN,10000,ASSUMPTION,14.0,20.0,60,0,none_found (UNKNOWN): No product-specific pain found online; Ouedkniss/Facebook/forums unreachable (fetch blocked),"Appliance OEMs, repairers (UNKNOWN)",3,4,7,6,8,5,5,8,8,4,6,2,3,9,3,2,6,5,4,3,1,POM: no local stockist in small lots (Phase 1 resin trigger; lift only if a stockist is confirmed),,INVESTIGATE (low),"Gate: confirm a local POM stockist selling 25 kg lots (Polychimical/Distripol); if none, drop. Then: No action: killed; re-open only if a named buyer asks for this part. [Press note: cavities raised 4->7 to reach 20 g min shot on 60 t]"
OS-061,Spacers/standoffs M3-M8 (entretoises),Spacers,Industrial/Electronics,Fits 120T confidently,PA66,1.0,48,14.0,10000,0.0,UNKNOWN,100000,ASSUMPTION,33.0,60.0,80,1,none_found (UNKNOWN): No product-specific pain found online; Ouedkniss/Facebook/forums unreachable (fetch blocked),"Electronics assemblers (Condor, Iris, Samha - UNKNOWN demand)",4,2,6,3,8,7,5,8,2,6,10,4,6,9,6,2,6,5,5,4,1,,"commodity, tiny shot; Chinese bulk.",KILL,No action: killed; re-open only if a named buyer asks for this part. [No price found anywhere: get a DZD price first]
OS-062,Cable drag-chain links (chaine porte-cables),Cable guides,Industrial,Borderline 120T,PA66,8.0,4,25.0,15000,0.0,UNKNOWN,10000,ASSUMPTION,28.0,40.0,80,0,none_found (UNKNOWN): No product-specific pain found online; Ouedkniss/Facebook/forums unreachable (fetch blocked),Machine builders (UNKNOWN),4,2,6,3,8,7,5,8,2,4,6,4,6,9,6,2,6,5,5,4,1,,"brand-dominated, multi-size system.",KILL,No action: killed; re-open only if a named buyer asks for this part. [No price found anywhere: get a DZD price first]
OS-063,Cable guide roller / pulley Ø30-60,Cable guides,Industrial,Fits 120T confidently,POM,12.0,6,25.0,8500,0.0,UNKNOWN,5000,ASSUMPTION,50.0,90.0,80,1,none_found (UNKNOWN): No product-specific pain found online; Ouedkniss/Facebook/forums unreachable (fetch blocked),"Cable makers (ENICAB), wire drawers",3,3,6,4,3,6,5,8,3,7,10,2,6,9,6,2,5,5,5,3,1,POM: no local stockist in small lots (Phase 1 resin trigger; lift only if a stockist is confirmed),,INVESTIGATE (low),"Gate: confirm a local POM stockist selling 25 kg lots (Polychimical/Distripol); if none, drop. Then: No action: killed; re-open only if a named buyer asks for this part"
OS-064,Custom electronics enclosure 100x60x30 (boitier),Custom housings,Industrial/Electronics,Fits 120T confidently,ABS,40.0,2,30.0,15000,0.0,UNKNOWN,10000,ASSUMPTION,75.0,100.0,100,0,none_found (UNKNOWN): No product-specific pain found online; Ouedkniss/Facebook/forums unreachable (fetch blocked),"Local electronics/IoT assemblers, start-ups (UNKNOWN)",3,4,6,5,8,4,5,8,10,4,10,2,6,9,6,8,6,8,5,2,2,ABS: no local stockist in small lots (Phase 1 resin trigger; lift only if a stockist is confirmed),,INVESTIGATE,"Gate: confirm a local ABS stockist selling 25 kg lots (Polychimical/Distripol); if none, drop. Then: Ask 3 electronics/IoT assemblers (e.g. via CDTA network) for enclosure needs, volumes and willingness to fund a mold"
OS-065,Small castor wheel Ø50 + fork (roulette),Castors,Industrial,Fits 120T confidently,PA6,25.0,4,30.0,11000,0.0,UNKNOWN,20000,ASSUMPTION,55.0,125.0,80,0,none_found (UNKNOWN): No product-specific pain found online; Ouedkniss/Facebook/forums unreachable (fetch blocked),Trolley/furniture makers (UNKNOWN),3,3,6,4,8,6,5,8,3,6,10,4,6,9,6,2,5,5,5,3,2,,furniture researcher overlap; metal axle assembly; Chinese price.,KILL as lead,No action: killed; re-open only if a named buyer asks for this part. [No price found anywhere: get a DZD price first]
OS-066,Push rivet / panel clip Ø6-8 (rivet plastique),Clips & rivets,Industrial/HVAC/Auto,Fits 120T confidently,PA66,1.0,48,14.0,10000,16.5,ASSUMPTION,200000,ASSUMPTION,66.0,60.0,80,0,none_found (UNKNOWN): No product-specific pain found online; Ouedkniss/Facebook/forums unreachable (fetch blocked),"HVAC/panel builders, auto aftermarket",5,4,7,5,8,8,7,8,4,6,10,4,6,9,6,2,6,5,6,6,1,,,INVESTIGATE,"Call 3 aftermarket parts wholesalers: which plastic clips/plugs are out of stock, for which fleet models, and DZD prices"
OS-067,Steel coil/sheet edge protector (corniere de protection),Steel-mill consumables,Industrial,Fits 120T confidently,PP,60.0,1,30.0,7500,0.0,UNKNOWN,20000,ASSUMPTION,33.0,75.0,80,1,none_found (UNKNOWN): No product-specific pain found online; Ouedkniss/Facebook/forums unreachable (fetch blocked),"Tosyali (Bethioua), Sider El Hadjar (Annaba), coil service centres - demand UNVERIFIED",3,4,6,6,4,7,5,8,6,7,10,8,6,9,6,2,4,8,4,3,3,,,INVESTIGATE (low),"Ask Tosyali/Sider packaging departments what coil edge protectors they use (plastic, cardboard, steel) and quantities. [No price found anywhere: get a DZD price first]"
OS-068,"OCTG casing thread protector, pin + box, open-end, 4-1/2 to 5-1/2 in",Thread protectors,Oil & gas,Fits 120T confidently,HDPE,150.0,1,45.0,22500,138.88,ASSUMPTION,10000,ASSUMPTION,66.0,187.5,120,2,"none_found (VERIFIED (demand), UNKNOWN (pain)): Demand verified (casing production for Sonatrach); no protector-sourcing pain found. Vallourec's USD 250M OCTG award ships from abroad with VAM connections (protectors come fitted).","Sider El Hadjar TSS unit (Annaba; only Maghreb seamless mill; casing 6-16 in; 1,000 km casing contract for Sonatrach, deliveries 2024-2026)",4,4,8,8,1,8,6,3,8,2,10,8,3,3,3,8,4,2,3,4,3,,,INVESTIGATE (priority call),"Call Sider El Hadjar TSS purchasing: protector type, origin, unit price, annual quantity by size, API/licensor requirements"
OS-069,OCTG casing thread protector 9-5/8 to 13-3/8 in,Thread protectors,Oil & gas,Requires larger injection press,HDPE,650.0,1,70.0,40000,275.0,ASSUMPTION,20000,WEAK SIGNAL,215.0,812.5,999,2,none_found (UNKNOWN): No product-specific pain found online; Ouedkniss/Facebook/forums unreachable (fetch blocked),"Sider El Hadjar TSS unit (Annaba; only Maghreb seamless mill; casing 6-16 in; 1,000 km casing contract for Sonatrach, deliveries 2024-2026)",6,4,8,8,1,8,0,8,8,1,1,8,6,3,3,2,4,8,2,4,0,Needs >160 t press (beyond founder press),"Future machine: clamp ~215-330 t, shot >650 g. Needs 300-450 t press.",FUTURE MACHINE,"In the TSS purchasing call, also ask 9-5/8 to 13-3/8 in protector type, origin, price and annual quantity (future-press case)"
OS-070,Heavy-duty composite thread protector (steel shell + HDPE),Thread protectors,Oil & gas,Other process,HDPE,0.0,0,0.0,0,0.0,UNKNOWN,5000,ASSUMPTION,0.0,0.0,999,1,none_found (UNKNOWN): No product-specific pain found online; Ouedkniss/Facebook/forums unreachable (fetch blocked),"Sonatrach drilling, TSS",4,4,7,6,8,7,5,8,6,5,0,8,6,9,6,2,4,8,1,3,0,Not injection: other process (rubber/steel/CNC),steel shell fabrication + overmould; large press.,KILL for now,No action: killed; re-open only if a named buyer asks for this part
OS-071,"Line-pipe bevel protector / end cap 500-1400 mm (Alfapipe, Tosyali spiral pipe)",Pipe end protection,Oil & gas/Water,Requires larger injection press,HDPE,0.0,0,0.0,0,0.0,UNKNOWN,5000,ASSUMPTION,0.0,0.0,999,1,"none_found (UNKNOWN): Large pipe volumes verified; end-protection practice UNKNOWN (often none, steel bands or film)","Alfapipe (Annaba, Ghardaia, Battioua 360 kt/yr since Jul 2025); Tosyali spiral pipe (Bethioua, 300 kt/yr capacity)",4,4,7,6,8,7,5,8,6,5,1,8,6,9,6,2,4,8,1,3,0,Needs >160 t press (beyond founder press),Future machine: diameters far beyond a 120 t press. Ask Alfapipe what (if anything) they use.,FUTURE MACHINE,Ask Alfapipe what end/bevel protection (if any) it uses on line pipe (future-machine case only)
OS-072,Small tubing / line-pipe protector 2-3/8 to 3-1/2 in,Thread protectors,Oil & gas,Fits 120T confidently,HDPE,70.0,2,35.0,16000,138.88,ASSUMPTION,5000,ASSUMPTION,58.0,175.0,120,0,none_found (UNKNOWN): No product-specific pain found online; Ouedkniss/Facebook/forums unreachable (fetch blocked),UNKNOWN (TSS range starts at 6 in; tubing likely imported),2,4,7,6,8,7,7,8,6,3,10,8,6,9,6,2,4,8,3,3,1,,TSS range starts at 6 in.,KILL unless a local tubing threader is found,Ask TSS whether any Algerian threader handles 2-3/8 to 3-1/2 in tubing; otherwise drop
OS-073,Valve port & instrument fitting dust caps (Sonatrach MRO),Protection caps & plugs,Oil & gas,Fits 120T confidently,LDPE,5.0,16,16.0,10000,2.75,ASSUMPTION,20000,ASSUMPTION,53.0,100.0,80,2,"no_local_supplier (STRONG SIGNAL (programme), UNKNOWN (this part)): Sonatrach targets 55% local spares; ran local-supplier prospection and Hassi Messaoud technical days (81 exhibitors, May 2024)","Sonatrach maintenance/stores (local-content programme), valve repairers",4,6,7,6,4,7,2,8,6,6,10,8,6,9,6,2,6,8,3,8,1,,,INVESTIGATE,Register on the Sonatrach local-supplier list and ask stores for imported plastic dust-cap references and quantities
OS-074,Drill pipe protectors,Thread protectors,Oil & gas,Other process,HDPE,0.0,0,0.0,0,0.0,UNKNOWN,5000,ASSUMPTION,0.0,0.0,999,0,none_found (UNKNOWN): No product-specific pain found online; Ouedkniss/Facebook/forums unreachable (fetch blocked),Sonatrach/ENAFOR drilling (UNKNOWN),4,4,7,6,8,7,5,8,6,5,0,8,6,9,6,2,4,8,1,3,0,Not injection: other process (rubber/steel/CNC),heavy-duty pressed-steel/composite product.,KILL,No action: killed; re-open only if a named buyer asks for this part
OS-075,PV cable clip for module frame (clip cable),Solar clips,Solar,Fits 120T confidently,PA66-UV,2.0,32,14.0,10000,11.0,ASSUMPTION,50000,ASSUMPTION,66.0,80.0,80,1,"no_local_supplier (WEAK SIGNAL): Solar 1000 MW requires >=30% national integration (policy pull, not pain)","Module assemblers (Zergoun, Aures Solaire per prior notes; LONGi project under discussion); EPCs on Solar 1000 MW (30% integration rule); Energia Sun Solution (PV supports)",4,4,8,7,8,7,7,8,3,6,10,3,6,7,6,2,6,5,4,4,1,,,INVESTIGATE,"Ask Zergoun and Aures Solaire which PV clips/corners/rail caps they import, DZD price and annual quantity"
OS-076,MC4 connector dust caps,Solar clips,Solar,Fits 120T confidently,LDPE,1.5,32,12.0,7500,0.0,UNKNOWN,50000,ASSUMPTION,26.0,60.0,80,1,none_found (UNKNOWN): No product-specific pain found online; Ouedkniss/Facebook/forums unreachable (fetch blocked),"Module assemblers (Zergoun, Aures Solaire per prior notes; LONGi project under discussion); EPCs on Solar 1000 MW (30% integration rule); Energia Sun Solution (PV supports)",3,3,7,6,8,6,5,8,5,7,10,8,6,9,6,2,6,8,5,3,1,,shipped free with connectors; negligible value.,KILL,No action: killed; re-open only if a named buyer asks for this part. [No price found anywhere: get a DZD price first]
OS-077,PV module transport corner protector,Solar packaging,Solar,Fits 120T confidently,PP,35.0,2,25.0,8500,0.0,UNKNOWN,20000,ASSUMPTION,33.0,87.5,80,1,none_found (UNKNOWN): No product-specific pain found online; Ouedkniss/Facebook/forums unreachable (fetch blocked),"Module assemblers (Zergoun, Aures Solaire - prior notes); LONGi local plant if built",3,3,7,6,8,6,5,8,5,7,10,8,6,9,6,2,6,8,5,3,2,,,INVESTIGATE,"Ask Zergoun and Aures Solaire which PV clips/corners/rail caps they import, DZD price and annual quantity. [No price found anywhere: get a DZD price first]"
OS-078,Trim panel push clips / rivets (agrafes) - aftermarket kits,Auto clips,Automotive aftermarket,Fits 120T confidently,PA66,1.2,48,15.0,10000,16.5,ASSUMPTION,200000,ASSUMPTION,66.0,72.0,80,1,"shortage (STRONG SIGNAL (all parts, not plastic-specific)): Severe car spare-parts shortage: importers' files blocked ~2 years; parts 2-4x real price; 96% of poll respondents say parts hard to find (TSA, date not visible in snippet)","Aftermarket parts wholesalers, body shops (names UNKNOWN); OEM side: Fiat Tafraoui via GPI/Siplast",6,7,7,4,8,8,7,8,5,6,10,4,6,5,6,2,6,5,5,5,1,,,INVESTIGATE,"Call 3 aftermarket parts wholesalers: which plastic clips/plugs are out of stock, for which fleet models, and DZD prices"
OS-079,Mounting-rail end cap 40x40 (embout rail),Solar mounting,Solar,Fits 120T confidently,PP,6.0,8,18.0,7500,0.0,UNKNOWN,20000,ASSUMPTION,53.0,60.0,80,1,none_found (UNKNOWN): No product-specific pain found online; Ouedkniss/Facebook/forums unreachable (fetch blocked),"Energia Sun Solution (PV supports), structure makers (UNKNOWN)",3,3,7,6,8,6,5,8,5,7,10,8,6,9,6,2,6,8,5,3,1,,,INVESTIGATE (low),"Ask Zergoun and Aures Solaire which PV clips/corners/rail caps they import, DZD price and annual quantity. [No price found anywhere: get a DZD price first]"
OS-080,Rail cable-management clip,Solar clips,Solar,Fits 120T confidently,PA66-UV,3.0,16,15.0,8500,11.0,ASSUMPTION,50000,ASSUMPTION,44.0,60.0,80,1,none_found (UNKNOWN): No product-specific pain found online; Ouedkniss/Facebook/forums unreachable (fetch blocked),"Module assemblers (Zergoun, Aures Solaire per prior notes; LONGi project under discussion); EPCs on Solar 1000 MW (30% integration rule); Energia Sun Solution (PV supports)",4,4,8,7,8,7,7,8,3,7,10,3,6,9,6,2,6,5,4,4,1,,,INVESTIGATE (low),"Ask Zergoun and Aures Solaire which PV clips/corners/rail caps they import, DZD price and annual quantity"
OS-081,UV black cable ties for PV,Solar clips,Solar,Borderline 120T,PA66-UV,1.2,16,18.0,20000,2.06,ASSUMPTION,100000,ASSUMPTION,110.0,20.7,160,0,none_found (UNKNOWN): No product-specific pain found online; Ouedkniss/Facebook/forums unreachable (fetch blocked),UNKNOWN,6,2,6,3,8,9,2,8,2,3,6,3,6,9,6,2,6,5,5,4,0,,see OS-007.,KILL,No action: killed; re-open only if a named buyer asks for this part. [Press note: shot 16 g PP-eq below 60 g min on 160 t: small screw or more cavities (clamp-limited)]
OS-082,Bumper / wheel-arch liner fasteners,Auto clips,Automotive aftermarket,Fits 120T confidently,PA66,2.0,24,16.0,10000,16.5,ASSUMPTION,100000,ASSUMPTION,50.0,60.0,80,1,"shortage (STRONG SIGNAL (all parts, not plastic-specific)): Severe car spare-parts shortage: importers' files blocked ~2 years; parts 2-4x real price; 96% of poll respondents say parts hard to find (TSA, date not visible in snippet)","Body shops, aftermarket wholesalers (UNKNOWN)",6,7,7,4,8,8,7,8,5,6,10,4,6,5,6,2,6,5,5,5,1,,,INVESTIGATE,"Call 3 aftermarket parts wholesalers: which plastic clips/plugs are out of stock, for which fleet models, and DZD prices"
OS-083,Wiring harness clips (OEM),Auto clips,Automotive OEM,Borderline 120T,PA66,1.5,16,16.0,12500,0.0,UNKNOWN,100000,ASSUMPTION,22.0,30.0,80,0,none_found (UNKNOWN): No product-specific pain found online; Ouedkniss/Facebook/forums unreachable (fetch blocked),Harness makers for Fiat Tafraoui (UNKNOWN),4,3,5,3,3,8,5,8,5,4,6,4,6,1,6,2,6,5,1,3,1,Automotive OEM: IATF 16949 / PPAP,OEM qualification; GPI/Tier-1s pre-assigned.,KILL,No action: killed; re-open only if a named buyer asks for this part. [Press note: cavities raised 16->20 to reach 30 g min shot on 80 t]
OS-084,Body blanking plugs / grommets (bouchons d'obturation),Auto clips,Automotive aftermarket,Fits 120T confidently,LDPE,3.0,16,15.0,10000,13.75,ASSUMPTION,100000,ASSUMPTION,40.0,60.0,80,1,"shortage (STRONG SIGNAL (all parts, not plastic-specific)): Severe car spare-parts shortage: importers' files blocked ~2 years; parts 2-4x real price; 96% of poll respondents say parts hard to find (TSA, date not visible in snippet)","Body shops, aftermarket wholesalers (UNKNOWN)",6,7,7,4,8,8,7,8,5,6,10,8,6,5,6,2,6,8,5,5,1,,,INVESTIGATE (low),"Call 3 aftermarket parts wholesalers: which plastic clips/plugs are out of stock, for which fleet models, and DZD prices"
OS-085,Windscreen-washer reservoir cap,Auto caps,Automotive aftermarket,Fits 120T confidently,PP,8.0,6,20.0,8500,137.5,ASSUMPTION,10000,ASSUMPTION,37.0,60.0,80,1,"shortage (STRONG SIGNAL (all parts, not plastic-specific)): Severe car spare-parts shortage: importers' files blocked ~2 years; parts 2-4x real price; 96% of poll respondents say parts hard to find (TSA, date not visible in snippet)",Aftermarket wholesalers (UNKNOWN),3,6,6,4,8,6,7,8,5,7,10,8,6,5,6,2,6,8,4,3,1,,,INVESTIGATE (low),"Call 3 aftermarket parts wholesalers: which plastic clips/plugs are out of stock, for which fleet models, and DZD prices"
OS-086,Coolant expansion-tank pressure cap,Auto caps,Automotive aftermarket,Borderline 120T,PA66,20.0,2,30.0,15000,137.5,ASSUMPTION,10000,ASSUMPTION,28.0,50.0,80,0,none_found (UNKNOWN): No product-specific pain found online; Ouedkniss/Facebook/forums unreachable (fetch blocked),UNKNOWN,3,6,6,4,8,6,7,8,5,4,6,4,6,1,6,2,6,5,4,3,2,Safety pressure-valve assembly (spring/valve) on coolant circuit,safety part with spring/valve assembly.,KILL,No action: killed; re-open only if a named buyer asks for this part
OS-087,Licence-plate frame,Auto accessories,Automotive aftermarket,Requires larger injection press,ABS,150.0,1,40.0,20000,357.5,ASSUMPTION,10000,ASSUMPTION,186.0,187.5,999,0,none_found (UNKNOWN): No product-specific pain found online; Ouedkniss/Facebook/forums unreachable (fetch blocked),"Car dealers, accessory shops",3,4,5,4,8,6,7,8,3,3,1,2,6,9,6,2,6,8,4,3,0,Needs >160 t press (beyond founder press),"Future machine: 520 mm part needs mold ~600 mm wide, above tie-bar clearance (410).",FUTURE MACHINE,No action: killed; re-open only if a named buyer asks for this part
OS-088,Wheel centre caps / hubcap clips,Auto accessories,Automotive aftermarket,Fits 120T confidently,ABS,25.0,2,28.0,12500,137.5,ASSUMPTION,10000,ASSUMPTION,37.0,62.5,80,0,none_found (UNKNOWN): No product-specific pain found online; Ouedkniss/Facebook/forums unreachable (fetch blocked),UNKNOWN,3,4,5,4,8,6,7,8,3,4,10,2,6,9,6,2,6,8,4,3,1,ABS: no local stockist in small lots (Phase 1 resin trigger; lift only if a stockist is confirmed),brand logos = counterfeiting exposure.,KILL,No action: killed; re-open only if a named buyer asks for this part
OS-089,Tyre valve caps,Auto accessories,Automotive aftermarket,Fits 120T confidently,PP,0.8,48,12.0,7500,0.0,UNKNOWN,100000,ASSUMPTION,20.0,48.0,80,0,none_found (UNKNOWN): No product-specific pain found online; Ouedkniss/Facebook/forums unreachable (fetch blocked),UNKNOWN,3,4,5,4,8,6,5,8,3,7,10,8,6,9,6,2,6,8,4,3,1,,negligible value.,KILL,No action: killed; re-open only if a named buyer asks for this part. [No price found anywhere: get a DZD price first]
OS-090,Mud flaps,Auto accessories,Automotive aftermarket,Requires larger injection press,PP,300.0,1,50.0,20000,385.0,ASSUMPTION,5000,ASSUMPTION,248.0,375.0,999,0,none_found (UNKNOWN): No product-specific pain found online; Ouedkniss/Facebook/forums unreachable (fetch blocked),UNKNOWN,3,4,5,4,8,6,7,8,3,3,1,8,6,9,6,2,6,8,4,3,0,Needs >160 t press (beyond founder press),Future machine: clamp ~250 t; usually rubber or sheet.,FUTURE MACHINE / KILL,No action: killed; re-open only if a named buyer asks for this part
OS-091,Conveyor wear strip / chain guide profile (UHMW-PE),Conveyor parts,Food-factory,Requires extrusion,HDPE,0.0,0,0.0,0,0.0,UNKNOWN,2000,ASSUMPTION,0.0,0.0,999,0,none_found (UNKNOWN): No product-specific pain found online; Ouedkniss/Facebook/forums unreachable (fetch blocked),Food & beverage plants' maintenance departments (no named buyer found),3,4,6,4,8,5,5,8,7,5,0,8,6,9,6,2,6,8,4,3,0,Not injection: extrusion,Future machine: UHMW-PE cannot be injection moulded conventionally.,FUTURE MACHINE (extrusion/machining),No action: killed; re-open only if a named buyer asks for this part
OS-092,Guide-rail bracket / clamp for bottle conveyors (support de guide),Conveyor parts,Food-factory,Fits 120T confidently,PA-GF30,25.0,4,30.0,11000,0.0,UNKNOWN,2000,ASSUMPTION,61.0,125.0,80,0,none_found (UNKNOWN): No product-specific pain found online; Ouedkniss/Facebook/forums unreachable (fetch blocked),Food & beverage plants' maintenance departments (no named buyer found),3,4,6,4,8,5,5,8,7,6,10,4,6,9,6,2,6,5,4,3,1,,,INVESTIGATE,"Ask 3 bottling/food plants' maintenance chiefs which guide-rail brackets and machine feet they import, lead time and price. [No price found anywhere: get a DZD price first]"
OS-093,Tabletop conveyor chain links (POM),Conveyor parts,Food-factory,Borderline 120T,POM,12.0,4,25.0,27500,0.0,UNKNOWN,10000,ASSUMPTION,41.0,60.0,80,0,none_found (UNKNOWN): No product-specific pain found online; Ouedkniss/Facebook/forums unreachable (fetch blocked),Food & beverage plants' maintenance departments (no named buyer found),3,4,6,4,8,5,5,8,7,2,6,2,3,9,3,2,6,5,4,3,1,POM: no local stockist in small lots (Phase 1 resin trigger; lift only if a stockist is confirmed),"precision, brand-interchangeability, POM sourcing.",KILL,No action: killed; re-open only if a named buyer asks for this part
OS-094,Star wheels / change parts,Conveyor parts,Food-factory,Other process,HDPE,0.0,0,0.0,0,0.0,UNKNOWN,500,ASSUMPTION,0.0,0.0,999,0,none_found (UNKNOWN): No product-specific pain found online; Ouedkniss/Facebook/forums unreachable (fetch blocked),Food & beverage plants' maintenance departments (no named buyer found),3,4,6,4,8,5,5,8,7,5,0,8,6,9,6,2,6,8,4,3,0,Not injection: other process (rubber/steel/CNC),one-off machined parts (CNC service opportunity).,KILL for injection,No action: killed; re-open only if a named buyer asks for this part
OS-095,Small idler roller / wheel Ø30-50 POM,Conveyor parts,Food-factory,Fits 120T confidently,POM,15.0,4,28.0,10000,0.0,UNKNOWN,5000,ASSUMPTION,41.0,75.0,80,0,none_found (UNKNOWN): No product-specific pain found online; Ouedkniss/Facebook/forums unreachable (fetch blocked),Food & beverage plants' maintenance departments (no named buyer found),3,4,6,4,8,5,5,8,7,6,10,2,6,9,6,2,6,5,4,3,1,POM: no local stockist in small lots (Phase 1 resin trigger; lift only if a stockist is confirmed),,INVESTIGATE (low),"Gate: confirm a local POM stockist selling 25 kg lots (Polychimical/Distripol); if none, drop. Then: No action: killed; re-open only if a named buyer asks for this part"
OS-096,Clamp knob / adjustment handle for guide rails,Conveyor parts,Food-factory,Fits 120T confidently,PA-GF30,18.0,4,30.0,10000,55.0,ASSUMPTION,2000,ASSUMPTION,36.0,90.0,80,0,none_found (UNKNOWN): No product-specific pain found online; Ouedkniss/Facebook/forums unreachable (fetch blocked),Food & beverage plants' maintenance departments (no named buyer found),3,4,7,6,8,5,6,8,5,6,10,4,5,9,6,2,6,5,5,6,1,,,INVESTIGATE,"Ask 3 machine builders/maintenance shops which knobs/handles they import (Elesa-type), DZD price and yearly quantity"
OS-097,Plastic bearing housing (palier) for conveyors,Conveyor parts,Food-factory,Fits 120T confidently,PBT,60.0,1,40.0,12500,0.0,UNKNOWN,2000,ASSUMPTION,34.0,75.0,80,0,none_found (UNKNOWN): No product-specific pain found online; Ouedkniss/Facebook/forums unreachable (fetch blocked),Food & beverage plants' maintenance departments (no named buyer found),3,4,6,4,8,5,5,8,7,4,10,2,3,9,3,2,6,5,4,3,1,PBT: no local stockist in small lots (Phase 1 resin trigger; lift only if a stockist is confirmed),"catalogue brands, bearing insert, low volume.",KILL,No action: killed; re-open only if a named buyer asks for this part
OS-098,Reverse-engineered plastic spares service (custom per drawing/sample),Maintenance spares,Maintenance,Other process,PA66,0.0,0,0.0,0,0.0,UNKNOWN,5000,ASSUMPTION,0.0,0.0,999,2,no_local_supplier (STRONG SIGNAL (programme-level)): Sonatrach: >EUR 30M saved in one year via local spares (Mar 2023); prospection of local suppliers; Hassi Messaoud technical days May 2024 (81 exhibitors). Plastic share UNKNOWN.,"Sonatrach (local-content spares, 700k references, <=5% local in 2017), Sonelgaz (localisation agreements Aug 2026), large private plants (UNKNOWN)",5,6,8,6,4,6,5,8,10,7,5,4,6,9,6,8,6,7,3,3,0,,,"INVESTIGATE (priority, strategic)",Get on Sonatrach/Sonelgaz local-supplier registers; ask SANIST/BSTP subcontracting exchange for plastic spare requests. [No price found anywhere: get a DZD price first]
OS-099,Industrial filter caps / housing end caps (generic),Maintenance spares,Maintenance,Fits 120T confidently,PP,40.0,1,30.0,7500,0.0,UNKNOWN,5000,ASSUMPTION,25.0,50.0,80,0,none_found (UNKNOWN): No product-specific pain found online; Ouedkniss/Facebook/forums unreachable (fetch blocked),UNKNOWN,4,3,6,5,8,6,5,8,3,7,10,8,6,9,6,2,6,8,5,4,2,,,INVESTIGATE (low),Ask 2 water/industrial filter distributors which end caps they import and at what price. [No price found anywhere: get a DZD price first]
OS-100,Small pump impellers (plastic),Maintenance spares,Maintenance,Borderline 120T,PA-GF30,40.0,1,35.0,20000,0.0,UNKNOWN,2000,ASSUMPTION,30.0,50.0,80,0,none_found (UNKNOWN): No product-specific pain found online; Ouedkniss/Facebook/forums unreachable (fetch blocked),UNKNOWN,3,4,6,4,8,5,5,8,7,3,6,4,3,9,3,2,6,5,4,3,1,,"model-specific, often cast metal; precision.",KILL,No action: killed; re-open only if a named buyer asks for this part. [No price found anywhere: get a DZD price first]
OS-101,Ruler 20-30 cm (regle),School stationery,Stationery,Requires larger injection press,PS,15.0,4,18.0,7500,46.75,ASSUMPTION,50000,ASSUMPTION,186.0,75.0,999,0,none_found (UNKNOWN): No product-specific pain found online; Ouedkniss/Facebook/forums unreachable (fetch blocked),Stationery distributors / school supply wholesalers (none named),5,2,3,4,8,6,7,8,1,7,1,7,6,9,6,2,6,8,6,4,0,Needs >160 t press (beyond founder press),"seasonal, Chinese price, printing/graduation step. 30 cm ruler mold ~400 mm wide.",KILL,No action: killed; re-open only if a named buyer asks for this part
OS-102,Pencil sharpener body,School stationery,Stationery,Borderline 120T,PS,4.0,8,16.0,7500,46.75,ASSUMPTION,50000,ASSUMPTION,30.0,40.0,80,0,none_found (UNKNOWN): No product-specific pain found online; Ouedkniss/Facebook/forums unreachable (fetch blocked),Stationery distributors / school supply wholesalers (none named),5,2,3,4,8,6,7,8,1,7,6,7,6,9,6,2,6,8,6,4,1,,"blade insertion, seasonal, Chinese price.",KILL,No action: killed; re-open only if a named buyer asks for this part
OS-103,"Geometry set (protractor, set squares)",School stationery,Stationery,Requires larger injection press,PS,10.0,4,18.0,10000,46.75,ASSUMPTION,30000,ASSUMPTION,149.0,50.0,999,0,none_found (UNKNOWN): No product-specific pain found online; Ouedkniss/Facebook/forums unreachable (fetch blocked),Stationery distributors / school supply wholesalers (none named),5,2,3,4,8,6,7,8,1,6,1,7,6,9,6,2,6,8,6,4,0,Needs >160 t press (beyond founder press),seasonal commodity.,KILL,No action: killed; re-open only if a named buyer asks for this part
OS-104,Spiral binding combs,Office stationery,Stationery,Requires extrusion,PVC,0.0,0,0.0,0,46.75,ASSUMPTION,50000,ASSUMPTION,0.0,0.0,999,0,none_found (UNKNOWN): No product-specific pain found online; Ouedkniss/Facebook/forums unreachable (fetch blocked),UNKNOWN,5,2,3,4,8,6,5,8,1,5,0,7,6,9,6,2,6,8,6,4,0,Not injection: extrusion,Future machine: extruded product.,KILL / FUTURE,No action: killed; re-open only if a named buyer asks for this part
OS-105,Ballpoint pen barrel + cap,Office stationery,Stationery,Fits 120T confidently,PS,3.0,16,14.0,12500,0.0,UNKNOWN,200000,ASSUMPTION,40.0,60.0,80,0,none_found (UNKNOWN): No product-specific pain found online; Ouedkniss/Facebook/forums unreachable (fetch blocked),Pen assemblers (UNKNOWN),5,2,3,4,8,6,5,8,1,4,10,7,6,9,6,2,6,8,6,4,2,,needs refill supply and assembly; Chinese price.,KILL,No action: killed; re-open only if a named buyer asks for this part. [No price found anywhere: get a DZD price first]
OS-106,Glue-stick tube body + twist mechanism,Office stationery,Stationery,Fits 120T confidently,PP,6.0,8,18.0,15000,0.0,UNKNOWN,50000,ASSUMPTION,20.0,60.0,80,0,none_found (UNKNOWN): No product-specific pain found online; Ouedkniss/Facebook/forums unreachable (fetch blocked),Glue makers (UNKNOWN),5,2,3,4,8,6,5,8,1,4,10,8,6,9,6,2,6,8,6,4,1,,no local glue-stick filler identified.,KILL,No action: killed; re-open only if a named buyer asks for this part. [No price found anywhere: get a DZD price first]
OS-107,Specimen / urine container 60-120 ml + cap,Medical disposables,Medical,Borderline 120T,PP,8.0,4,15.0,20000,96.25,ASSUMPTION,50000,ASSUMPTION,41.0,40.0,80,1,none_found (UNKNOWN): No product-specific pain found online; Ouedkniss/Facebook/forums unreachable (fetch blocked),Hospitals via PCH tenders,5,3,5,2,3,8,7,8,2,3,6,8,6,1,6,2,3,8,1,3,2,Medical: ISO 13485 clean room; MBS PLAST incumbent,ISO 13485 + sterile/clean requirement; MBS PLAST already qualified.,KILL,No action: killed; re-open only if a named buyer asks for this part
OS-108,Kidney tray / bowls,Medical disposables,Medical,Borderline 120T,PP,40.0,1,25.0,10000,96.25,ASSUMPTION,10000,ASSUMPTION,104.0,50.0,160,1,none_found (UNKNOWN): No product-specific pain found online; Ouedkniss/Facebook/forums unreachable (fetch blocked),Hospitals (PCH),5,3,5,2,3,8,7,8,2,6,6,8,6,1,6,2,3,8,1,3,0,Medical: ISO 13485 / regulatory registration,Future machine: often thermoformed; regulatory barrier.,KILL / FUTURE,No action: killed; re-open only if a named buyer asks for this part. [Press note: shot 50 g PP-eq below 60 g min on 160 t: small screw or more cavities (clamp-limited)]
OS-109,Male urinal bottle,Medical disposables,Medical,Requires blow molding,HDPE,0.0,0,0.0,0,96.25,ASSUMPTION,5000,ASSUMPTION,0.0,0.0,999,1,none_found (UNKNOWN): No product-specific pain found online; Ouedkniss/Facebook/forums unreachable (fetch blocked),Hospitals (PCH),5,3,5,2,3,8,5,8,2,5,0,8,6,1,6,2,3,8,1,3,0,Not injection: blow molding; Medical: ISO 13485 (and blow molding),Blow molding (future machine); medical regulatory barrier,FUTURE MACHINE (blow molding),No action: killed; re-open only if a named buyer asks for this part
OS-110,Syringe barrel / plunger,Medical disposables,Medical,Fits 120T confidently,PP,3.0,16,12.0,40000,0.0,UNKNOWN,200000,ASSUMPTION,33.0,60.0,80,0,none_found (UNKNOWN): No product-specific pain found online; Ouedkniss/Facebook/forums unreachable (fetch blocked),Syringe assemblers,5,3,5,2,8,8,5,8,2,1,10,8,6,1,6,2,3,8,1,3,2,Medical: ISO 13485 sterile precision part,"sterile, precision, regulated; incumbents.",KILL,No action: killed; re-open only if a named buyer asks for this part
OS-111,PV module junction box housing,Solar electrical,Solar,Borderline 120T,PC,45.0,1,35.0,20000,0.0,UNKNOWN,20000,ASSUMPTION,61.0,56.2,80,1,none_found (WEAK SIGNAL): Junction box = ~6% of module cost (search summary),"Module assemblers (Zergoun, Aures Solaire per prior notes; LONGi project under discussion); EPCs on Solar 1000 MW (30% integration rule); Energia Sun Solution (PV supports)",3,3,7,5,8,7,5,8,4,3,6,2,6,1,6,2,6,5,1,3,3,Certification: IEC 62790 / TUV PV junction box,certification and diodes; partner-only play.,KILL,No action: killed; re-open only if a named buyer asks for this part
OS-112,OCTG casing thread protector 6-5/8 to 7 in,Thread protectors,Oil & gas,Requires larger injection press,HDPE,280.0,1,55.0,24000,275.0,ASSUMPTION,20000,WEAK SIGNAL,104.0,350.0,999,2,none_found (UNKNOWN): No product-specific pain found online; Ouedkniss/Facebook/forums unreachable (fetch blocked),"Sider El Hadjar TSS unit (Annaba; only Maghreb seamless mill; casing 6-16 in; 1,000 km casing contract for Sonatrach, deliveries 2024-2026)",6,4,8,8,1,8,6,8,8,2,1,8,6,3,3,2,4,2,2,4,0,Needs >160 t press (beyond founder press),"Future machine: matches the bottom of the TSS 6-16 in range, but the shot (~350 g) and mold (~420 mm) exceed 120 t. A 200-250 t press would be needed.",FUTURE MACHINE,"In the TSS purchasing call, also ask 6-5/8 to 7 in protector type, origin, price and annual quantity (future-press case)"
