product_id,product,family,sector,photo_reference,known_buyers,known_suppliers,current_supply_source,local_or_imported,country_of_origin,pain_evidence,pain_type,pain_source_url,pain_confidence,demand_frequency,moq,lead_time,observed_price_dzd,price_source_url,price_confidence,material,part_weight_g,projected_area_cm2,cavities,shot_weight_g,mold_size_mm,clamp_required_t,machine_fit,mold_type,cycle_time_s,mold_cost_usd,unit_cost_dzd,potential_price_dzd,margin_pct,working_capital,regulatory_difficulty,quality_difficulty,copy_risk,switching_difficulty,buyer_concentration,custom_dimensions_needed,many_variants_needed,local_competition,why_choose_us,overall_confidence,sources,date_checked,next_validation_action,stage_notes
IF-01,"Drip-tape start connector 16/17 mm (barb x tape, with lock nut) - body",Drip fittings - tape connectors,Irrigation,https://dvs-beregnung.de/start-connector-drip-tape-17mm-with-rubber-seal,Channel buyers to test (none confirmed as buyers of this part): Irrinet SARL (Boufarik); Irriplast SARL (Bordj Menaiel); Anabib Plastiques EURL (Ain Arnat); Medi Goutte SARL (Ain Benian); DripGlobe SARL (Draria); Algiers drip-tape producer (EspaceAgro listing); ISS / Union B et CH Plastique; Biskra/El Oued/Adrar/Ouargla dealers = UNKNOWN names,"Chinese makers on made-in-china/Global Sources (Fuzhou Green Irrigation, Ningbo Fujin, LVCZ Technology, Hebei Plentirain, DFSHOU) - Algerian import link UNKNOWN; EU brands trading in Algeria: Aster (IT), Caudal (ES), Irritec (IT, weak)",UNKNOWN - likely imported finished parts sold by distributors (ASSUMPTION),UNKNOWN (imported likely - ASSUMPTION),UNKNOWN (China/EU brands likely - ASSUMPTION),"No buyer-level pain found online (Ouedkniss/Facebook/Algerian sites not fetchable). Context only: Algerian imports of irrigation equipment HS 8424 grew ~91.8% (ICEX 2025 study, snippet) = demand growth, not pain.",none_found,https://www.icex.es/content/dam/icex/centros/argelia/documentos/2025/estudio-mercado-maquinaria-tecnologia-agricola-argelia-2025-resumen.pdf,UNKNOWN,Seasonal; peaks before planting campaigns (ASSUMPTION),UNKNOWN,UNKNOWN (China mold T1 25-45 working days per prior notes),UNKNOWN,,UNKNOWN,PP,3.0,5.0,16,60.0,350x350,33.1,Fits 120T confidently,"16-cav cold runner, side cores for bore + external thread (2-plate w/ slides)",18,10000,4.03,15,73.0,"Mold ~2.4 M DZD (USD 10,000 @240) + resin/stock 2 months ~0.08 M DZD; seasonal stock build if irrigation",Low,Medium,High (standard part),Low,Fragmented distributors (ASSUMPTION),No,Yes (sizes 16/17/20 mm),UNKNOWN (ISS claims local micro-irrigation production),"Local stock, short lead time, small MOQ, DZD payment (hypothesis - untested)",WEAK SIGNAL,https://dz.kompass.com/a/materiel-d-irrigation-et-d-arrosage/48140/ ; https://dz.kompass.com/a/systemes-d-irrigation-goutte-a-goutte-pour-l-agriculture/4814010/ ; https://www.icex.es/content/dam/icex/centros/argelia/documentos/2025/estudio-mercado-maquinaria-tecnologia-agricola-argelia-2025-resumen.pdf ; https://fr.made-in-china.com/factory/mini-dripper.html ; https://dvs-beregnung.de/start-connector-drip-tape-17mm-with-rubber-seal,2026-10-04,"Call Irrinet, Irriplast, Anabib, Medi Goutte: origin, DZD price/1000, MOQ, last stock-out, colour/size gaps; buy 10 samples at a Biskra/Boufarik dealer","VERDICT INVESTIGATE (priority 1). Calc: clamp=5.0cm2x16cav x1.15x0.3x1.2=33.1t; shot=3.0gx16x(1+0.25)=60.0g; mold 350x350mm. . Unit cost = resin 0.93 + press 0.51 (1,400 DZD/h, OEE 85%) + mold amort 2.40 (over 1,000,000 pcs) + extra 0.0 , +5% pack. Price = ASSUMPTION (lower band of prior-notes longlist estimate unless noted). Geometry/weights = engineering estimates, verify on sample. Lock nut molded separately (IF-02); rubber grommet bought-in. Longlist est. 15-40 DZD."
IF-02,Lock nut for tape start connector / tape coupling 16/17 mm,Drip fittings - tape connectors,Irrigation,UNKNOWN - collect physical sample,Channel buyers to test (none confirmed as buyers of this part): Irrinet SARL (Boufarik); Irriplast SARL (Bordj Menaiel); Anabib Plastiques EURL (Ain Arnat); Medi Goutte SARL (Ain Benian); DripGlobe SARL (Draria); Algiers drip-tape producer (EspaceAgro listing); ISS / Union B et CH Plastique; Biskra/El Oued/Adrar/Ouargla dealers = UNKNOWN names,"Chinese makers on made-in-china/Global Sources (Fuzhou Green Irrigation, Ningbo Fujin, LVCZ Technology, Hebei Plentirain, DFSHOU) - Algerian import link UNKNOWN; EU brands trading in Algeria: Aster (IT), Caudal (ES), Irritec (IT, weak)",UNKNOWN - likely imported finished parts sold by distributors (ASSUMPTION),UNKNOWN (imported likely - ASSUMPTION),UNKNOWN (China/EU brands likely - ASSUMPTION),"No buyer-level pain found online (Ouedkniss/Facebook/Algerian sites not fetchable). Context only: Algerian imports of irrigation equipment HS 8424 grew ~91.8% (ICEX 2025 study, snippet) = demand growth, not pain.",none_found,https://www.icex.es/content/dam/icex/centros/argelia/documentos/2025/estudio-mercado-maquinaria-tecnologia-agricola-argelia-2025-resumen.pdf,UNKNOWN,Seasonal; peaks before planting campaigns (ASSUMPTION),UNKNOWN,UNKNOWN (China mold T1 25-45 working days per prior notes),UNKNOWN,,UNKNOWN,PP,1.5,3.0,32,60.0,380x350,39.7,Fits 120T confidently,"32-cav cold runner, internal thread by collapsible/stripping core",15,12000,2.22,5,56.0,"Mold ~2.9 M DZD (USD 12,000 @240) + resin/stock 2 months ~0.08 M DZD; seasonal stock build if irrigation",Low,Medium,High (standard part),Low,Fragmented distributors (ASSUMPTION),No,Yes (sizes 16/17/20 mm),UNKNOWN (ISS claims local micro-irrigation production),"Local stock, short lead time, small MOQ, DZD payment (hypothesis - untested)",WEAK SIGNAL,https://dz.kompass.com/a/materiel-d-irrigation-et-d-arrosage/48140/ ; https://dz.kompass.com/a/systemes-d-irrigation-goutte-a-goutte-pour-l-agriculture/4814010/ ; https://www.icex.es/content/dam/icex/centros/argelia/documentos/2025/estudio-mercado-maquinaria-tecnologia-agricola-argelia-2025-resumen.pdf ; https://fr.made-in-china.com/factory/mini-dripper.html,2026-10-04,"Call Irrinet, Irriplast, Anabib, Medi Goutte: origin, DZD price/1000, MOQ, last stock-out, colour/size gaps; buy 10 samples at a Biskra/Boufarik dealer","VERDICT INVESTIGATE (priority 1). Calc: clamp=3.0cm2x32cav x1.15x0.3x1.2=39.7t; shot=1.5gx32x(1+0.25)=60.0g; mold 380x350mm. . Unit cost = resin 0.46 + press 0.21 (1,400 DZD/h, OEE 85%) + mold amort 1.44 (over 2,000,000 pcs) + extra 0.0 , +5% pack. Price = ASSUMPTION (lower band of prior-notes longlist estimate unless noted). Geometry/weights = engineering estimates, verify on sample. Sold as kit with IF-01/IF-03; stripping thread keeps mold simpler than unscrewing."
IF-03,Tape-to-tape coupling 16/17 mm with lock nuts (repair joiner),Drip fittings - tape connectors,Irrigation,UNKNOWN - collect physical sample,Channel buyers to test (none confirmed as buyers of this part): Irrinet SARL (Boufarik); Irriplast SARL (Bordj Menaiel); Anabib Plastiques EURL (Ain Arnat); Medi Goutte SARL (Ain Benian); DripGlobe SARL (Draria); Algiers drip-tape producer (EspaceAgro listing); ISS / Union B et CH Plastique; Biskra/El Oued/Adrar/Ouargla dealers = UNKNOWN names,"Chinese makers on made-in-china/Global Sources (Fuzhou Green Irrigation, Ningbo Fujin, LVCZ Technology, Hebei Plentirain, DFSHOU) - Algerian import link UNKNOWN; EU brands trading in Algeria: Aster (IT), Caudal (ES), Irritec (IT, weak)",UNKNOWN - likely imported finished parts sold by distributors (ASSUMPTION),UNKNOWN (imported likely - ASSUMPTION),UNKNOWN (China/EU brands likely - ASSUMPTION),"No buyer-level pain found online (Ouedkniss/Facebook/Algerian sites not fetchable). Context only: Algerian imports of irrigation equipment HS 8424 grew ~91.8% (ICEX 2025 study, snippet) = demand growth, not pain.",none_found,https://www.icex.es/content/dam/icex/centros/argelia/documentos/2025/estudio-mercado-maquinaria-tecnologia-agricola-argelia-2025-resumen.pdf,UNKNOWN,Seasonal; peaks before planting campaigns (ASSUMPTION),UNKNOWN,UNKNOWN (China mold T1 25-45 working days per prior notes),UNKNOWN,,UNKNOWN,PP,3.5,6.0,12,52.5,350x350,29.8,Fits 120T confidently,"12-cav cold runner, side cores",18,9000,5.64,15,62.0,"Mold ~2.2 M DZD (USD 9,000 @240) + resin/stock 2 months ~0.05 M DZD; seasonal stock build if irrigation",Low,Medium,High (standard part),Low,Fragmented distributors (ASSUMPTION),No,Yes (sizes 16/17/20 mm),UNKNOWN (ISS claims local micro-irrigation production),"Local stock, short lead time, small MOQ, DZD payment (hypothesis - untested)",WEAK SIGNAL,https://dz.kompass.com/a/materiel-d-irrigation-et-d-arrosage/48140/ ; https://dz.kompass.com/a/systemes-d-irrigation-goutte-a-goutte-pour-l-agriculture/4814010/ ; https://www.icex.es/content/dam/icex/centros/argelia/documentos/2025/estudio-mercado-maquinaria-tecnologia-agricola-argelia-2025-resumen.pdf ; https://fr.made-in-china.com/factory/mini-dripper.html,2026-10-04,"Call Irrinet, Irriplast, Anabib, Medi Goutte: origin, DZD price/1000, MOQ, last stock-out, colour/size gaps; buy 10 samples at a Biskra/Boufarik dealer","VERDICT INVESTIGATE (priority 1). Calc: clamp=6.0cm2x12cav x1.15x0.3x1.2=29.8t; shot=3.5gx12x(1+0.25)=52.5g; mold 350x350mm. . Unit cost = resin 1.08 + press 0.69 (1,400 DZD/h, OEE 85%) + mold amort 3.60 (over 600,000 pcs) + extra 0.0 , +5% pack. Price = ASSUMPTION (lower band of prior-notes longlist estimate unless noted). Geometry/weights = engineering estimates, verify on sample. Replacement-demand item (tape damage) -> repeat orders through season."
IF-04,Barbed straight coupling 16 mm (dripline joiner),Drip fittings - barbed,Irrigation,UNKNOWN - collect physical sample,Channel buyers to test (none confirmed as buyers of this part): Irrinet SARL (Boufarik); Irriplast SARL (Bordj Menaiel); Anabib Plastiques EURL (Ain Arnat); Medi Goutte SARL (Ain Benian); DripGlobe SARL (Draria); Algiers drip-tape producer (EspaceAgro listing); ISS / Union B et CH Plastique; Biskra/El Oued/Adrar/Ouargla dealers = UNKNOWN names,"Chinese makers on made-in-china/Global Sources (Fuzhou Green Irrigation, Ningbo Fujin, LVCZ Technology, Hebei Plentirain, DFSHOU) - Algerian import link UNKNOWN; EU brands trading in Algeria: Aster (IT), Caudal (ES), Irritec (IT, weak)",UNKNOWN - likely imported finished parts sold by distributors (ASSUMPTION),UNKNOWN (imported likely - ASSUMPTION),UNKNOWN (China/EU brands likely - ASSUMPTION),"No buyer-level pain found online (Ouedkniss/Facebook/Algerian sites not fetchable). Context only: Algerian imports of irrigation equipment HS 8424 grew ~91.8% (ICEX 2025 study, snippet) = demand growth, not pain.",none_found,https://www.icex.es/content/dam/icex/centros/argelia/documentos/2025/estudio-mercado-maquinaria-tecnologia-agricola-argelia-2025-resumen.pdf,UNKNOWN,Seasonal; peaks before planting campaigns (ASSUMPTION),UNKNOWN,UNKNOWN (China mold T1 25-45 working days per prior notes),UNKNOWN,,UNKNOWN,PP,2.0,3.5,24,60.0,350x350,34.8,Fits 120T confidently,"24-cav cold runner, side cores",15,8000,2.97,10,70.0,"Mold ~1.9 M DZD (USD 8,000 @240) + resin/stock 2 months ~0.05 M DZD; seasonal stock build if irrigation",Low,Medium,High (standard part),Low,Fragmented distributors (ASSUMPTION),No,Yes (sizes 16/17/20 mm),UNKNOWN (ISS claims local micro-irrigation production),"Local stock, short lead time, small MOQ, DZD payment (hypothesis - untested)",WEAK SIGNAL,https://dz.kompass.com/a/materiel-d-irrigation-et-d-arrosage/48140/ ; https://dz.kompass.com/a/systemes-d-irrigation-goutte-a-goutte-pour-l-agriculture/4814010/ ; https://www.icex.es/content/dam/icex/centros/argelia/documentos/2025/estudio-mercado-maquinaria-tecnologia-agricola-argelia-2025-resumen.pdf ; https://fr.made-in-china.com/factory/mini-dripper.html ; https://m.globalsources.com/Drip-irrigation/Garden-Plastic-Fittings-1235759250p.htm,2026-10-04,"Call Irrinet, Irriplast, Anabib, Medi Goutte: origin, DZD price/1000, MOQ, last stock-out, colour/size gaps; buy 10 samples at a Biskra/Boufarik dealer","VERDICT INVESTIGATE (priority 1). Calc: clamp=3.5cm2x24cav x1.15x0.3x1.2=34.8t; shot=2.0gx24x(1+0.25)=60.0g; mold 350x350mm. . Unit cost = resin 0.62 + press 0.29 (1,400 DZD/h, OEE 85%) + mold amort 1.92 (over 1,000,000 pcs) + extra 0.0 , +5% pack. Price = ASSUMPTION (lower band of prior-notes longlist estimate unless noted). Geometry/weights = engineering estimates, verify on sample. Global Sources snippet: garden T connectors from USD 0.01/pc (MOQ 30) - price pressure benchmark."
IF-05,Barbed tee 16 mm,Drip fittings - barbed,Irrigation,UNKNOWN - collect physical sample,Channel buyers to test (none confirmed as buyers of this part): Irrinet SARL (Boufarik); Irriplast SARL (Bordj Menaiel); Anabib Plastiques EURL (Ain Arnat); Medi Goutte SARL (Ain Benian); DripGlobe SARL (Draria); Algiers drip-tape producer (EspaceAgro listing); ISS / Union B et CH Plastique; Biskra/El Oued/Adrar/Ouargla dealers = UNKNOWN names,"Chinese makers on made-in-china/Global Sources (Fuzhou Green Irrigation, Ningbo Fujin, LVCZ Technology, Hebei Plentirain, DFSHOU) - Algerian import link UNKNOWN; EU brands trading in Algeria: Aster (IT), Caudal (ES), Irritec (IT, weak)",UNKNOWN - likely imported finished parts sold by distributors (ASSUMPTION),UNKNOWN (imported likely - ASSUMPTION),UNKNOWN (China/EU brands likely - ASSUMPTION),"No buyer-level pain found online (Ouedkniss/Facebook/Algerian sites not fetchable). Context only: Algerian imports of irrigation equipment HS 8424 grew ~91.8% (ICEX 2025 study, snippet) = demand growth, not pain.",none_found,https://www.icex.es/content/dam/icex/centros/argelia/documentos/2025/estudio-mercado-maquinaria-tecnologia-agricola-argelia-2025-resumen.pdf,UNKNOWN,Seasonal; peaks before planting campaigns (ASSUMPTION),UNKNOWN,UNKNOWN (China mold T1 25-45 working days per prior notes),UNKNOWN,,UNKNOWN,PP,3.0,5.5,16,60.0,350x350,36.4,Fits 120T confidently,"16-cav cold runner, 3 side cores",18,10000,5.71,12,52.0,"Mold ~2.4 M DZD (USD 10,000 @240) + resin/stock 2 months ~0.05 M DZD; seasonal stock build if irrigation",Low,Medium,High (standard part),Low,Fragmented distributors (ASSUMPTION),No,Yes (sizes 16/17/20 mm),UNKNOWN (ISS claims local micro-irrigation production),"Local stock, short lead time, small MOQ, DZD payment (hypothesis - untested)",WEAK SIGNAL,https://dz.kompass.com/a/materiel-d-irrigation-et-d-arrosage/48140/ ; https://dz.kompass.com/a/systemes-d-irrigation-goutte-a-goutte-pour-l-agriculture/4814010/ ; https://www.icex.es/content/dam/icex/centros/argelia/documentos/2025/estudio-mercado-maquinaria-tecnologia-agricola-argelia-2025-resumen.pdf ; https://fr.made-in-china.com/factory/mini-dripper.html ; https://m.globalsources.com/Drip-irrigation/Garden-Plastic-Fittings-1235759250p.htm,2026-10-04,"Call Irrinet, Irriplast, Anabib, Medi Goutte: origin, DZD price/1000, MOQ, last stock-out, colour/size gaps; buy 10 samples at a Biskra/Boufarik dealer","VERDICT INVESTIGATE (priority 1). Calc: clamp=5.5cm2x16cav x1.15x0.3x1.2=36.4t; shot=3.0gx16x(1+0.25)=60.0g; mold 350x350mm. . Unit cost = resin 0.93 + press 0.51 (1,400 DZD/h, OEE 85%) + mold amort 4.00 (over 600,000 pcs) + extra 0.0 , +5% pack. Price = ASSUMPTION (lower band of prior-notes longlist estimate unless noted). Geometry/weights = engineering estimates, verify on sample. "
IF-06,Barbed elbow 16 mm,Drip fittings - barbed,Irrigation,UNKNOWN - collect physical sample,Channel buyers to test (none confirmed as buyers of this part): Irrinet SARL (Boufarik); Irriplast SARL (Bordj Menaiel); Anabib Plastiques EURL (Ain Arnat); Medi Goutte SARL (Ain Benian); DripGlobe SARL (Draria); Algiers drip-tape producer (EspaceAgro listing); ISS / Union B et CH Plastique; Biskra/El Oued/Adrar/Ouargla dealers = UNKNOWN names,"Chinese makers on made-in-china/Global Sources (Fuzhou Green Irrigation, Ningbo Fujin, LVCZ Technology, Hebei Plentirain, DFSHOU) - Algerian import link UNKNOWN; EU brands trading in Algeria: Aster (IT), Caudal (ES), Irritec (IT, weak)",UNKNOWN - likely imported finished parts sold by distributors (ASSUMPTION),UNKNOWN (imported likely - ASSUMPTION),UNKNOWN (China/EU brands likely - ASSUMPTION),"No buyer-level pain found online (Ouedkniss/Facebook/Algerian sites not fetchable). Context only: Algerian imports of irrigation equipment HS 8424 grew ~91.8% (ICEX 2025 study, snippet) = demand growth, not pain.",none_found,https://www.icex.es/content/dam/icex/centros/argelia/documentos/2025/estudio-mercado-maquinaria-tecnologia-agricola-argelia-2025-resumen.pdf,UNKNOWN,Seasonal; peaks before planting campaigns (ASSUMPTION),UNKNOWN,UNKNOWN (China mold T1 25-45 working days per prior notes),UNKNOWN,,UNKNOWN,PP,2.5,4.5,16,50.0,350x350,29.8,Fits 120T confidently,"16-cav cold runner, 2 side cores",16,9000,5.07,10,49.0,"Mold ~2.2 M DZD (USD 9,000 @240) + resin/stock 2 months ~0.04 M DZD; seasonal stock build if irrigation",Low,Medium,High (standard part),Low,Fragmented distributors (ASSUMPTION),No,Yes (sizes 16/17/20 mm),UNKNOWN (ISS claims local micro-irrigation production),"Local stock, short lead time, small MOQ, DZD payment (hypothesis - untested)",WEAK SIGNAL,https://dz.kompass.com/a/materiel-d-irrigation-et-d-arrosage/48140/ ; https://dz.kompass.com/a/systemes-d-irrigation-goutte-a-goutte-pour-l-agriculture/4814010/ ; https://www.icex.es/content/dam/icex/centros/argelia/documentos/2025/estudio-mercado-maquinaria-tecnologia-agricola-argelia-2025-resumen.pdf ; https://fr.made-in-china.com/factory/mini-dripper.html,2026-10-04,"Call Irrinet, Irriplast, Anabib, Medi Goutte: origin, DZD price/1000, MOQ, last stock-out, colour/size gaps; buy 10 samples at a Biskra/Boufarik dealer","VERDICT INVESTIGATE (priority 1). Calc: clamp=4.5cm2x16cav x1.15x0.3x1.2=29.8t; shot=2.5gx16x(1+0.25)=50.0g; mold 350x350mm. . Unit cost = resin 0.77 + press 0.46 (1,400 DZD/h, OEE 85%) + mold amort 3.60 (over 600,000 pcs) + extra 0.0 , +5% pack. Price = ASSUMPTION (lower band of prior-notes longlist estimate unless noted). Geometry/weights = engineering estimates, verify on sample. "
IF-07,Figure-8 end closure 16 mm (dripline),Drip fittings - end closures,Irrigation,UNKNOWN - collect physical sample,Channel buyers to test (none confirmed as buyers of this part): Irrinet SARL (Boufarik); Irriplast SARL (Bordj Menaiel); Anabib Plastiques EURL (Ain Arnat); Medi Goutte SARL (Ain Benian); DripGlobe SARL (Draria); Algiers drip-tape producer (EspaceAgro listing); ISS / Union B et CH Plastique; Biskra/El Oued/Adrar/Ouargla dealers = UNKNOWN names,"Chinese makers on made-in-china/Global Sources (Fuzhou Green Irrigation, Ningbo Fujin, LVCZ Technology, Hebei Plentirain, DFSHOU) - Algerian import link UNKNOWN; EU brands trading in Algeria: Aster (IT), Caudal (ES), Irritec (IT, weak)",UNKNOWN - likely imported finished parts sold by distributors (ASSUMPTION),UNKNOWN (imported likely - ASSUMPTION),UNKNOWN (China/EU brands likely - ASSUMPTION),"No buyer-level pain found online (Ouedkniss/Facebook/Algerian sites not fetchable). Context only: Algerian imports of irrigation equipment HS 8424 grew ~91.8% (ICEX 2025 study, snippet) = demand growth, not pain.",none_found,https://www.icex.es/content/dam/icex/centros/argelia/documentos/2025/estudio-mercado-maquinaria-tecnologia-agricola-argelia-2025-resumen.pdf,UNKNOWN,Seasonal; peaks before planting campaigns (ASSUMPTION),UNKNOWN,UNKNOWN (China mold T1 25-45 working days per prior notes),UNKNOWN,,UNKNOWN,PP,1.2,3.0,32,48.0,380x350,39.7,Fits 120T confidently,"32-cav cold runner, simple 2-plate",12,6000,1.33,4,67.0,"Mold ~1.4 M DZD (USD 6,000 @240) + resin/stock 2 months ~0.06 M DZD; seasonal stock build if irrigation",Low,Medium,High (standard part),Low,Fragmented distributors (ASSUMPTION),No,Yes (sizes 16/17/20 mm),UNKNOWN (ISS claims local micro-irrigation production),"Local stock, short lead time, small MOQ, DZD payment (hypothesis - untested)",WEAK SIGNAL,https://dz.kompass.com/a/materiel-d-irrigation-et-d-arrosage/48140/ ; https://dz.kompass.com/a/systemes-d-irrigation-goutte-a-goutte-pour-l-agriculture/4814010/ ; https://www.icex.es/content/dam/icex/centros/argelia/documentos/2025/estudio-mercado-maquinaria-tecnologia-agricola-argelia-2025-resumen.pdf ; https://fr.made-in-china.com/factory/mini-dripper.html,2026-10-04,"Call Irrinet, Irriplast, Anabib, Medi Goutte: origin, DZD price/1000, MOQ, last stock-out, colour/size gaps; buy 10 samples at a Biskra/Boufarik dealer","VERDICT INVESTIGATE (priority 1). Calc: clamp=3.0cm2x32cav x1.15x0.3x1.2=39.7t; shot=1.2gx32x(1+0.25)=48.0g; mold 380x350mm. . Unit cost = resin 0.37 + press 0.17 (1,400 DZD/h, OEE 85%) + mold amort 0.72 (over 2,000,000 pcs) + extra 0.0 , +5% pack. Price = ASSUMPTION (lower band of prior-notes longlist estimate unless noted). Geometry/weights = engineering estimates, verify on sample. Simplest tool in family; good first-article / mold-trial part."
IF-08,"End plug / end cap 16 mm (barbed or ring-type, tape & dripline)",Drip fittings - end closures,Irrigation,UNKNOWN - collect physical sample,Channel buyers to test (none confirmed as buyers of this part): Irrinet SARL (Boufarik); Irriplast SARL (Bordj Menaiel); Anabib Plastiques EURL (Ain Arnat); Medi Goutte SARL (Ain Benian); DripGlobe SARL (Draria); Algiers drip-tape producer (EspaceAgro listing); ISS / Union B et CH Plastique; Biskra/El Oued/Adrar/Ouargla dealers = UNKNOWN names,"Chinese makers on made-in-china/Global Sources (Fuzhou Green Irrigation, Ningbo Fujin, LVCZ Technology, Hebei Plentirain, DFSHOU) - Algerian import link UNKNOWN; EU brands trading in Algeria: Aster (IT), Caudal (ES), Irritec (IT, weak)",UNKNOWN - likely imported finished parts sold by distributors (ASSUMPTION),UNKNOWN (imported likely - ASSUMPTION),UNKNOWN (China/EU brands likely - ASSUMPTION),"No buyer-level pain found online (Ouedkniss/Facebook/Algerian sites not fetchable). Context only: Algerian imports of irrigation equipment HS 8424 grew ~91.8% (ICEX 2025 study, snippet) = demand growth, not pain.",none_found,https://www.icex.es/content/dam/icex/centros/argelia/documentos/2025/estudio-mercado-maquinaria-tecnologia-agricola-argelia-2025-resumen.pdf,UNKNOWN,Seasonal; peaks before planting campaigns (ASSUMPTION),UNKNOWN,UNKNOWN (China mold T1 25-45 working days per prior notes),UNKNOWN,,UNKNOWN,PP,1.5,2.5,32,60.0,380x350,33.1,Fits 120T confidently,"32-cav cold runner, side core",13,7000,1.56,5,69.0,"Mold ~1.7 M DZD (USD 7,000 @240) + resin/stock 2 months ~0.08 M DZD; seasonal stock build if irrigation",Low,Medium,High (standard part),Low,Fragmented distributors (ASSUMPTION),No,Yes (sizes 16/17/20 mm),UNKNOWN (ISS claims local micro-irrigation production),"Local stock, short lead time, small MOQ, DZD payment (hypothesis - untested)",WEAK SIGNAL,https://dz.kompass.com/a/materiel-d-irrigation-et-d-arrosage/48140/ ; https://dz.kompass.com/a/systemes-d-irrigation-goutte-a-goutte-pour-l-agriculture/4814010/ ; https://www.icex.es/content/dam/icex/centros/argelia/documentos/2025/estudio-mercado-maquinaria-tecnologia-agricola-argelia-2025-resumen.pdf ; https://fr.made-in-china.com/factory/mini-dripper.html,2026-10-04,"Call Irrinet, Irriplast, Anabib, Medi Goutte: origin, DZD price/1000, MOQ, last stock-out, colour/size gaps; buy 10 samples at a Biskra/Boufarik dealer","VERDICT INVESTIGATE (priority 1). Calc: clamp=2.5cm2x32cav x1.15x0.3x1.2=33.1t; shot=1.5gx32x(1+0.25)=60.0g; mold 380x350mm. . Unit cost = resin 0.46 + press 0.19 (1,400 DZD/h, OEE 85%) + mold amort 0.84 (over 2,000,000 pcs) + extra 0.0 , +5% pack. Price = ASSUMPTION (lower band of prior-notes longlist estimate unless noted). Geometry/weights = engineering estimates, verify on sample. Longlist est. 3-10 DZD."
IF-09,Mini valve 16 mm barb x barb (body + handle + O-ring),Drip fittings - valves,Irrigation,UNKNOWN - collect physical sample,Channel buyers to test (none confirmed as buyers of this part): Irrinet SARL (Boufarik); Irriplast SARL (Bordj Menaiel); Anabib Plastiques EURL (Ain Arnat); Medi Goutte SARL (Ain Benian); DripGlobe SARL (Draria); Algiers drip-tape producer (EspaceAgro listing); ISS / Union B et CH Plastique; Biskra/El Oued/Adrar/Ouargla dealers = UNKNOWN names,"Chinese makers on made-in-china/Global Sources (Fuzhou Green Irrigation, Ningbo Fujin, LVCZ Technology, Hebei Plentirain, DFSHOU) - Algerian import link UNKNOWN; EU brands trading in Algeria: Aster (IT), Caudal (ES), Irritec (IT, weak)",UNKNOWN - likely imported finished parts sold by distributors (ASSUMPTION),UNKNOWN (imported likely - ASSUMPTION),UNKNOWN (China/EU brands likely - ASSUMPTION),"No buyer-level pain found online (Ouedkniss/Facebook/Algerian sites not fetchable). Context only: Algerian imports of irrigation equipment HS 8424 grew ~91.8% (ICEX 2025 study, snippet) = demand growth, not pain.",none_found,https://www.icex.es/content/dam/icex/centros/argelia/documentos/2025/estudio-mercado-maquinaria-tecnologia-agricola-argelia-2025-resumen.pdf,UNKNOWN,Seasonal; peaks before planting campaigns (ASSUMPTION),UNKNOWN,UNKNOWN (China mold T1 25-45 working days per prior notes),UNKNOWN,,UNKNOWN,POM,6.0,8.0,8,60.0,380x350,44.2,Fits 120T confidently,Family: 8-cav body w/ 2 side cores + 8-cav handle; O-ring bought-in; assembly,22,15000,21.61,50,57.0,"Mold ~3.6 M DZD (USD 15,000 @240) + resin/stock 2 months ~0.11 M DZD; seasonal stock build if irrigation",Low,"Medium-High (leak test, torque)",High (standard part),Low,Fragmented distributors (ASSUMPTION),No,Yes (sizes 16/17/20 mm),UNKNOWN (ISS claims local micro-irrigation production),"Local stock, short lead time, small MOQ, DZD payment (hypothesis - untested)",WEAK SIGNAL,https://dz.kompass.com/a/materiel-d-irrigation-et-d-arrosage/48140/ ; https://dz.kompass.com/a/systemes-d-irrigation-goutte-a-goutte-pour-l-agriculture/4814010/ ; https://www.icex.es/content/dam/icex/centros/argelia/documentos/2025/estudio-mercado-maquinaria-tecnologia-agricola-argelia-2025-resumen.pdf ; https://fr.made-in-china.com/factory/mini-dripper.html,2026-10-04,"Call Irrinet, Irriplast, Anabib, Medi Goutte: origin, DZD price/1000, MOQ, last stock-out, colour/size gaps; buy 10 samples at a Biskra/Boufarik dealer","VERDICT INVESTIGATE. Calc: clamp=8.0cm2x8cav x1.15x0.5x1.2=44.2t; shot=6.0gx8x(1+0.25)=60.0g; mold 380x350mm. . Unit cost = resin 4.33 + press 1.26 (1,400 DZD/h, OEE 85%) + mold amort 12.00 (over 300,000 pcs) + extra 3.0 , +5% pack. Price = ASSUMPTION (lower band of prior-notes longlist estimate unless noted). Geometry/weights = engineering estimates, verify on sample. Body often PP, plug/handle POM; costed in POM conservatively. Longlist est. 50-150 DZD. Extra 3 DZD = O-ring + assembly."
IF-10,Tape-to-tape / start-connector mini valve 16/17 mm with lock nuts,Drip fittings - valves,Irrigation,UNKNOWN - collect physical sample,Channel buyers to test (none confirmed as buyers of this part): Irrinet SARL (Boufarik); Irriplast SARL (Bordj Menaiel); Anabib Plastiques EURL (Ain Arnat); Medi Goutte SARL (Ain Benian); DripGlobe SARL (Draria); Algiers drip-tape producer (EspaceAgro listing); ISS / Union B et CH Plastique; Biskra/El Oued/Adrar/Ouargla dealers = UNKNOWN names,"Chinese makers on made-in-china/Global Sources (Fuzhou Green Irrigation, Ningbo Fujin, LVCZ Technology, Hebei Plentirain, DFSHOU) - Algerian import link UNKNOWN; EU brands trading in Algeria: Aster (IT), Caudal (ES), Irritec (IT, weak)",UNKNOWN - likely imported finished parts sold by distributors (ASSUMPTION),UNKNOWN (imported likely - ASSUMPTION),UNKNOWN (China/EU brands likely - ASSUMPTION),"No buyer-level pain found online (Ouedkniss/Facebook/Algerian sites not fetchable). Context only: Algerian imports of irrigation equipment HS 8424 grew ~91.8% (ICEX 2025 study, snippet) = demand growth, not pain.",none_found,https://www.icex.es/content/dam/icex/centros/argelia/documentos/2025/estudio-mercado-maquinaria-tecnologia-agricola-argelia-2025-resumen.pdf,UNKNOWN,Seasonal; peaks before planting campaigns (ASSUMPTION),UNKNOWN,UNKNOWN (China mold T1 25-45 working days per prior notes),UNKNOWN,,UNKNOWN,PP,8.0,10.0,8,80.0,380x380,33.1,Fits 120T confidently,"8-cav body + handle family, threads by stripping, O-ring bought-in",22,16000,21.56,50,57.0,"Mold ~3.8 M DZD (USD 16,000 @240) + resin/stock 2 months ~0.06 M DZD; seasonal stock build if irrigation",Low,Medium-High (leak test),High (standard part),Low,Fragmented distributors (ASSUMPTION),No,Yes (sizes 16/17/20 mm),UNKNOWN (ISS claims local micro-irrigation production),"Local stock, short lead time, small MOQ, DZD payment (hypothesis - untested)",WEAK SIGNAL,https://dz.kompass.com/a/materiel-d-irrigation-et-d-arrosage/48140/ ; https://dz.kompass.com/a/systemes-d-irrigation-goutte-a-goutte-pour-l-agriculture/4814010/ ; https://www.icex.es/content/dam/icex/centros/argelia/documentos/2025/estudio-mercado-maquinaria-tecnologia-agricola-argelia-2025-resumen.pdf ; https://fr.made-in-china.com/factory/mini-dripper.html,2026-10-04,"Call Irrinet, Irriplast, Anabib, Medi Goutte: origin, DZD price/1000, MOQ, last stock-out, colour/size gaps; buy 10 samples at a Biskra/Boufarik dealer","VERDICT INVESTIGATE. Calc: clamp=10.0cm2x8cav x1.15x0.3x1.2=33.1t; shot=8.0gx8x(1+0.25)=80.0g; mold 380x380mm. . Unit cost = resin 2.47 + press 1.26 (1,400 DZD/h, OEE 85%) + mold amort 12.80 (over 300,000 pcs) + extra 4.0 , +5% pack. Price = ASSUMPTION (lower band of prior-notes longlist estimate unless noted). Geometry/weights = engineering estimates, verify on sample. "
IF-11,Offtake rubber grommet for PE/PVC sub-main (start connector seal),Drip fittings - seals,Irrigation,UNKNOWN - collect physical sample,Channel buyers to test (none confirmed as buyers of this part): Irrinet SARL (Boufarik); Irriplast SARL (Bordj Menaiel); Anabib Plastiques EURL (Ain Arnat); Medi Goutte SARL (Ain Benian); DripGlobe SARL (Draria); Algiers drip-tape producer (EspaceAgro listing); ISS / Union B et CH Plastique; Biskra/El Oued/Adrar/Ouargla dealers = UNKNOWN names,"Chinese makers on made-in-china/Global Sources (Fuzhou Green Irrigation, Ningbo Fujin, LVCZ Technology, Hebei Plentirain, DFSHOU) - Algerian import link UNKNOWN; EU brands trading in Algeria: Aster (IT), Caudal (ES), Irritec (IT, weak)",UNKNOWN - likely imported finished parts sold by distributors (ASSUMPTION),UNKNOWN (imported likely - ASSUMPTION),UNKNOWN (China/EU brands likely - ASSUMPTION),"No buyer-level pain found online (Ouedkniss/Facebook/Algerian sites not fetchable). Context only: Algerian imports of irrigation equipment HS 8424 grew ~91.8% (ICEX 2025 study, snippet) = demand growth, not pain.",none_found,https://www.icex.es/content/dam/icex/centros/argelia/documentos/2025/estudio-mercado-maquinaria-tecnologia-agricola-argelia-2025-resumen.pdf,UNKNOWN,Seasonal; peaks before planting campaigns (ASSUMPTION),UNKNOWN,UNKNOWN (China mold T1 25-45 working days per prior notes),UNKNOWN,,UNKNOWN,EPDM,1.0,2.0,32,40.0,300x300,26.5,Other process,Rubber compression/injection mold (not thermoplastic),60,5000,N/A (rubber process - not costed),4,UNKNOWN,"Mold ~1.2 M DZD (USD 5,000 @240) + resin/stock 2 months ~0.00 M DZD; seasonal stock build if irrigation",Low,Medium,High (standard part),Low,Fragmented distributors (ASSUMPTION),No,Yes (sizes 16/17/20 mm),UNKNOWN (ISS claims local micro-irrigation production),"Local stock, short lead time, small MOQ, DZD payment (hypothesis - untested)",WEAK SIGNAL,https://dz.kompass.com/a/materiel-d-irrigation-et-d-arrosage/48140/ ; https://dz.kompass.com/a/systemes-d-irrigation-goutte-a-goutte-pour-l-agriculture/4814010/ ; https://www.icex.es/content/dam/icex/centros/argelia/documentos/2025/estudio-mercado-maquinaria-tecnologia-agricola-argelia-2025-resumen.pdf ; https://fr.made-in-china.com/factory/mini-dripper.html,2026-10-04,Ask buyers if TPE grommet acceptable; else buy-in,"VERDICT KILL (process). Calc: clamp=2.0cm2x32cav x1.15x0.3x1.2=26.5t; shot=1.0gx32x(1+0.25)=40.0g; mold 300x300mm. . Unit cost = resin 0.00 + press 0.86 (1,400 DZD/h, OEE 85%) + mold amort 0.60 (over 2,000,000 pcs) + extra 0.0 , +5% pack. Price = ASSUMPTION (lower band of prior-notes longlist estimate unless noted). Geometry/weights = engineering estimates, verify on sample. EPDM needs rubber vulcanisation press; a TPE version could run on the 120T but seal performance unproven."
IF-12,Online button dripper non-PC 2/4/8 L/h (2-part labyrinth),Emitters,Irrigation,UNKNOWN - collect physical sample,Channel buyers to test (none confirmed as buyers of this part): Irrinet SARL (Boufarik); Irriplast SARL (Bordj Menaiel); Anabib Plastiques EURL (Ain Arnat); Medi Goutte SARL (Ain Benian); DripGlobe SARL (Draria); Algiers drip-tape producer (EspaceAgro listing); ISS / Union B et CH Plastique; Biskra/El Oued/Adrar/Ouargla dealers = UNKNOWN names,"Chinese makers on made-in-china/Global Sources (Fuzhou Green Irrigation, Ningbo Fujin, LVCZ Technology, Hebei Plentirain, DFSHOU) - Algerian import link UNKNOWN; EU brands trading in Algeria: Aster (IT), Caudal (ES), Irritec (IT, weak)",UNKNOWN - likely imported finished parts sold by distributors (ASSUMPTION),UNKNOWN (imported likely - ASSUMPTION),UNKNOWN (China/EU brands likely - ASSUMPTION),"No buyer-level pain found online (Ouedkniss/Facebook/Algerian sites not fetchable). Context only: Algerian imports of irrigation equipment HS 8424 grew ~91.8% (ICEX 2025 study, snippet) = demand growth, not pain.",none_found,https://www.icex.es/content/dam/icex/centros/argelia/documentos/2025/estudio-mercado-maquinaria-tecnologia-agricola-argelia-2025-resumen.pdf,UNKNOWN,Seasonal; peaks before planting campaigns (ASSUMPTION),UNKNOWN,UNKNOWN (China mold T1 25-45 working days per prior notes),UNKNOWN,,UNKNOWN,PE,1.5,3.0,32,60.0,380x380,39.7,Fits 120T confidently,"32-cav, precision labyrinth inserts, 2 parts + assembly",14,20000,3.74,6,38.0,"Mold ~4.8 M DZD (USD 20,000 @240) + resin/stock 2 months ~0.08 M DZD; seasonal stock build if irrigation",Medium (ISO 9261 performance tests),"High (flow CV, clogging, ISO 9261)",High,Low,Fragmented distributors (ASSUMPTION),No,Yes (sizes 16/17/20 mm),UNKNOWN (ISS claims local micro-irrigation production),"Local stock, short lead time, small MOQ, DZD payment (hypothesis - untested)",WEAK SIGNAL,https://dz.kompass.com/a/materiel-d-irrigation-et-d-arrosage/48140/ ; https://dz.kompass.com/a/systemes-d-irrigation-goutte-a-goutte-pour-l-agriculture/4814010/ ; https://www.icex.es/content/dam/icex/centros/argelia/documentos/2025/estudio-mercado-maquinaria-tecnologia-agricola-argelia-2025-resumen.pdf ; https://fr.made-in-china.com/factory/mini-dripper.html,2026-10-04,Only after fittings succeed: ask dealers about dripper failure/clogging complaints,"VERDICT KILL (entry) / INVESTIGATE later. Calc: clamp=3.0cm2x32cav x1.15x0.3x1.2=39.7t; shot=1.5gx32x(1+0.25)=60.0g; mold 380x380mm. . Unit cost = resin 0.46 + press 0.20 (1,400 DZD/h, OEE 85%) + mold amort 2.40 (over 2,000,000 pcs) + extra 0.5 , +5% pack. Price = ASSUMPTION (lower band of prior-notes longlist estimate unless noted). Geometry/weights = engineering estimates, verify on sample. Longlist est. 5-20 DZD. Flow-rate uniformity needs precision tooling and test bench."
IF-13,Pressure-compensating dripper (with silicone/EPDM membrane),Emitters,Irrigation,UNKNOWN - collect physical sample,Channel buyers to test (none confirmed as buyers of this part): Irrinet SARL (Boufarik); Irriplast SARL (Bordj Menaiel); Anabib Plastiques EURL (Ain Arnat); Medi Goutte SARL (Ain Benian); DripGlobe SARL (Draria); Algiers drip-tape producer (EspaceAgro listing); ISS / Union B et CH Plastique; Biskra/El Oued/Adrar/Ouargla dealers = UNKNOWN names,"Chinese makers on made-in-china/Global Sources (Fuzhou Green Irrigation, Ningbo Fujin, LVCZ Technology, Hebei Plentirain, DFSHOU) - Algerian import link UNKNOWN; EU brands trading in Algeria: Aster (IT), Caudal (ES), Irritec (IT, weak)",UNKNOWN - likely imported finished parts sold by distributors (ASSUMPTION),UNKNOWN (imported likely - ASSUMPTION),UNKNOWN (China/EU brands likely - ASSUMPTION),"No buyer-level pain found online (Ouedkniss/Facebook/Algerian sites not fetchable). Context only: Algerian imports of irrigation equipment HS 8424 grew ~91.8% (ICEX 2025 study, snippet) = demand growth, not pain.",none_found,https://www.icex.es/content/dam/icex/centros/argelia/documentos/2025/estudio-mercado-maquinaria-tecnologia-agricola-argelia-2025-resumen.pdf,UNKNOWN,Seasonal; peaks before planting campaigns (ASSUMPTION),UNKNOWN,UNKNOWN (China mold T1 25-45 working days per prior notes),UNKNOWN,,UNKNOWN,PE,2.0,3.5,16,40.0,380x380,23.2,Borderline 120T,"16-cav precision, 3 parts incl. membrane (bought-in), automated assembly",16,30000,10.79,12,10.0,"Mold ~7.2 M DZD (USD 30,000 @240) + resin/stock 2 months ~0.05 M DZD; seasonal stock build if irrigation",Medium (ISO 9261),Very high,High (standard part),High (brand trust),Fragmented distributors (ASSUMPTION),No,Yes (sizes 16/17/20 mm),UNKNOWN (ISS claims local micro-irrigation production),"Local stock, short lead time, small MOQ, DZD payment (hypothesis - untested)",WEAK SIGNAL,https://dz.kompass.com/a/materiel-d-irrigation-et-d-arrosage/48140/ ; https://dz.kompass.com/a/systemes-d-irrigation-goutte-a-goutte-pour-l-agriculture/4814010/ ; https://www.icex.es/content/dam/icex/centros/argelia/documentos/2025/estudio-mercado-maquinaria-tecnologia-agricola-argelia-2025-resumen.pdf ; https://fr.made-in-china.com/factory/mini-dripper.html,2026-10-04,None for now,"VERDICT KILL. Calc: clamp=3.5cm2x16cav x1.15x0.3x1.2=23.2t; shot=2.0gx16x(1+0.25)=40.0g; mold 380x380mm. shot below 45 g practical min of 120T barrel - raise cavities or small screw. Unit cost = resin 0.62 + press 0.46 (1,400 DZD/h, OEE 85%) + mold amort 7.20 (over 1,000,000 pcs) + extra 2.0 , +5% pack. Price = ASSUMPTION (lower band of prior-notes longlist estimate unless noted). Geometry/weights = engineering estimates, verify on sample. Membrane supply, assembly automation and brand trust (Aster/Irritec/Caudal) make this unfit for a first press."
IF-14,Inline flat emitter for dripline extrusion,Emitters,Irrigation,UNKNOWN - collect physical sample,Dripline extruders (Anabib? Algiers tape producer? - UNKNOWN which extrude flat-emitter dripline),"Chinese makers on made-in-china/Global Sources (Fuzhou Green Irrigation, Ningbo Fujin, LVCZ Technology, Hebei Plentirain, DFSHOU) - Algerian import link UNKNOWN; EU brands trading in Algeria: Aster (IT), Caudal (ES), Irritec (IT, weak)",UNKNOWN - likely imported finished parts sold by distributors (ASSUMPTION),UNKNOWN (imported likely - ASSUMPTION),UNKNOWN (China/EU brands likely - ASSUMPTION),"No buyer-level pain found online (Ouedkniss/Facebook/Algerian sites not fetchable). Context only: Algerian imports of irrigation equipment HS 8424 grew ~91.8% (ICEX 2025 study, snippet) = demand growth, not pain.",none_found,https://www.icex.es/content/dam/icex/centros/argelia/documentos/2025/estudio-mercado-maquinaria-tecnologia-agricola-argelia-2025-resumen.pdf,UNKNOWN,Seasonal; peaks before planting campaigns (ASSUMPTION),UNKNOWN,UNKNOWN (China mold T1 25-45 working days per prior notes),UNKNOWN,,UNKNOWN,PE,0.3,1.2,64,24.0,380x380,31.8,Borderline 120T,"64-cav hot runner, precision labyrinth, high-speed",8,45000,0.72,1.5,52.0,"Mold ~10.8 M DZD (USD 45,000 @240) + resin/stock 2 months ~0.15 M DZD; seasonal stock build if irrigation",Low,Very high (micron tolerances),High (standard part),Very high (tied to extrusion line inserter),Few extruders,No,Yes (sizes 16/17/20 mm),UNKNOWN (ISS claims local micro-irrigation production),"Local stock, short lead time, small MOQ, DZD payment (hypothesis - untested)",WEAK SIGNAL,https://dz.kompass.com/a/materiel-d-irrigation-et-d-arrosage/48140/ ; https://dz.kompass.com/a/systemes-d-irrigation-goutte-a-goutte-pour-l-agriculture/4814010/ ; https://www.icex.es/content/dam/icex/centros/argelia/documentos/2025/estudio-mercado-maquinaria-tecnologia-agricola-argelia-2025-resumen.pdf ; https://fr.made-in-china.com/factory/mini-dripper.html,2026-10-04,Ask extruders what emitter they insert and its origin,"VERDICT KILL. Calc: clamp=1.2cm2x64cav x1.15x0.3x1.2=31.8t; shot=0.3gx64x(1+0.25)=24.0g; mold 380x380mm. shot below 45 g practical min of 120T barrel - raise cavities or small screw. Unit cost = resin 0.09 + press 0.06 (1,400 DZD/h, OEE 85%) + mold amort 0.54 (over 20,000,000 pcs) + extra 0.0 , +5% pack. Price = ASSUMPTION (lower band of prior-notes longlist estimate unless noted). Geometry/weights = engineering estimates, verify on sample. Needs hot runner and very fast cycles; shot tiny -> low barrel utilisation."
IF-15,Hole punch for PE pipe 16-20 mm (dripper/start-connector punch),Installer tools,Irrigation,UNKNOWN - collect physical sample,Channel buyers to test (none confirmed as buyers of this part): Irrinet SARL (Boufarik); Irriplast SARL (Bordj Menaiel); Anabib Plastiques EURL (Ain Arnat); Medi Goutte SARL (Ain Benian); DripGlobe SARL (Draria); Algiers drip-tape producer (EspaceAgro listing); ISS / Union B et CH Plastique; Biskra/El Oued/Adrar/Ouargla dealers = UNKNOWN names,"Chinese makers on made-in-china/Global Sources (Fuzhou Green Irrigation, Ningbo Fujin, LVCZ Technology, Hebei Plentirain, DFSHOU) - Algerian import link UNKNOWN; EU brands trading in Algeria: Aster (IT), Caudal (ES), Irritec (IT, weak)",UNKNOWN - likely imported finished parts sold by distributors (ASSUMPTION),UNKNOWN (imported likely - ASSUMPTION),UNKNOWN (China/EU brands likely - ASSUMPTION),"No buyer-level pain found online (Ouedkniss/Facebook/Algerian sites not fetchable). Context only: Algerian imports of irrigation equipment HS 8424 grew ~91.8% (ICEX 2025 study, snippet) = demand growth, not pain.",none_found,https://www.icex.es/content/dam/icex/centros/argelia/documentos/2025/estudio-mercado-maquinaria-tecnologia-agricola-argelia-2025-resumen.pdf,UNKNOWN,Steady-low,UNKNOWN,UNKNOWN (China mold T1 25-45 working days per prior notes),UNKNOWN,,UNKNOWN,ABS,12.0,15.0,4,60.0,300x300,41.4,Fits 120T confidently,4-cav cold runner; steel tip insert-molded or pressed,25,7000,42.88,80,46.0,"Mold ~1.7 M DZD (USD 7,000 @240) + resin/stock 2 months ~0.05 M DZD; seasonal stock build if irrigation",Low,Medium,High (standard part),Low,Fragmented distributors (ASSUMPTION),No,Few,UNKNOWN (ISS claims local micro-irrigation production),"Local stock, short lead time, small MOQ, DZD payment (hypothesis - untested)",WEAK SIGNAL,https://dz.kompass.com/a/materiel-d-irrigation-et-d-arrosage/48140/ ; https://dz.kompass.com/a/systemes-d-irrigation-goutte-a-goutte-pour-l-agriculture/4814010/ ; https://www.icex.es/content/dam/icex/centros/argelia/documentos/2025/estudio-mercado-maquinaria-tecnologia-agricola-argelia-2025-resumen.pdf ; https://fr.made-in-china.com/factory/mini-dripper.html,2026-10-04,"Call Irrinet, Irriplast, Anabib, Medi Goutte: origin, DZD price/1000, MOQ, last stock-out, colour/size gaps; buy 10 samples at a Biskra/Boufarik dealer","VERDICT INVESTIGATE (low). Calc: clamp=15.0cm2x4cav x1.15x0.5x1.2=41.4t; shot=12.0gx4x(1+0.25)=60.0g; mold 300x300mm. . Unit cost = resin 6.18 + press 2.86 (1,400 DZD/h, OEE 85%) + mold amort 16.80 (over 100,000 pcs) + extra 15.0 , +5% pack. Price = ASSUMPTION (lower band of prior-notes longlist estimate unless noted). Geometry/weights = engineering estimates, verify on sample. Low volume add-on to the fittings range; steel tip bought-in (extra 15 DZD ASSUMPTION). Price ASSUMPTION (no longlist row)."
IF-16,Micro-tube stake / dripper stake (piquet) 4/7 mm,Micro-irrigation accessories,Irrigation,UNKNOWN - collect physical sample,Channel buyers to test (none confirmed as buyers of this part): Irrinet SARL (Boufarik); Irriplast SARL (Bordj Menaiel); Anabib Plastiques EURL (Ain Arnat); Medi Goutte SARL (Ain Benian); DripGlobe SARL (Draria); Algiers drip-tape producer (EspaceAgro listing); ISS / Union B et CH Plastique; Biskra/El Oued/Adrar/Ouargla dealers = UNKNOWN names,"Chinese makers on made-in-china/Global Sources (Fuzhou Green Irrigation, Ningbo Fujin, LVCZ Technology, Hebei Plentirain, DFSHOU) - Algerian import link UNKNOWN; EU brands trading in Algeria: Aster (IT), Caudal (ES), Irritec (IT, weak)",UNKNOWN - likely imported finished parts sold by distributors (ASSUMPTION),UNKNOWN (imported likely - ASSUMPTION),UNKNOWN (China/EU brands likely - ASSUMPTION),"No buyer-level pain found online (Ouedkniss/Facebook/Algerian sites not fetchable). Context only: Algerian imports of irrigation equipment HS 8424 grew ~91.8% (ICEX 2025 study, snippet) = demand growth, not pain.",none_found,https://www.icex.es/content/dam/icex/centros/argelia/documentos/2025/estudio-mercado-maquinaria-tecnologia-agricola-argelia-2025-resumen.pdf,UNKNOWN,Seasonal; peaks before planting campaigns (ASSUMPTION),UNKNOWN,UNKNOWN (China mold T1 25-45 working days per prior notes),UNKNOWN,,UNKNOWN,PP,2.5,6.0,16,50.0,380x380,59.6,Fits 120T confidently,"16-cav cold runner, long thin part",15,7000,3.03,6,50.0,"Mold ~1.7 M DZD (USD 7,000 @240) + resin/stock 2 months ~0.06 M DZD; seasonal stock build if irrigation",Low,Medium,High (standard part),Low,Fragmented distributors (ASSUMPTION),No,Yes (sizes 16/17/20 mm),UNKNOWN (ISS claims local micro-irrigation production),"Local stock, short lead time, small MOQ, DZD payment (hypothesis - untested)",WEAK SIGNAL,https://dz.kompass.com/a/materiel-d-irrigation-et-d-arrosage/48140/ ; https://dz.kompass.com/a/systemes-d-irrigation-goutte-a-goutte-pour-l-agriculture/4814010/ ; https://www.icex.es/content/dam/icex/centros/argelia/documentos/2025/estudio-mercado-maquinaria-tecnologia-agricola-argelia-2025-resumen.pdf ; https://fr.made-in-china.com/factory/mini-dripper.html,2026-10-04,"Call Irrinet, Irriplast, Anabib, Medi Goutte: origin, DZD price/1000, MOQ, last stock-out, colour/size gaps; buy 10 samples at a Biskra/Boufarik dealer","VERDICT INVESTIGATE. Calc: clamp=6.0cm2x16cav x1.15x0.45x1.2=59.6t; shot=2.5gx16x(1+0.25)=50.0g; mold 380x380mm. . Unit cost = resin 0.77 + press 0.43 (1,400 DZD/h, OEE 85%) + mold amort 1.68 (over 1,000,000 pcs) + extra 0.0 , +5% pack. Price = ASSUMPTION (lower band of prior-notes longlist estimate unless noted). Geometry/weights = engineering estimates, verify on sample. Greenhouse & nursery use. Longlist est. 5-20 DZD."
IF-17,Barbed micro-tube connector/tee 4/7 mm and arrow-dripper,Micro-irrigation accessories,Irrigation,UNKNOWN - collect physical sample,Channel buyers to test (none confirmed as buyers of this part): Irrinet SARL (Boufarik); Irriplast SARL (Bordj Menaiel); Anabib Plastiques EURL (Ain Arnat); Medi Goutte SARL (Ain Benian); DripGlobe SARL (Draria); Algiers drip-tape producer (EspaceAgro listing); ISS / Union B et CH Plastique; Biskra/El Oued/Adrar/Ouargla dealers = UNKNOWN names,"Chinese makers on made-in-china/Global Sources (Fuzhou Green Irrigation, Ningbo Fujin, LVCZ Technology, Hebei Plentirain, DFSHOU) - Algerian import link UNKNOWN; EU brands trading in Algeria: Aster (IT), Caudal (ES), Irritec (IT, weak)",UNKNOWN - likely imported finished parts sold by distributors (ASSUMPTION),UNKNOWN (imported likely - ASSUMPTION),UNKNOWN (China/EU brands likely - ASSUMPTION),"No buyer-level pain found online (Ouedkniss/Facebook/Algerian sites not fetchable). Context only: Algerian imports of irrigation equipment HS 8424 grew ~91.8% (ICEX 2025 study, snippet) = demand growth, not pain.",none_found,https://www.icex.es/content/dam/icex/centros/argelia/documentos/2025/estudio-mercado-maquinaria-tecnologia-agricola-argelia-2025-resumen.pdf,UNKNOWN,Seasonal; peaks before planting campaigns (ASSUMPTION),UNKNOWN,UNKNOWN (China mold T1 25-45 working days per prior notes),UNKNOWN,,UNKNOWN,PP,0.5,1.0,64,40.0,380x380,26.5,Borderline 120T,"64-cav cold runner, side cores",14,12000,0.87,3,71.0,"Mold ~2.9 M DZD (USD 12,000 @240) + resin/stock 2 months ~0.06 M DZD; seasonal stock build if irrigation",Low,Medium,High (standard part),Low,Fragmented distributors (ASSUMPTION),No,Yes (sizes 16/17/20 mm),UNKNOWN (ISS claims local micro-irrigation production),"Local stock, short lead time, small MOQ, DZD payment (hypothesis - untested)",WEAK SIGNAL,https://dz.kompass.com/a/materiel-d-irrigation-et-d-arrosage/48140/ ; https://dz.kompass.com/a/systemes-d-irrigation-goutte-a-goutte-pour-l-agriculture/4814010/ ; https://www.icex.es/content/dam/icex/centros/argelia/documentos/2025/estudio-mercado-maquinaria-tecnologia-agricola-argelia-2025-resumen.pdf ; https://fr.made-in-china.com/factory/mini-dripper.html ; https://m.globalsources.com/Drip-irrigation/Garden-Plastic-Fittings-1235759250p.htm,2026-10-04,"Call Irrinet, Irriplast, Anabib, Medi Goutte: origin, DZD price/1000, MOQ, last stock-out, colour/size gaps; buy 10 samples at a Biskra/Boufarik dealer","VERDICT INVESTIGATE (low). Calc: clamp=1.0cm2x64cav x1.15x0.3x1.2=26.5t; shot=0.5gx64x(1+0.25)=40.0g; mold 380x380mm. shot below 45 g practical min of 120T barrel - raise cavities or small screw. Unit cost = resin 0.15 + press 0.10 (1,400 DZD/h, OEE 85%) + mold amort 0.58 (over 5,000,000 pcs) + extra 0.0 , +5% pack. Price = ASSUMPTION (lower band of prior-notes longlist estimate unless noted). Geometry/weights = engineering estimates, verify on sample. Global Sources snippet: T connectors from USD 0.01/pc - near-zero price headroom."
IF-18,Micro-sprinkler / mini-sprayer head (rotor + body + stake adaptor),Sprinkler parts,Irrigation,UNKNOWN - collect physical sample,Channel buyers to test (none confirmed as buyers of this part): Irrinet SARL (Boufarik); Irriplast SARL (Bordj Menaiel); Anabib Plastiques EURL (Ain Arnat); Medi Goutte SARL (Ain Benian); DripGlobe SARL (Draria); Algiers drip-tape producer (EspaceAgro listing); ISS / Union B et CH Plastique; Biskra/El Oued/Adrar/Ouargla dealers = UNKNOWN names,"Chinese makers on made-in-china/Global Sources (Fuzhou Green Irrigation, Ningbo Fujin, LVCZ Technology, Hebei Plentirain, DFSHOU) - Algerian import link UNKNOWN; EU brands trading in Algeria: Aster (IT), Caudal (ES), Irritec (IT, weak)",UNKNOWN - likely imported finished parts sold by distributors (ASSUMPTION),UNKNOWN (imported likely - ASSUMPTION),UNKNOWN (China/EU brands likely - ASSUMPTION),"No buyer-level pain found online (Ouedkniss/Facebook/Algerian sites not fetchable). Context only: Algerian imports of irrigation equipment HS 8424 grew ~91.8% (ICEX 2025 study, snippet) = demand growth, not pain.",none_found,https://www.icex.es/content/dam/icex/centros/argelia/documentos/2025/estudio-mercado-maquinaria-tecnologia-agricola-argelia-2025-resumen.pdf,UNKNOWN,Seasonal; peaks before planting campaigns (ASSUMPTION),UNKNOWN,UNKNOWN (China mold T1 25-45 working days per prior notes),UNKNOWN,,UNKNOWN,POM,4.0,5.0,8,40.0,350x350,27.6,Borderline 120T,"8-cav family (body, rotor, nozzle); fine orifice inserts",20,15000,17.88,25,28.0,"Mold ~3.6 M DZD (USD 15,000 @240) + resin/stock 2 months ~0.07 M DZD; seasonal stock build if irrigation",Low,"High (spray pattern, orifice)",High (standard part),Low,Fragmented distributors (ASSUMPTION),No,Yes (sizes 16/17/20 mm),UNKNOWN (ISS claims local micro-irrigation production),"Local stock, short lead time, small MOQ, DZD payment (hypothesis - untested)",WEAK SIGNAL,https://dz.kompass.com/a/materiel-d-irrigation-et-d-arrosage/48140/ ; https://dz.kompass.com/a/systemes-d-irrigation-goutte-a-goutte-pour-l-agriculture/4814010/ ; https://www.icex.es/content/dam/icex/centros/argelia/documentos/2025/estudio-mercado-maquinaria-tecnologia-agricola-argelia-2025-resumen.pdf ; https://fr.made-in-china.com/factory/mini-dripper.html,2026-10-04,"Call Irrinet, Irriplast, Anabib, Medi Goutte: origin, DZD price/1000, MOQ, last stock-out, colour/size gaps; buy 10 samples at a Biskra/Boufarik dealer","VERDICT INVESTIGATE (low). Calc: clamp=5.0cm2x8cav x1.15x0.5x1.2=27.6t; shot=4.0gx8x(1+0.25)=40.0g; mold 350x350mm. shot below 45 g practical min of 120T barrel - raise cavities or small screw. Unit cost = resin 2.88 + press 1.14 (1,400 DZD/h, OEE 85%) + mold amort 12.00 (over 300,000 pcs) + extra 1.0 , +5% pack. Price = ASSUMPTION (lower band of prior-notes longlist estimate unless noted). Geometry/weights = engineering estimates, verify on sample. Longlist est. 20-80 DZD."
IF-19,Impact sprinkler plastic body 1/2-3/4 in (spare/whole),Sprinkler parts,Irrigation,UNKNOWN - collect physical sample,Channel buyers to test (none confirmed as buyers of this part): Irrinet SARL (Boufarik); Irriplast SARL (Bordj Menaiel); Anabib Plastiques EURL (Ain Arnat); Medi Goutte SARL (Ain Benian); DripGlobe SARL (Draria); Algiers drip-tape producer (EspaceAgro listing); ISS / Union B et CH Plastique; Biskra/El Oued/Adrar/Ouargla dealers = UNKNOWN names,"Chinese makers on made-in-china/Global Sources (Fuzhou Green Irrigation, Ningbo Fujin, LVCZ Technology, Hebei Plentirain, DFSHOU) - Algerian import link UNKNOWN; EU brands trading in Algeria: Aster (IT), Caudal (ES), Irritec (IT, weak)",UNKNOWN - likely imported finished parts sold by distributors (ASSUMPTION),UNKNOWN (imported likely - ASSUMPTION),UNKNOWN (China/EU brands likely - ASSUMPTION),"No buyer-level pain found online (Ouedkniss/Facebook/Algerian sites not fetchable). Context only: Algerian imports of irrigation equipment HS 8424 grew ~91.8% (ICEX 2025 study, snippet) = demand growth, not pain.",none_found,https://www.icex.es/content/dam/icex/centros/argelia/documentos/2025/estudio-mercado-maquinaria-tecnologia-agricola-argelia-2025-resumen.pdf,UNKNOWN,Seasonal; peaks before planting campaigns (ASSUMPTION),UNKNOWN,UNKNOWN (China mold T1 25-45 working days per prior notes),UNKNOWN,,UNKNOWN,PA6-GF,45.0,30.0,2,103.5,380x380,45.5,Fits 120T confidently,"2-cav, threads by unscrewing core, GF wear on tool",35,18000,129.83,250,48.0,"Mold ~4.3 M DZD (USD 18,000 @240) + resin/stock 2 months ~0.27 M DZD; seasonal stock build if irrigation",Low,High,High (standard part),Low,Fragmented distributors (ASSUMPTION),No,Yes (sizes 16/17/20 mm),UNKNOWN (ISS claims local micro-irrigation production),"Local stock, short lead time, small MOQ, DZD payment (hypothesis - untested)",WEAK SIGNAL,https://dz.kompass.com/a/materiel-d-irrigation-et-d-arrosage/48140/ ; https://dz.kompass.com/a/systemes-d-irrigation-goutte-a-goutte-pour-l-agriculture/4814010/ ; https://www.icex.es/content/dam/icex/centros/argelia/documentos/2025/estudio-mercado-maquinaria-tecnologia-agricola-argelia-2025-resumen.pdf ; https://fr.made-in-china.com/factory/mini-dripper.html,2026-10-04,Check if El Oued/Adrar pivot & sprinkler dealers sell plastic impact sprinklers and origin,"VERDICT INVESTIGATE (low). Calc: clamp=30.0cm2x2cav x1.15x0.55x1.2=45.5t; shot=45.0gx2x(1+0.15)=103.5g; mold 380x380mm. . Unit cost = resin 32.45 + press 8.01 (1,400 DZD/h, OEE 85%) + mold amort 43.20 (over 100,000 pcs) + extra 40.0 , +5% pack. Price = ASSUMPTION (lower band of prior-notes longlist estimate unless noted). Geometry/weights = engineering estimates, verify on sample. Brass impact sprinklers dominate in many markets; extra 40 DZD = spring/arm/bearing bought-in. Price ASSUMPTION."
IF-20,Lay-flat hose (layflat) take-off / layflat-to-tape connector,Drip fittings - tape connectors,Irrigation,UNKNOWN - collect physical sample,Channel buyers to test (none confirmed as buyers of this part): Irrinet SARL (Boufarik); Irriplast SARL (Bordj Menaiel); Anabib Plastiques EURL (Ain Arnat); Medi Goutte SARL (Ain Benian); DripGlobe SARL (Draria); Algiers drip-tape producer (EspaceAgro listing); ISS / Union B et CH Plastique; Biskra/El Oued/Adrar/Ouargla dealers = UNKNOWN names,"Chinese makers on made-in-china/Global Sources (Fuzhou Green Irrigation, Ningbo Fujin, LVCZ Technology, Hebei Plentirain, DFSHOU) - Algerian import link UNKNOWN; EU brands trading in Algeria: Aster (IT), Caudal (ES), Irritec (IT, weak)",UNKNOWN - likely imported finished parts sold by distributors (ASSUMPTION),UNKNOWN (imported likely - ASSUMPTION),UNKNOWN (China/EU brands likely - ASSUMPTION),"No buyer-level pain found online (Ouedkniss/Facebook/Algerian sites not fetchable). Context only: Algerian imports of irrigation equipment HS 8424 grew ~91.8% (ICEX 2025 study, snippet) = demand growth, not pain.",none_found,https://www.icex.es/content/dam/icex/centros/argelia/documentos/2025/estudio-mercado-maquinaria-tecnologia-agricola-argelia-2025-resumen.pdf,UNKNOWN,Seasonal; peaks before planting campaigns (ASSUMPTION),UNKNOWN,UNKNOWN (China mold T1 25-45 working days per prior notes),UNKNOWN,,UNKNOWN,PP,5.0,7.0,8,50.0,350x350,23.2,Fits 120T confidently,"8-cav cold runner, side cores, grommet bought-in",20,9000,11.43,20,43.0,"Mold ~2.2 M DZD (USD 9,000 @240) + resin/stock 2 months ~0.04 M DZD; seasonal stock build if irrigation",Low,Medium,High (standard part),Low,Fragmented distributors (ASSUMPTION),No,Yes (sizes 16/17/20 mm),UNKNOWN (ISS claims local micro-irrigation production),"Local stock, short lead time, small MOQ, DZD payment (hypothesis - untested)",WEAK SIGNAL,https://dz.kompass.com/a/materiel-d-irrigation-et-d-arrosage/48140/ ; https://dz.kompass.com/a/systemes-d-irrigation-goutte-a-goutte-pour-l-agriculture/4814010/ ; https://www.icex.es/content/dam/icex/centros/argelia/documentos/2025/estudio-mercado-maquinaria-tecnologia-agricola-argelia-2025-resumen.pdf ; https://fr.made-in-china.com/factory/mini-dripper.html,2026-10-04,"Call Irrinet, Irriplast, Anabib, Medi Goutte: origin, DZD price/1000, MOQ, last stock-out, colour/size gaps; buy 10 samples at a Biskra/Boufarik dealer","VERDICT INVESTIGATE. Calc: clamp=7.0cm2x8cav x1.15x0.3x1.2=23.2t; shot=5.0gx8x(1+0.25)=50.0g; mold 350x350mm. . Unit cost = resin 1.54 + press 1.14 (1,400 DZD/h, OEE 85%) + mold amort 7.20 (over 300,000 pcs) + extra 1.0 , +5% pack. Price = ASSUMPTION (lower band of prior-notes longlist estimate unless noted). Geometry/weights = engineering estimates, verify on sample. Layflat is common for low-cost field distribution (ASSUMPTION); longlist est. 10-40 DZD."
IF-21,PP compression coupling 20 mm (agri PE pipe),Compression fittings,Irrigation,UNKNOWN - collect physical sample,Channel buyers to test (none confirmed as buyers of this part): Irrinet SARL (Boufarik); Irriplast SARL (Bordj Menaiel); Anabib Plastiques EURL (Ain Arnat); Medi Goutte SARL (Ain Benian); DripGlobe SARL (Draria); Algiers drip-tape producer (EspaceAgro listing); ISS / Union B et CH Plastique; Biskra/El Oued/Adrar/Ouargla dealers = UNKNOWN names; Groupe Chiali channel (pipe maker - possible competitor),"Chinese makers on made-in-china/Global Sources (Fuzhou Green Irrigation, Ningbo Fujin, LVCZ Technology, Hebei Plentirain, DFSHOU) - Algerian import link UNKNOWN; EU brands trading in Algeria: Aster (IT), Caudal (ES), Irritec (IT, weak)",UNKNOWN - likely imported finished parts sold by distributors (ASSUMPTION),UNKNOWN (imported likely - ASSUMPTION),UNKNOWN (China/EU brands likely - ASSUMPTION),"No buyer-level pain found online (Ouedkniss/Facebook/Algerian sites not fetchable). Context only: Algerian imports of irrigation equipment HS 8424 grew ~91.8% (ICEX 2025 study, snippet) = demand growth, not pain.",none_found,https://www.icex.es/content/dam/icex/centros/argelia/documentos/2025/estudio-mercado-maquinaria-tecnologia-agricola-argelia-2025-resumen.pdf,UNKNOWN,Seasonal; peaks before planting campaigns (ASSUMPTION),UNKNOWN,UNKNOWN (China mold T1 25-45 working days per prior notes),UNKNOWN,,UNKNOWN,PP,35.0,22.0,2,80.5,380x400,18.2,Fits 120T confidently,"2-cav, 2 nuts + body family, unscrewing or collapsible cores, split ring + O-ring bought-in",30,22000,66.02,120,45.0,"Mold ~5.3 M DZD (USD 22,000 @240) + resin/stock 2 months ~0.14 M DZD; seasonal stock build if irrigation",Medium (pressure rating/standard),High (PN10 pressure test),High (standard part),Medium (brand),Fragmented distributors (ASSUMPTION),No,Yes (sizes 16/17/20 mm),UNKNOWN; Chiali may supply fittings with pipe (ASSUMPTION),"Local stock, short lead time, small MOQ, DZD payment (hypothesis - untested)",WEAK SIGNAL,https://dz.kompass.com/a/materiel-d-irrigation-et-d-arrosage/48140/ ; https://dz.kompass.com/a/systemes-d-irrigation-goutte-a-goutte-pour-l-agriculture/4814010/ ; https://www.icex.es/content/dam/icex/centros/argelia/documentos/2025/estudio-mercado-maquinaria-tecnologia-agricola-argelia-2025-resumen.pdf ; https://fr.made-in-china.com/factory/mini-dripper.html,2026-10-04,Price check of Turkish/Italian compression fittings at a Boufarik dealer; ask Chiali if they outsource fittings,"VERDICT INVESTIGATE. Calc: clamp=22.0cm2x2cav x1.15x0.3x1.2=18.2t; shot=35.0gx2x(1+0.15)=80.5g; mold 380x400mm. . Unit cost = resin 10.82 + press 6.86 (1,400 DZD/h, OEE 85%) + mold amort 35.20 (over 150,000 pcs) + extra 10.0 , +5% pack. Price = ASSUMPTION (lower band of prior-notes longlist estimate unless noted). Geometry/weights = engineering estimates, verify on sample. Price ASSUMPTION (no longlist row). Several tools for nut/body/ring -> mold cost high."
IF-22,PP compression tee 32 mm (agri PE pipe) - body,Compression fittings,Irrigation,UNKNOWN - collect physical sample,Channel buyers to test (none confirmed as buyers of this part): Irrinet SARL (Boufarik); Irriplast SARL (Bordj Menaiel); Anabib Plastiques EURL (Ain Arnat); Medi Goutte SARL (Ain Benian); DripGlobe SARL (Draria); Algiers drip-tape producer (EspaceAgro listing); ISS / Union B et CH Plastique; Biskra/El Oued/Adrar/Ouargla dealers = UNKNOWN names,"Chinese makers on made-in-china/Global Sources (Fuzhou Green Irrigation, Ningbo Fujin, LVCZ Technology, Hebei Plentirain, DFSHOU) - Algerian import link UNKNOWN; EU brands trading in Algeria: Aster (IT), Caudal (ES), Irritec (IT, weak)",UNKNOWN - likely imported finished parts sold by distributors (ASSUMPTION),UNKNOWN (imported likely - ASSUMPTION),UNKNOWN (China/EU brands likely - ASSUMPTION),"No buyer-level pain found online (Ouedkniss/Facebook/Algerian sites not fetchable). Context only: Algerian imports of irrigation equipment HS 8424 grew ~91.8% (ICEX 2025 study, snippet) = demand growth, not pain.",none_found,https://www.icex.es/content/dam/icex/centros/argelia/documentos/2025/estudio-mercado-maquinaria-tecnologia-agricola-argelia-2025-resumen.pdf,UNKNOWN,Seasonal; peaks before planting campaigns (ASSUMPTION),UNKNOWN,UNKNOWN (China mold T1 25-45 working days per prior notes),UNKNOWN,,UNKNOWN,PP,110.0,55.0,1,126.5,400x400,22.8,Fits 120T confidently,"1-cav body, 3 unscrewing cores (hydraulic), nuts in separate tool",45,28000,171.76,350,51.0,"Mold ~6.7 M DZD (USD 28,000 @240) + resin/stock 2 months ~0.23 M DZD; seasonal stock build if irrigation",Medium,High (PN10),High (standard part),Low,Fragmented distributors (ASSUMPTION),No,Yes (sizes 16/17/20 mm),UNKNOWN (ISS claims local micro-irrigation production),"Local stock, short lead time, small MOQ, DZD payment (hypothesis - untested)",WEAK SIGNAL,https://dz.kompass.com/a/materiel-d-irrigation-et-d-arrosage/48140/ ; https://dz.kompass.com/a/systemes-d-irrigation-goutte-a-goutte-pour-l-agriculture/4814010/ ; https://www.icex.es/content/dam/icex/centros/argelia/documentos/2025/estudio-mercado-maquinaria-tecnologia-agricola-argelia-2025-resumen.pdf ; https://fr.made-in-china.com/factory/mini-dripper.html,2026-10-04,Same as IF-21,"VERDICT INVESTIGATE (low). Calc: clamp=55.0cm2x1cav x1.15x0.3x1.2=22.8t; shot=110.0gx1x(1+0.15)=126.5g; mold 400x400mm. . Unit cost = resin 33.99 + press 20.59 (1,400 DZD/h, OEE 85%) + mold amort 84.00 (over 80,000 pcs) + extra 25.0 , +5% pack. Price = ASSUMPTION (lower band of prior-notes longlist estimate unless noted). Geometry/weights = engineering estimates, verify on sample. Mold at 400 mm wide sits at tie-bar limit (410). Price ASSUMPTION."
IF-23,Disc filter housing 3/4 in (body + cap),Filtration,Irrigation,UNKNOWN - collect physical sample,Channel buyers to test (none confirmed as buyers of this part): Irrinet SARL (Boufarik); Irriplast SARL (Bordj Menaiel); Anabib Plastiques EURL (Ain Arnat); Medi Goutte SARL (Ain Benian); DripGlobe SARL (Draria); Algiers drip-tape producer (EspaceAgro listing); ISS / Union B et CH Plastique; Biskra/El Oued/Adrar/Ouargla dealers = UNKNOWN names,"Chinese makers on made-in-china/Global Sources (Fuzhou Green Irrigation, Ningbo Fujin, LVCZ Technology, Hebei Plentirain, DFSHOU) - Algerian import link UNKNOWN; EU brands trading in Algeria: Aster (IT), Caudal (ES), Irritec (IT, weak)",UNKNOWN - likely imported finished parts sold by distributors (ASSUMPTION),UNKNOWN (imported likely - ASSUMPTION),UNKNOWN (China/EU brands likely - ASSUMPTION),"No buyer-level pain found online (Ouedkniss/Facebook/Algerian sites not fetchable). Context only: Algerian imports of irrigation equipment HS 8424 grew ~91.8% (ICEX 2025 study, snippet) = demand growth, not pain.",none_found,https://www.icex.es/content/dam/icex/centros/argelia/documentos/2025/estudio-mercado-maquinaria-tecnologia-agricola-argelia-2025-resumen.pdf,UNKNOWN,Seasonal; peaks before planting campaigns (ASSUMPTION),UNKNOWN,UNKNOWN (China mold T1 25-45 working days per prior notes),UNKNOWN,,UNKNOWN,PP-GF,180.0,80.0,1,207.0,450x450,38.6,Requires larger injection press,"1-cav, large unscrewing thread cores",50,30000,406.69,1500,73.0,"Mold ~7.2 M DZD (USD 30,000 @240) + resin/stock 2 months ~0.29 M DZD; seasonal stock build if irrigation",Low,High (pressure),High (standard part),Low,Fragmented distributors (ASSUMPTION),No,Yes (sizes 16/17/20 mm),UNKNOWN (ISS claims local micro-irrigation production),"Local stock, short lead time, small MOQ, DZD payment (hypothesis - untested)",WEAK SIGNAL,https://dz.kompass.com/a/materiel-d-irrigation-et-d-arrosage/48140/ ; https://dz.kompass.com/a/systemes-d-irrigation-goutte-a-goutte-pour-l-agriculture/4814010/ ; https://www.icex.es/content/dam/icex/centros/argelia/documentos/2025/estudio-mercado-maquinaria-tecnologia-agricola-argelia-2025-resumen.pdf ; https://fr.made-in-china.com/factory/mini-dripper.html,2026-10-04,None at entry,"VERDICT KILL (machine size). Calc: clamp=80.0cm2x1cav x1.15x0.35x1.2=38.6t; shot=180.0gx1x(1+0.15)=207.0g; mold 450x450mm. shot near/over 80% of practical 200 g. Unit cost = resin 70.45 + press 22.88 (1,400 DZD/h, OEE 85%) + mold amort 144.00 (over 50,000 pcs) + extra 150.0 , +5% pack. Price = ASSUMPTION (lower band of prior-notes longlist estimate unless noted). Geometry/weights = engineering estimates, verify on sample. Longlist est. 1,500-6,000 DZD. Mold width >410 mm."
IF-24,Irrigation valve box 6-10 in (lid + body),Valve boxes,Irrigation,UNKNOWN - collect physical sample,Channel buyers to test (none confirmed as buyers of this part): Irrinet SARL (Boufarik); Irriplast SARL (Bordj Menaiel); Anabib Plastiques EURL (Ain Arnat); Medi Goutte SARL (Ain Benian); DripGlobe SARL (Draria); Algiers drip-tape producer (EspaceAgro listing); ISS / Union B et CH Plastique; Biskra/El Oued/Adrar/Ouargla dealers = UNKNOWN names,"Chinese makers on made-in-china/Global Sources (Fuzhou Green Irrigation, Ningbo Fujin, LVCZ Technology, Hebei Plentirain, DFSHOU) - Algerian import link UNKNOWN; EU brands trading in Algeria: Aster (IT), Caudal (ES), Irritec (IT, weak)",UNKNOWN - likely imported finished parts sold by distributors (ASSUMPTION),UNKNOWN (imported likely - ASSUMPTION),UNKNOWN (China/EU brands likely - ASSUMPTION),"No buyer-level pain found online (Ouedkniss/Facebook/Algerian sites not fetchable). Context only: Algerian imports of irrigation equipment HS 8424 grew ~91.8% (ICEX 2025 study, snippet) = demand growth, not pain.",none_found,https://www.icex.es/content/dam/icex/centros/argelia/documentos/2025/estudio-mercado-maquinaria-tecnologia-agricola-argelia-2025-resumen.pdf,UNKNOWN,Seasonal; peaks before planting campaigns (ASSUMPTION),UNKNOWN,UNKNOWN (China mold T1 25-45 working days per prior notes),UNKNOWN,,UNKNOWN,PP,900.0,600.0,1,1035.0,600x600,248.4,Requires larger injection press,1-cav large,70,35000,766.63,2500,69.0,"Mold ~8.4 M DZD (USD 35,000 @240) + resin/stock 2 months ~0.46 M DZD; seasonal stock build if irrigation",Low,Medium,High (standard part),Low,Fragmented distributors (ASSUMPTION),No,Yes (sizes 16/17/20 mm),UNKNOWN (ISS claims local micro-irrigation production),"Local stock, short lead time, small MOQ, DZD payment (hypothesis - untested)",WEAK SIGNAL,https://dz.kompass.com/a/materiel-d-irrigation-et-d-arrosage/48140/ ; https://dz.kompass.com/a/systemes-d-irrigation-goutte-a-goutte-pour-l-agriculture/4814010/ ; https://www.icex.es/content/dam/icex/centros/argelia/documentos/2025/estudio-mercado-maquinaria-tecnologia-agricola-argelia-2025-resumen.pdf ; https://fr.made-in-china.com/factory/mini-dripper.html,2026-10-04,None,"VERDICT KILL (machine size). Calc: clamp=600.0cm2x1cav x1.15x0.3x1.2=248.4t; shot=900.0gx1x(1+0.15)=1035.0g; mold 600x600mm. shot near/over 80% of practical 200 g. Unit cost = resin 278.10 + press 32.03 (1,400 DZD/h, OEE 85%) + mold amort 420.00 (over 20,000 pcs) + extra 0.0 , +5% pack. Price = ASSUMPTION (lower band of prior-notes longlist estimate unless noted). Geometry/weights = engineering estimates, verify on sample. Included to document machine boundary. Price ASSUMPTION."
IF-25,Greenhouse film snap clip for 20/25/32 mm tube (clip serre),Greenhouse clips,Irrigation / plasticulture,https://www.walmart.com/ip/5582929401,Greenhouse growers & input dealers Biskra (names UNKNOWN); greenhouse kit sellers on Ouedkniss (tunnel 'pieds droits boulonnés' listing); greenhouse builders = UNKNOWN (Phase 1 found none),Chinese clip makers (retail listing 200 pcs = USD 15.99),UNKNOWN - likely imported finished parts sold by distributors (ASSUMPTION),UNKNOWN (imported likely - ASSUMPTION),UNKNOWN (China/EU brands likely - ASSUMPTION),No pain found. Ouedkniss snippet: greenhouse film listed at 305 DA (unit unclear); tunnel greenhouse kits sold online.,none_found,https://www.ouedkniss.com/serre-tunnel-r?lang=fr,UNKNOWN,Seasonal; film replacement before autumn planting (ASSUMPTION),UNKNOWN,UNKNOWN (China mold T1 25-45 working days per prior notes),UNKNOWN,,UNKNOWN,PP,6.0,10.0,8,60.0,350x350,33.1,Fits 120T confidently,"8-cav cold runner, simple 2-plate, size inserts",18,6000,6.05,10,39.0,"Mold ~1.4 M DZD (USD 6,000 @240) + resin/stock 2 months ~0.08 M DZD; seasonal stock build if irrigation",Low,Medium,High (standard part),Low,Fragmented distributors (ASSUMPTION),No,Yes (tube 20/25/32 mm),UNKNOWN (ISS claims local micro-irrigation production),"Local stock, short lead time, small MOQ, DZD payment (hypothesis - untested)",WEAK SIGNAL,https://www.ouedkniss.com/serre-tunnel-r?lang=fr ; https://www.walmart.com/ip/5582929401 ; research_notes/Algeria injection molding feasibility/import_products_longlist.md,2026-10-04,"Visit 3 Biskra input dealers: what clips/clamps used, origin, price; or do growers use wire/profiles only?","VERDICT INVESTIGATE. Calc: clamp=10.0cm2x8cav x1.15x0.3x1.2=33.1t; shot=6.0gx8x(1+0.25)=60.0g; mold 350x350mm. . Unit cost = resin 1.85 + press 1.03 (1,400 DZD/h, OEE 85%) + mold amort 2.88 (over 500,000 pcs) + extra 0.0 , +5% pack. Price = ASSUMPTION (lower band of prior-notes longlist estimate unless noted). Geometry/weights = engineering estimates, verify on sample. Retail benchmark USD 0.08/pc (200-pack, Walmart) - B2B FOB lower. Longlist est. 5-20 DZD."
IF-26,Tomato/vine truss clip & trellis clip (plant clip),Greenhouse clips,Irrigation / plasticulture,UNKNOWN - collect physical sample,Greenhouse growers & input dealers Biskra (names UNKNOWN); greenhouse kit sellers on Ouedkniss (tunnel 'pieds droits boulonnés' listing); greenhouse builders = UNKNOWN (Phase 1 found none),UNKNOWN (imported likely),UNKNOWN - likely imported finished parts sold by distributors (ASSUMPTION),UNKNOWN (imported likely - ASSUMPTION),UNKNOWN (China/EU brands likely - ASSUMPTION),No pain found online.,none_found,https://www.ouedkniss.com/serre-tunnel-r?lang=fr,UNKNOWN,"Seasonal, consumable (single-season use - ASSUMPTION)",UNKNOWN,UNKNOWN (China mold T1 25-45 working days per prior notes),UNKNOWN,,UNKNOWN,PP,0.5,1.5,32,20.0,350x350,19.9,Borderline 120T,32-cav cold runner with living hinge,12,8000,0.75,2,63.0,"Mold ~1.9 M DZD (USD 8,000 @240) + resin/stock 2 months ~0.06 M DZD; seasonal stock build if irrigation",Low,Medium,High (standard part),Low,Fragmented distributors (ASSUMPTION),No,Few,UNKNOWN (ISS claims local micro-irrigation production),"Local stock, short lead time, small MOQ, DZD payment (hypothesis - untested)",WEAK SIGNAL,https://www.ouedkniss.com/serre-tunnel-r?lang=fr ; research_notes/Algeria injection molding feasibility/import_products_longlist.md,2026-10-04,Ask Biskra growers whether they use clips or string only,"VERDICT INVESTIGATE. Calc: clamp=1.5cm2x32cav x1.15x0.3x1.2=19.9t; shot=0.5gx32x(1+0.25)=20.0g; mold 350x350mm. shot below 45 g practical min of 120T barrel - raise cavities or small screw. Unit cost = resin 0.15 + press 0.17 (1,400 DZD/h, OEE 85%) + mold amort 0.38 (over 5,000,000 pcs) + extra 0.0 , +5% pack. Price = ASSUMPTION (lower band of prior-notes longlist estimate unless noted). Geometry/weights = engineering estimates, verify on sample. Living hinge needs PP homopolymer/hinge grade. Longlist est. 1-5 DZD. Shot ~20 g -> below barrel sweet spot at 32 cav: run 48-64 cav if volume proven."
IF-27,Shade-net / insect-net clip (clip filet ombrage),Greenhouse clips,Irrigation / plasticulture,UNKNOWN - collect physical sample,Greenhouse growers & input dealers Biskra (names UNKNOWN); greenhouse kit sellers on Ouedkniss (tunnel 'pieds droits boulonnés' listing); greenhouse builders = UNKNOWN (Phase 1 found none),UNKNOWN,UNKNOWN - likely imported finished parts sold by distributors (ASSUMPTION),UNKNOWN (imported likely - ASSUMPTION),UNKNOWN (China/EU brands likely - ASSUMPTION),No pain found online.,none_found,https://www.ouedkniss.com/serre-tunnel-r?lang=fr,UNKNOWN,Seasonal; peaks before planting campaigns (ASSUMPTION),UNKNOWN,UNKNOWN (China mold T1 25-45 working days per prior notes),UNKNOWN,,UNKNOWN,PP,3.0,6.0,16,60.0,350x350,39.7,Fits 120T confidently,16-cav cold runner,15,6000,2.94,6,51.0,"Mold ~1.4 M DZD (USD 6,000 @240) + resin/stock 2 months ~0.08 M DZD; seasonal stock build if irrigation",Low,Medium,High (standard part),Low,Fragmented distributors (ASSUMPTION),No,Few,UNKNOWN (ISS claims local micro-irrigation production),"Local stock, short lead time, small MOQ, DZD payment (hypothesis - untested)",WEAK SIGNAL,https://www.ouedkniss.com/serre-tunnel-r?lang=fr ; research_notes/Algeria injection molding feasibility/import_products_longlist.md,2026-10-04,Same as IF-25,"VERDICT INVESTIGATE (low). Calc: clamp=6.0cm2x16cav x1.15x0.3x1.2=39.7t; shot=3.0gx16x(1+0.25)=60.0g; mold 350x350mm. . Unit cost = resin 0.93 + press 0.43 (1,400 DZD/h, OEE 85%) + mold amort 1.44 (over 1,000,000 pcs) + extra 0.0 , +5% pack. Price = ASSUMPTION (lower band of prior-notes longlist estimate unless noted). Geometry/weights = engineering estimates, verify on sample. Price ASSUMPTION (from longlist greenhouse-clip band)."
IF-28,"Poultry nipple drinker body (POM) - 360 deg nipple, with SS pin/ball assembly",Poultry drinking,Agri equipment,https://m.made-in-china.com/catlist/Livestock-Drinker-1059070000.html,Broiler/layer farms; poultry-equipment dealers (names UNKNOWN; Ouedkniss sellers of 'matériel poulet de chair'); integrators/ONAB-type = UNKNOWN,"Chinese nipple makers e.g. Qingdao Agrieso (made-in-china, USD 0.27-0.35/pc FOB, MOQ 100); Italian drinkers (Ouedkniss 'Abreuvoir G86 made in Italy')",UNKNOWN - likely imported finished parts sold by distributors (ASSUMPTION),UNKNOWN (imported likely - ASSUMPTION),China / Italy / Turkey (ASSUMPTION; Italy seen once on Ouedkniss),"Academic (ENSV thesis, undated): broiler sector chronically under-equipped in brooders, feeders, drinkers; near-total reliance on world markets for equipment. Ouedkniss snippet shows 'Abreuvoir G86 made in Italy' in a broiler-equipment listing. No named buyer pain.",no_local_supplier,https://depot.ensv.dz:8443/jspui/bitstream/123456789/1194/3/Probl%c3%a9matique%20de%20la%20gestion%20de%20l%e2%80%99%c3%a9levage%20du%20poulet%20de%20chair%20en%20Alg%c3%a9rie.pdf,WEAK SIGNAL,Steady (replacement + new houses); higher pre-Ramadan/summer cycles (ASSUMPTION),China MOQ 100 pcs (snippet),UNKNOWN (China mold T1 25-45 working days per prior notes),UNKNOWN,,UNKNOWN,POM,3.0,3.0,16,60.0,350x350,33.1,Fits 120T confidently,"16-cav cold runner, precision seat, side core; SS pin+ball bought-in, assembly + leak test",18,14000,18.94,45,58.0,"Mold ~3.4 M DZD (USD 14,000 @240) + resin/stock 2 months ~0.18 M DZD; seasonal stock build if irrigation",Low,"High (no-drip seal, flow rate)",High (standard part),Low,Fragmented distributors (ASSUMPTION),No,Yes (sizes 16/17/20 mm),UNKNOWN (ISS claims local micro-irrigation production),"Local stock, short lead time, small MOQ, DZD payment (hypothesis - untested)",WEAK SIGNAL,https://depot.ensv.dz:8443/jspui/bitstream/123456789/1194/3/Probl%c3%a9matique%20de%20la%20gestion%20de%20l%e2%80%99%c3%a9levage%20du%20poulet%20de%20chair%20en%20Alg%c3%a9rie.pdf ; https://m.made-in-china.com/catlist/Livestock-Drinker-1059070000.html ; https://www.ouedkniss.com/materiaux_equipement?keywords=poulet-chair&lang=fr,2026-10-04,"Call 3 poultry-equipment dealers (Setif/BBA/Bouira, names via Ouedkniss): nipple origin, DZD price/100, leak/drip complaints, stock-outs","VERDICT INVESTIGATE. Calc: clamp=3.0cm2x16cav x1.15x0.5x1.2=33.1t; shot=3.0gx16x(1+0.25)=60.0g; mold 350x350mm. . Unit cost = resin 2.16 + press 0.51 (1,400 DZD/h, OEE 85%) + mold amort 3.36 (over 1,000,000 pcs) + extra 12.0 , +5% pack. Price = ASSUMPTION (lower band of prior-notes longlist estimate unless noted). Geometry/weights = engineering estimates, verify on sample. FOB benchmark USD 0.27-0.35 complete -> landed ~56-73 DZD @133 official +15% freight +30% DD +5% (ASSUMPTION). Extra 12 DZD = stainless pin+ball import. Longlist est. 30-100 DZD."
IF-29,Nipple drip cup / drinker cup (clip-on),Poultry drinking,Agri equipment,UNKNOWN - collect physical sample,Broiler/layer farms; poultry-equipment dealers (names UNKNOWN; Ouedkniss sellers of 'matériel poulet de chair'); integrators/ONAB-type = UNKNOWN,"Chinese nipple makers e.g. Qingdao Agrieso (made-in-china, USD 0.27-0.35/pc FOB, MOQ 100); Italian drinkers (Ouedkniss 'Abreuvoir G86 made in Italy')",UNKNOWN - likely imported finished parts sold by distributors (ASSUMPTION),UNKNOWN (imported likely - ASSUMPTION),UNKNOWN (China/EU brands likely - ASSUMPTION),"Academic (ENSV thesis, undated): broiler sector chronically under-equipped in brooders, feeders, drinkers; near-total reliance on world markets for equipment. Ouedkniss snippet shows 'Abreuvoir G86 made in Italy' in a broiler-equipment listing. No named buyer pain.",no_local_supplier,https://depot.ensv.dz:8443/jspui/bitstream/123456789/1194/3/Probl%c3%a9matique%20de%20la%20gestion%20de%20l%e2%80%99%c3%a9levage%20du%20poulet%20de%20chair%20en%20Alg%c3%a9rie.pdf,WEAK SIGNAL,Steady,UNKNOWN,UNKNOWN (China mold T1 25-45 working days per prior notes),UNKNOWN,,UNKNOWN,PP,4.0,12.0,8,40.0,350x350,39.7,Borderline 120T,8-cav cold runner,16,7000,5.79,15,61.0,"Mold ~1.7 M DZD (USD 7,000 @240) + resin/stock 2 months ~0.05 M DZD; seasonal stock build if irrigation",Low,Medium,High (standard part),Low,Fragmented distributors (ASSUMPTION),No,Yes (sizes 16/17/20 mm),UNKNOWN (ISS claims local micro-irrigation production),"Local stock, short lead time, small MOQ, DZD payment (hypothesis - untested)",WEAK SIGNAL,https://depot.ensv.dz:8443/jspui/bitstream/123456789/1194/3/Probl%c3%a9matique%20de%20la%20gestion%20de%20l%e2%80%99%c3%a9levage%20du%20poulet%20de%20chair%20en%20Alg%c3%a9rie.pdf ; https://www.ouedkniss.com/materiaux_equipement?keywords=poulet-chair&lang=fr,2026-10-04,Same as IF-28,"VERDICT INVESTIGATE. Calc: clamp=12.0cm2x8cav x1.15x0.3x1.2=39.7t; shot=4.0gx8x(1+0.25)=40.0g; mold 350x350mm. shot below 45 g practical min of 120T barrel - raise cavities or small screw. Unit cost = resin 1.24 + press 0.92 (1,400 DZD/h, OEE 85%) + mold amort 3.36 (over 500,000 pcs) + extra 0.0 , +5% pack. Price = ASSUMPTION (lower band of prior-notes longlist estimate unless noted). Geometry/weights = engineering estimates, verify on sample. Price ASSUMPTION."
IF-30,Drinker-line saddle / pipe clamp & line connector (square/round pipe),Poultry drinking,Agri equipment,UNKNOWN - collect physical sample,Broiler/layer farms; poultry-equipment dealers (names UNKNOWN; Ouedkniss sellers of 'matériel poulet de chair'); integrators/ONAB-type = UNKNOWN,"Chinese nipple makers e.g. Qingdao Agrieso (made-in-china, USD 0.27-0.35/pc FOB, MOQ 100); Italian drinkers (Ouedkniss 'Abreuvoir G86 made in Italy')",UNKNOWN - likely imported finished parts sold by distributors (ASSUMPTION),UNKNOWN (imported likely - ASSUMPTION),UNKNOWN (China/EU brands likely - ASSUMPTION),"Academic (ENSV thesis, undated): broiler sector chronically under-equipped in brooders, feeders, drinkers; near-total reliance on world markets for equipment. Ouedkniss snippet shows 'Abreuvoir G86 made in Italy' in a broiler-equipment listing. No named buyer pain.",no_local_supplier,https://depot.ensv.dz:8443/jspui/bitstream/123456789/1194/3/Probl%c3%a9matique%20de%20la%20gestion%20de%20l%e2%80%99%c3%a9levage%20du%20poulet%20de%20chair%20en%20Alg%c3%a9rie.pdf,WEAK SIGNAL,Steady,UNKNOWN,UNKNOWN (China mold T1 25-45 working days per prior notes),UNKNOWN,,UNKNOWN,PP,6.0,8.0,8,60.0,350x350,26.5,Fits 120T confidently,"8-cav cold runner, side core",18,8000,9.75,20,51.0,"Mold ~1.9 M DZD (USD 8,000 @240) + resin/stock 2 months ~0.05 M DZD; seasonal stock build if irrigation",Low,Medium,High (standard part),Low,Fragmented distributors (ASSUMPTION),Possibly (pipe profile),Yes (sizes 16/17/20 mm),UNKNOWN (ISS claims local micro-irrigation production),"Local stock, short lead time, small MOQ, DZD payment (hypothesis - untested)",WEAK SIGNAL,https://depot.ensv.dz:8443/jspui/bitstream/123456789/1194/3/Probl%c3%a9matique%20de%20la%20gestion%20de%20l%e2%80%99%c3%a9levage%20du%20poulet%20de%20chair%20en%20Alg%c3%a9rie.pdf,2026-10-04,Same as IF-28,"VERDICT INVESTIGATE (low). Calc: clamp=8.0cm2x8cav x1.15x0.3x1.2=26.5t; shot=6.0gx8x(1+0.25)=60.0g; mold 350x350mm. . Unit cost = resin 1.85 + press 1.03 (1,400 DZD/h, OEE 85%) + mold amort 6.40 (over 300,000 pcs) + extra 0.0 , +5% pack. Price = ASSUMPTION (lower band of prior-notes longlist estimate unless noted). Geometry/weights = engineering estimates, verify on sample. Price ASSUMPTION."
IF-31,Broiler pan feeder (pan + grill + cone),Poultry feeding,Agri equipment,UNKNOWN - collect physical sample,Broiler/layer farms; poultry-equipment dealers (names UNKNOWN; Ouedkniss sellers of 'matériel poulet de chair'); integrators/ONAB-type = UNKNOWN,"Chinese nipple makers e.g. Qingdao Agrieso (made-in-china, USD 0.27-0.35/pc FOB, MOQ 100); Italian drinkers (Ouedkniss 'Abreuvoir G86 made in Italy')",UNKNOWN - likely imported finished parts sold by distributors (ASSUMPTION),UNKNOWN (imported likely - ASSUMPTION),UNKNOWN (China/EU brands likely - ASSUMPTION),"Academic (ENSV thesis, undated): broiler sector chronically under-equipped in brooders, feeders, drinkers; near-total reliance on world markets for equipment. Ouedkniss snippet shows 'Abreuvoir G86 made in Italy' in a broiler-equipment listing. No named buyer pain.",no_local_supplier,https://depot.ensv.dz:8443/jspui/bitstream/123456789/1194/3/Probl%c3%a9matique%20de%20la%20gestion%20de%20l%e2%80%99%c3%a9levage%20du%20poulet%20de%20chair%20en%20Alg%c3%a9rie.pdf,WEAK SIGNAL,Seasonal; peaks before planting campaigns (ASSUMPTION),UNKNOWN,UNKNOWN (China mold T1 25-45 working days per prior notes),UNKNOWN,,UNKNOWN,PP,450.0,800.0,1,517.5,550x550,331.2,Requires larger injection press,1-cav large + 2 more tools,55,40000,508.42,1200,58.0,"Mold ~9.6 M DZD (USD 40,000 @240) + resin/stock 2 months ~0.35 M DZD; seasonal stock build if irrigation",Low,Medium,High (standard part),Low,Fragmented distributors (ASSUMPTION),No,Yes (sizes 16/17/20 mm),UNKNOWN (ISS claims local micro-irrigation production),"Local stock, short lead time, small MOQ, DZD payment (hypothesis - untested)",WEAK SIGNAL,https://depot.ensv.dz:8443/jspui/bitstream/123456789/1194/3/Probl%c3%a9matique%20de%20la%20gestion%20de%20l%e2%80%99%c3%a9levage%20du%20poulet%20de%20chair%20en%20Alg%c3%a9rie.pdf ; research_notes/Algeria injection molding feasibility/import_products_longlist.md,2026-10-04,None for this press,"VERDICT KILL (machine size). Calc: clamp=800.0cm2x1cav x1.15x0.3x1.2=331.2t; shot=450.0gx1x(1+0.15)=517.5g; mold 550x550mm. shot near/over 80% of practical 200 g. Unit cost = resin 139.05 + press 25.16 (1,400 DZD/h, OEE 85%) + mold amort 320.00 (over 30,000 pcs) + extra 0.0 , +5% pack. Price = ASSUMPTION (lower band of prior-notes longlist estimate unless noted). Geometry/weights = engineering estimates, verify on sample. Longlist est. 600-2,000 DZD; clamp ~400 t class."
IF-32,Manual chick drinker base 3-5 L / chick feeder tray,Poultry feeding,Agri equipment,UNKNOWN - collect physical sample,Broiler/layer farms; poultry-equipment dealers (names UNKNOWN; Ouedkniss sellers of 'matériel poulet de chair'); integrators/ONAB-type = UNKNOWN,UNKNOWN; local household molders may already make (ASSUMPTION),UNKNOWN - likely imported finished parts sold by distributors (ASSUMPTION),UNKNOWN (imported likely - ASSUMPTION),UNKNOWN (China/EU brands likely - ASSUMPTION),"Academic (ENSV thesis, undated): broiler sector chronically under-equipped in brooders, feeders, drinkers; near-total reliance on world markets for equipment. Ouedkniss snippet shows 'Abreuvoir G86 made in Italy' in a broiler-equipment listing. No named buyer pain.",no_local_supplier,https://depot.ensv.dz:8443/jspui/bitstream/123456789/1194/3/Probl%c3%a9matique%20de%20la%20gestion%20de%20l%e2%80%99%c3%a9levage%20du%20poulet%20de%20chair%20en%20Alg%c3%a9rie.pdf,WEAK SIGNAL,Seasonal; peaks before planting campaigns (ASSUMPTION),UNKNOWN,UNKNOWN (China mold T1 25-45 working days per prior notes),"2,999 DA (consumer 'abreuvoir poule' installation listing; product not specified)",https://www.ouedkniss.com/s/1?keywords=abreuvoir,WEAK SIGNAL,PP,250.0,450.0,1,287.5,450x450,186.3,Requires larger injection press,1-cav; bottle part would be blow-molded,45,20000,203.53,500,59.0,"Mold ~4.8 M DZD (USD 20,000 @240) + resin/stock 2 months ~0.32 M DZD; seasonal stock build if irrigation",Low,Medium,High (standard part),Low,Fragmented distributors (ASSUMPTION),No,Yes (sizes 16/17/20 mm),UNKNOWN (ISS claims local micro-irrigation production),"Local stock, short lead time, small MOQ, DZD payment (hypothesis - untested)",WEAK SIGNAL,https://www.ouedkniss.com/s/1?keywords=abreuvoir ; https://depot.ensv.dz:8443/jspui/bitstream/123456789/1194/3/Probl%c3%a9matique%20de%20la%20gestion%20de%20l%e2%80%99%c3%a9levage%20du%20poulet%20de%20chair%20en%20Alg%c3%a9rie.pdf,2026-10-04,None for this press,"VERDICT KILL (machine size). Calc: clamp=450.0cm2x1cav x1.15x0.3x1.2=186.3t; shot=250.0gx1x(1+0.15)=287.5g; mold 450x450mm. shot near/over 80% of practical 200 g. Unit cost = resin 77.25 + press 20.59 (1,400 DZD/h, OEE 85%) + mold amort 96.00 (over 50,000 pcs) + extra 0.0 , +5% pack. Price = ASSUMPTION (lower band of prior-notes longlist estimate unless noted). Geometry/weights = engineering estimates, verify on sample. Reservoir needs blow molding."
IF-33,Hatchery/incubator egg tray (setter tray),Hatchery,Agri equipment,UNKNOWN - collect physical sample,Hatcheries (names UNKNOWN),UNKNOWN,UNKNOWN - likely imported finished parts sold by distributors (ASSUMPTION),UNKNOWN (imported likely - ASSUMPTION),UNKNOWN (China/EU brands likely - ASSUMPTION),"Academic (ENSV thesis, undated): broiler sector chronically under-equipped in brooders, feeders, drinkers; near-total reliance on world markets for equipment. Ouedkniss snippet shows 'Abreuvoir G86 made in Italy' in a broiler-equipment listing. No named buyer pain.",no_local_supplier,https://depot.ensv.dz:8443/jspui/bitstream/123456789/1194/3/Probl%c3%a9matique%20de%20la%20gestion%20de%20l%e2%80%99%c3%a9levage%20du%20poulet%20de%20chair%20en%20Alg%c3%a9rie.pdf,WEAK SIGNAL,Seasonal; peaks before planting campaigns (ASSUMPTION),UNKNOWN,UNKNOWN (China mold T1 25-45 working days per prior notes),UNKNOWN,,UNKNOWN,PP,400.0,900.0,1,460.0,600x500,372.6,Requires larger injection press,1-cav large,50,35000,447.8,600,25.0,"Mold ~8.4 M DZD (USD 35,000 @240) + resin/stock 2 months ~0.31 M DZD; seasonal stock build if irrigation",Low,Medium,High (standard part),Low,Fragmented distributors (ASSUMPTION),No,Yes (sizes 16/17/20 mm),UNKNOWN (ISS claims local micro-irrigation production),"Local stock, short lead time, small MOQ, DZD payment (hypothesis - untested)",WEAK SIGNAL,https://depot.ensv.dz:8443/jspui/bitstream/123456789/1194/3/Probl%c3%a9matique%20de%20la%20gestion%20de%20l%e2%80%99%c3%a9levage%20du%20poulet%20de%20chair%20en%20Alg%c3%a9rie.pdf ; research_notes/Algeria injection molding feasibility/import_products_longlist.md,2026-10-04,None,"VERDICT KILL (machine size). Calc: clamp=900.0cm2x1cav x1.15x0.3x1.2=372.6t; shot=400.0gx1x(1+0.15)=460.0g; mold 600x500mm. shot near/over 80% of practical 200 g. Unit cost = resin 123.60 + press 22.88 (1,400 DZD/h, OEE 85%) + mold amort 280.00 (over 30,000 pcs) + extra 0.0 , +5% pack. Price = ASSUMPTION (lower band of prior-notes longlist estimate unless noted). Geometry/weights = engineering estimates, verify on sample. Longlist est. 300-700 DZD."
IF-34,Beehive entrance disc / entrance reducer,Beekeeping,Agri equipment,UNKNOWN - collect physical sample,Beekeeping cooperatives & equipment shops (names UNKNOWN),UNKNOWN,UNKNOWN - likely imported finished parts sold by distributors (ASSUMPTION),UNKNOWN (imported likely - ASSUMPTION),UNKNOWN (China/EU brands likely - ASSUMPTION),No pain found (not searched successfully; budget exhausted).,none_found,,UNKNOWN,Seasonal (spring hive expansion - ASSUMPTION),UNKNOWN,UNKNOWN (China mold T1 25-45 working days per prior notes),UNKNOWN,,UNKNOWN,PP,12.0,30.0,4,60.0,350x350,49.7,Fits 120T confidently,"4-cav cold runner, rotating disc + pin",22,6000,36.78,60,39.0,"Mold ~1.4 M DZD (USD 6,000 @240) + resin/stock 2 months ~0.02 M DZD; seasonal stock build if irrigation",Low,Medium,High (standard part),Low,Fragmented,No,Few,UNKNOWN (ISS claims local micro-irrigation production),"Local stock, short lead time, small MOQ, DZD payment (hypothesis - untested)",WEAK SIGNAL,research_notes/Algeria injection molding feasibility/import_products_longlist.md,2026-10-04,Ouedkniss price check 'ruche matériel apiculture'; ask 2 apiculture shops,"VERDICT INVESTIGATE (low). Calc: clamp=30.0cm2x4cav x1.15x0.3x1.2=49.7t; shot=12.0gx4x(1+0.25)=60.0g; mold 350x350mm. . Unit cost = resin 3.71 + press 2.52 (1,400 DZD/h, OEE 85%) + mold amort 28.80 (over 50,000 pcs) + extra 0.0 , +5% pack. Price = ASSUMPTION (lower band of prior-notes longlist estimate unless noted). Geometry/weights = engineering estimates, verify on sample. Small niche volume; price ASSUMPTION."
IF-35,Queen cage / queen-marking cage & frame spacers,Beekeeping,Agri equipment,UNKNOWN - collect physical sample,Beekeepers / apiculture shops (UNKNOWN),UNKNOWN,UNKNOWN - likely imported finished parts sold by distributors (ASSUMPTION),UNKNOWN (imported likely - ASSUMPTION),UNKNOWN (China/EU brands likely - ASSUMPTION),No pain found.,none_found,,UNKNOWN,Seasonal,UNKNOWN,UNKNOWN (China mold T1 25-45 working days per prior notes),UNKNOWN,,UNKNOWN,PP,4.0,8.0,8,40.0,300x300,26.5,Borderline 120T,8-cav family,18,6000,17.5,20,13.0,"Mold ~1.4 M DZD (USD 6,000 @240) + resin/stock 2 months ~0.01 M DZD; seasonal stock build if irrigation",Low,Medium,High (standard part),Low,Fragmented distributors (ASSUMPTION),No,Few,UNKNOWN (ISS claims local micro-irrigation production),"Local stock, short lead time, small MOQ, DZD payment (hypothesis - untested)",WEAK SIGNAL,research_notes/Algeria injection molding feasibility/import_products_longlist.md,2026-10-04,Same as IF-34,"VERDICT INVESTIGATE (low). Calc: clamp=8.0cm2x8cav x1.15x0.3x1.2=26.5t; shot=4.0gx8x(1+0.25)=40.0g; mold 300x300mm. shot below 45 g practical min of 120T barrel - raise cavities or small screw. Unit cost = resin 1.24 + press 1.03 (1,400 DZD/h, OEE 85%) + mold amort 14.40 (over 100,000 pcs) + extra 0.0 , +5% pack. Price = ASSUMPTION (lower band of prior-notes longlist estimate unless noted). Geometry/weights = engineering estimates, verify on sample. Price ASSUMPTION."
IF-36,Plastic queen excluder 420x500 mm,Beekeeping,Agri equipment,UNKNOWN - collect physical sample,Beekeepers (UNKNOWN),UNKNOWN,UNKNOWN - likely imported finished parts sold by distributors (ASSUMPTION),UNKNOWN (imported likely - ASSUMPTION),UNKNOWN (China/EU brands likely - ASSUMPTION),No pain found.,none_found,,UNKNOWN,Seasonal; peaks before planting campaigns (ASSUMPTION),UNKNOWN,UNKNOWN (China mold T1 25-45 working days per prior notes),UNKNOWN,,UNKNOWN,PP,180.0,2100.0,1,207.0,600x650,1304.1,Requires larger injection press,"1-cav, thin slots, large",40,25000,287.62,300,4.0,"Mold ~6.0 M DZD (USD 25,000 @240) + resin/stock 2 months ~0.14 M DZD; seasonal stock build if irrigation",Low,Medium,High (standard part),Low,Fragmented distributors (ASSUMPTION),No,Yes (sizes 16/17/20 mm),UNKNOWN (ISS claims local micro-irrigation production),"Local stock, short lead time, small MOQ, DZD payment (hypothesis - untested)",WEAK SIGNAL,research_notes/Algeria injection molding feasibility/import_products_longlist.md,2026-10-04,None,"VERDICT KILL (machine size). Calc: clamp=2100.0cm2x1cav x1.15x0.45x1.2=1304.1t; shot=180.0gx1x(1+0.15)=207.0g; mold 600x650mm. shot near/over 80% of practical 200 g. Unit cost = resin 55.62 + press 18.30 (1,400 DZD/h, OEE 85%) + mold amort 200.00 (over 30,000 pcs) + extra 0.0 , +5% pack. Price = ASSUMPTION (lower band of prior-notes longlist estimate unless noted). Geometry/weights = engineering estimates, verify on sample. Projected area alone needs >800 t."
IF-37,"Livestock ear tag, 2-piece (female + male) TPU, blank/laser-numbered",Animal ID,Agri equipment,UNKNOWN - collect physical sample,Ministry of Agriculture / veterinary services identification programme (status UNKNOWN); breeders' cooperatives,UNKNOWN (EU/China tag makers likely),UNKNOWN - likely imported finished parts sold by distributors (ASSUMPTION),UNKNOWN (imported likely - ASSUMPTION),UNKNOWN (China/EU brands likely - ASSUMPTION),No pain or programme status found (search budget exhausted before query).,none_found,,UNKNOWN,Seasonal; peaks before planting campaigns (ASSUMPTION),UNKNOWN,UNKNOWN (China mold T1 25-45 working days per prior notes),UNKNOWN,,UNKNOWN,TPU,5.0,12.0,8,50.0,350x350,53.0,Fits 120T confidently,"8-cav family (male w/ metal tip insert, female panel); laser marking downstream",30,18000,29.71,40,26.0,"Mold ~4.3 M DZD (USD 18,000 @240) + resin/stock 2 months ~0.15 M DZD; seasonal stock build if irrigation","High (official ID numbering, ICAR-type approval, tender)","High (retention, UV)",High (standard part),Low,Concentrated (state programme),No,Yes (sizes 16/17/20 mm),UNKNOWN (ISS claims local micro-irrigation production),"Local stock, short lead time, small MOQ, DZD payment (hypothesis - untested)",WEAK SIGNAL,research_notes/Algeria injection molding feasibility/import_products_longlist.md,2026-10-04,Ask DSV/ministry whether a national bovine/ovine tagging programme is active and who supplies tags,"VERDICT INVESTIGATE (low) / likely KILL. Calc: clamp=12.0cm2x8cav x1.15x0.4x1.2=53.0t; shot=5.0gx8x(1+0.25)=50.0g; mold 350x350mm. . Unit cost = resin 6.18 + press 1.72 (1,400 DZD/h, OEE 85%) + mold amort 14.40 (over 300,000 pcs) + extra 6.0 , +5% pack. Price = ASSUMPTION (lower band of prior-notes longlist estimate unless noted). Geometry/weights = engineering estimates, verify on sample. Longlist est. 30-80 DZD. Metal tip insert extra 6 DZD ASSUMPTION."
IF-38,"Pivot / sprinkler-line plastic parts (cable clips, nozzle body caps, drop-hose weights caps)",Pivot parts,Agri equipment,UNKNOWN - collect physical sample,"AGM (state pivot maker, production since May 2024); Condor solar pivot (El Oued) - captive molding likely",UNKNOWN (imported with pivot kits - ASSUMPTION),UNKNOWN - likely imported finished parts sold by distributors (ASSUMPTION),UNKNOWN (imported likely - ASSUMPTION),UNKNOWN (China/EU brands likely - ASSUMPTION),Policy-level: Radio Algerie (AR) snippet - AGM urged to partner with public firm 'Anabib' to cut imports of some plastic components used in mechanical equipment (date/attribution of snippet uncertain). Not a named shortage.,no_local_supplier,https://news.radioalgerie.dz/ar/node/61197,WEAK SIGNAL,Seasonal; peaks before planting campaigns (ASSUMPTION),UNKNOWN,UNKNOWN (China mold T1 25-45 working days per prior notes),UNKNOWN,,UNKNOWN,PA6,8.0,8.0,8,80.0,350x350,44.2,Fits 120T confidently,8-cav family molds,22,12000,22.06,30,26.0,"Mold ~2.9 M DZD (USD 12,000 @240) + resin/stock 2 months ~0.09 M DZD; seasonal stock build if irrigation",Low,Medium,High (standard part),Low,Very concentrated (AGM),Yes (drawing-based),Yes (sizes 16/17/20 mm),UNKNOWN (ISS claims local micro-irrigation production),Local integration target of a state OEM; drawing-based subcontracting,WEAK SIGNAL,https://news.radioalgerie.dz/ar/node/61197 ; https://news.radioalgerie.dz/fr/node/45427,2026-10-04,Contact AGM local-integration/achats: list of imported plastic parts on pivots,"VERDICT INVESTIGATE. Calc: clamp=8.0cm2x8cav x1.15x0.5x1.2=44.2t; shot=8.0gx8x(1+0.25)=80.0g; mold 350x350mm. . Unit cost = resin 5.36 + press 1.26 (1,400 DZD/h, OEE 85%) + mold amort 14.40 (over 200,000 pcs) + extra 0.0 , +5% pack. Price = ASSUMPTION (lower band of prior-notes longlist estimate unless noted). Geometry/weights = engineering estimates, verify on sample. Price ASSUMPTION. Note 'Anabib' here = public pipe firm, NOT Anabib Plastiques EURL."
IF-39,"Internal tube end cap / chair-leg insert, round 22/25 mm (embout interieur)",Tube end caps & ferrules,Furniture,https://www.ouedkniss.com/materiaux_equipement?keywords=patins&lang=fr,Divindus AMM (Bab Ezzouar); EACIM (Rouiba); SM Mobilier (Ouled Moussa); Dhikra Office (Ouled Heddadj); Louai Meuble; Vecor Design; MAM (Blum rep); Tizi Ouzou / Beni Mered clusters (names UNKNOWN) - none confirmed as buyers of this part,"UNKNOWN for Algeria; imports via quincaillerie importers (activity code 'importation des articles de quincaillerie' - free import, CNRC registration)",UNKNOWN - likely imported finished parts sold by distributors (ASSUMPTION),UNKNOWN (imported likely - ASSUMPTION),UNKNOWN (China/Turkey likely - ASSUMPTION),"No part-level pain found. Context: ONS Q2-2025 survey - 30% of private industrial bosses say raw-material supply below demand (all sectors, TSA snippet); historic furniture price surge tied to import authorisations for wood (Algerie Eco, undated, likely 2017-18).",none_found,https://www.tsa-algerie.com/industrie-algerienne-ce-que-revele-lenquete-de-lons-sur-les-entreprises/,UNKNOWN,Steady; school-furniture peaks before Sept rentree (ASSUMPTION),UNKNOWN,UNKNOWN (China mold T1 25-45 working days per prior notes),UNKNOWN,,UNKNOWN,LDPE,3.0,5.0,16,60.0,350x350,33.1,Fits 120T confidently,"16-cav, interchangeable size inserts, collapsible ribs demould",16,8000,3.47,5,31.0,"Mold ~1.9 M DZD (USD 8,000 @240) + resin/stock 2 months ~0.08 M DZD; seasonal stock build if irrigation",Low,Medium,High (standard part),Low,Fragmented SMEs + few large tender makers,No,Yes (many tube sizes),UNKNOWN (no Algerian maker of furniture feet/caps found by Phase-1 search),"Size/colour on demand, small lots for tender batches, local stock (hypothesis)",WEAK SIGNAL,https://dz.kompass.com/a/mobilier-de-bureau/15320/ ; https://www.tsa-algerie.com/industrie-algerienne-ce-que-revele-lenquete-de-lons-sur-les-entreprises/ ; https://www.wcotradetools.org/en/harmonized-system/2022/fr/07392630 ; research_notes/Algeria injection molding feasibility/import_products_longlist.md,2026-10-04,"Visit EACIM, Divindus AMM, SM Mobilier + 2 quincaillerie-meuble wholesalers (Algiers/Beni Mered): current origin, DZD/100, MOQ, colour/size gaps, stock-outs","VERDICT INVESTIGATE (priority 1). Calc: clamp=5.0cm2x16cav x1.15x0.3x1.2=33.1t; shot=3.0gx16x(1+0.25)=60.0g; mold 350x350mm. . Unit cost = resin 0.93 + press 0.46 (1,400 DZD/h, OEE 85%) + mold amort 1.92 (over 1,000,000 pcs) + extra 0.0 , +5% pack. Price = ASSUMPTION (lower band of prior-notes longlist estimate unless noted). Geometry/weights = engineering estimates, verify on sample. School chairs commonly use 22-25 mm steel tube (French spec seen in search). Longlist est. 3-15 DZD."
IF-40,"Square/rectangular tube insert 20x20 / 25x25 / 20x40 mm (school desks, metal furniture)",Tube end caps & ferrules,Furniture,UNKNOWN - collect physical sample,Divindus AMM (Bab Ezzouar); EACIM (Rouiba); SM Mobilier (Ouled Moussa); Dhikra Office (Ouled Heddadj); Louai Meuble; Vecor Design; MAM (Blum rep); Tizi Ouzou / Beni Mered clusters (names UNKNOWN) - none confirmed as buyers of this part,"UNKNOWN for Algeria; imports via quincaillerie importers (activity code 'importation des articles de quincaillerie' - free import, CNRC registration)",UNKNOWN - likely imported finished parts sold by distributors (ASSUMPTION),UNKNOWN (imported likely - ASSUMPTION),UNKNOWN (China/Turkey likely - ASSUMPTION),"No part-level pain found. Context: ONS Q2-2025 survey - 30% of private industrial bosses say raw-material supply below demand (all sectors, TSA snippet); historic furniture price surge tied to import authorisations for wood (Algerie Eco, undated, likely 2017-18).",none_found,https://www.tsa-algerie.com/industrie-algerienne-ce-que-revele-lenquete-de-lons-sur-les-entreprises/,UNKNOWN,Steady; school-furniture peaks before Sept rentree (ASSUMPTION),UNKNOWN,UNKNOWN (China mold T1 25-45 working days per prior notes),UNKNOWN,,UNKNOWN,LDPE,4.0,6.0,16,80.0,350x350,39.7,Fits 120T confidently,16-cav with size inserts,16,9000,4.05,6,33.0,"Mold ~2.2 M DZD (USD 9,000 @240) + resin/stock 2 months ~0.10 M DZD; seasonal stock build if irrigation",Low,Medium,High (standard part),Low,Fragmented SMEs + few large tender makers,No,Yes (many tube sizes),UNKNOWN (no Algerian maker of furniture feet/caps found by Phase-1 search),Exact match to local tube gauges; wall-thickness specific (custom fit),WEAK SIGNAL,https://dz.kompass.com/a/mobilier-de-bureau/15320/ ; https://www.tsa-algerie.com/industrie-algerienne-ce-que-revele-lenquete-de-lons-sur-les-entreprises/ ; https://www.wcotradetools.org/en/harmonized-system/2022/fr/07392630 ; research_notes/Algeria injection molding feasibility/import_products_longlist.md,2026-10-04,"Visit EACIM, Divindus AMM, SM Mobilier + 2 quincaillerie-meuble wholesalers (Algiers/Beni Mered): current origin, DZD/100, MOQ, colour/size gaps, stock-outs","VERDICT INVESTIGATE (priority 1). Calc: clamp=6.0cm2x16cav x1.15x0.3x1.2=39.7t; shot=4.0gx16x(1+0.25)=80.0g; mold 350x350mm. . Unit cost = resin 1.24 + press 0.46 (1,400 DZD/h, OEE 85%) + mold amort 2.16 (over 1,000,000 pcs) + extra 0.0 , +5% pack. Price = ASSUMPTION (lower band of prior-notes longlist estimate unless noted). Geometry/weights = engineering estimates, verify on sample. Fit depends on tube wall thickness -> custom-dimension angle vs generic imports."
IF-41,"External ferrule cap / chair-leg tip 22/25 mm (embout exterieur, floor-protecting)",Tube end caps & ferrules,Furniture,UNKNOWN - collect physical sample,Divindus AMM (Bab Ezzouar); EACIM (Rouiba); SM Mobilier (Ouled Moussa); Dhikra Office (Ouled Heddadj); Louai Meuble; Vecor Design; MAM (Blum rep); Tizi Ouzou / Beni Mered clusters (names UNKNOWN) - none confirmed as buyers of this part,"UNKNOWN for Algeria; imports via quincaillerie importers (activity code 'importation des articles de quincaillerie' - free import, CNRC registration)",UNKNOWN - likely imported finished parts sold by distributors (ASSUMPTION),UNKNOWN (imported likely - ASSUMPTION),UNKNOWN (China/Turkey likely - ASSUMPTION),"No part-level pain found. Context: ONS Q2-2025 survey - 30% of private industrial bosses say raw-material supply below demand (all sectors, TSA snippet); historic furniture price surge tied to import authorisations for wood (Algerie Eco, undated, likely 2017-18).",none_found,https://www.tsa-algerie.com/industrie-algerienne-ce-que-revele-lenquete-de-lons-sur-les-entreprises/,UNKNOWN,Steady; school-furniture peaks before Sept rentree (ASSUMPTION),UNKNOWN,UNKNOWN (China mold T1 25-45 working days per prior notes),UNKNOWN,,UNKNOWN,PP,4.0,6.0,16,80.0,350x350,39.7,Fits 120T confidently,16-cav cold runner,16,8000,3.79,6,37.0,"Mold ~1.9 M DZD (USD 8,000 @240) + resin/stock 2 months ~0.10 M DZD; seasonal stock build if irrigation",Low,Medium,High (standard part),Low,Fragmented SMEs + few large tender makers,No,Yes (many tube sizes),UNKNOWN (no Algerian maker of furniture feet/caps found by Phase-1 search),Replacement demand from schools/admin (worn tips) + OEM,WEAK SIGNAL,https://dz.kompass.com/a/mobilier-de-bureau/15320/ ; https://www.tsa-algerie.com/industrie-algerienne-ce-que-revele-lenquete-de-lons-sur-les-entreprises/ ; https://www.wcotradetools.org/en/harmonized-system/2022/fr/07392630 ; research_notes/Algeria injection molding feasibility/import_products_longlist.md,2026-10-04,"Visit EACIM, Divindus AMM, SM Mobilier + 2 quincaillerie-meuble wholesalers (Algiers/Beni Mered): current origin, DZD/100, MOQ, colour/size gaps, stock-outs","VERDICT INVESTIGATE (priority 1). Calc: clamp=6.0cm2x16cav x1.15x0.3x1.2=39.7t; shot=4.0gx16x(1+0.25)=80.0g; mold 350x350mm. . Unit cost = resin 1.24 + press 0.46 (1,400 DZD/h, OEE 85%) + mold amort 1.92 (over 1,000,000 pcs) + extra 0.0 , +5% pack. Price = ASSUMPTION (lower band of prior-notes longlist estimate unless noted). Geometry/weights = engineering estimates, verify on sample. "
IF-42,Nail-on glide 19-24 mm (patin a clouer) with steel nail,Glides & feet,Furniture,https://www.walmart.com/ip/Super-Sliders-Size-7-8-inch-wide-Round-Nail-on-Furniture-Glides-Plastic-White-16-Pack/17474459,Divindus AMM (Bab Ezzouar); EACIM (Rouiba); SM Mobilier (Ouled Moussa); Dhikra Office (Ouled Heddadj); Louai Meuble; Vecor Design; MAM (Blum rep); Tizi Ouzou / Beni Mered clusters (names UNKNOWN) - none confirmed as buyers of this part,"UNKNOWN for Algeria; imports via quincaillerie importers (activity code 'importation des articles de quincaillerie' - free import, CNRC registration)",UNKNOWN - likely imported finished parts sold by distributors (ASSUMPTION),UNKNOWN (imported likely - ASSUMPTION),UNKNOWN (China/Turkey likely - ASSUMPTION),"No part-level pain found. Context: ONS Q2-2025 survey - 30% of private industrial bosses say raw-material supply below demand (all sectors, TSA snippet); historic furniture price surge tied to import authorisations for wood (Algerie Eco, undated, likely 2017-18).",none_found,https://www.tsa-algerie.com/industrie-algerienne-ce-que-revele-lenquete-de-lons-sur-les-entreprises/,UNKNOWN,Steady; school-furniture peaks before Sept rentree (ASSUMPTION),UNKNOWN,UNKNOWN (China mold T1 25-45 working days per prior notes),UNKNOWN,,UNKNOWN,HDPE,2.0,4.0,24,60.0,350x350,39.7,Fits 120T confidently,24-cav cold runner; nail inserted post-mold (semi-auto),14,8000,4.0,5,20.0,"Mold ~1.9 M DZD (USD 8,000 @240) + resin/stock 2 months ~0.05 M DZD; seasonal stock build if irrigation",Low,Medium,High (standard part),Low,Fragmented SMEs + few large tender makers,No,Few (diameters),UNKNOWN (no Algerian maker of furniture feet/caps found by Phase-1 search),Bulk B2B packs with DZD terms,WEAK SIGNAL,https://dz.kompass.com/a/mobilier-de-bureau/15320/ ; https://www.tsa-algerie.com/industrie-algerienne-ce-que-revele-lenquete-de-lons-sur-les-entreprises/ ; https://www.wcotradetools.org/en/harmonized-system/2022/fr/07392630 ; research_notes/Algeria injection molding feasibility/import_products_longlist.md,2026-10-04,"Visit EACIM, Divindus AMM, SM Mobilier + 2 quincaillerie-meuble wholesalers (Algiers/Beni Mered): current origin, DZD/100, MOQ, colour/size gaps, stock-outs","VERDICT INVESTIGATE (priority 1). Calc: clamp=4.0cm2x24cav x1.15x0.3x1.2=39.7t; shot=2.0gx24x(1+0.25)=60.0g; mold 350x350mm. . Unit cost = resin 0.62 + press 0.27 (1,400 DZD/h, OEE 85%) + mold amort 1.92 (over 1,000,000 pcs) + extra 1.0 , +5% pack. Price = ASSUMPTION (lower band of prior-notes longlist estimate unless noted). Geometry/weights = engineering estimates, verify on sample. Retail benchmarks: Uxcell 17.5 mm USD 8.49/100 (~0.085/pc), Domes of Silence 19 mm GBP 0.12 each (100+) - retail, not FOB. Extra 1 DZD = nail + insertion. Longlist est. 5-20 DZD."
IF-43,Screw-in / swivel glide with M6-M8 bolt (chair & table),Glides & feet,Furniture,UNKNOWN - collect physical sample,Divindus AMM (Bab Ezzouar); EACIM (Rouiba); SM Mobilier (Ouled Moussa); Dhikra Office (Ouled Heddadj); Louai Meuble; Vecor Design; MAM (Blum rep); Tizi Ouzou / Beni Mered clusters (names UNKNOWN) - none confirmed as buyers of this part,"UNKNOWN for Algeria; imports via quincaillerie importers (activity code 'importation des articles de quincaillerie' - free import, CNRC registration)",UNKNOWN - likely imported finished parts sold by distributors (ASSUMPTION),UNKNOWN (imported likely - ASSUMPTION),UNKNOWN (China/Turkey likely - ASSUMPTION),"No part-level pain found. Context: ONS Q2-2025 survey - 30% of private industrial bosses say raw-material supply below demand (all sectors, TSA snippet); historic furniture price surge tied to import authorisations for wood (Algerie Eco, undated, likely 2017-18).",none_found,https://www.tsa-algerie.com/industrie-algerienne-ce-que-revele-lenquete-de-lons-sur-les-entreprises/,UNKNOWN,Steady; school-furniture peaks before Sept rentree (ASSUMPTION),UNKNOWN,UNKNOWN (China mold T1 25-45 working days per prior notes),UNKNOWN,,UNKNOWN,PP,6.0,6.0,8,60.0,350x350,19.9,Fits 120T confidently,"8-cav, bolt insert-molded (manual load) or press-fit",25,9000,16.26,20,19.0,"Mold ~2.2 M DZD (USD 9,000 @240) + resin/stock 2 months ~0.05 M DZD; seasonal stock build if irrigation",Low,Medium (insert pull-out),High (standard part),Low,Fragmented SMEs + few large tender makers,No,Yes (many tube sizes),UNKNOWN (no Algerian maker of furniture feet/caps found by Phase-1 search),"Local stock, short lead time, small MOQ, DZD payment (hypothesis - untested)",WEAK SIGNAL,https://dz.kompass.com/a/mobilier-de-bureau/15320/ ; https://www.tsa-algerie.com/industrie-algerienne-ce-que-revele-lenquete-de-lons-sur-les-entreprises/ ; https://www.wcotradetools.org/en/harmonized-system/2022/fr/07392630 ; research_notes/Algeria injection molding feasibility/import_products_longlist.md,2026-10-04,"Visit EACIM, Divindus AMM, SM Mobilier + 2 quincaillerie-meuble wholesalers (Algiers/Beni Mered): current origin, DZD/100, MOQ, colour/size gaps, stock-outs","VERDICT INVESTIGATE. Calc: clamp=6.0cm2x8cav x1.15x0.3x1.2=19.9t; shot=6.0gx8x(1+0.25)=60.0g; mold 350x350mm. . Unit cost = resin 1.85 + press 1.43 (1,400 DZD/h, OEE 85%) + mold amort 7.20 (over 300,000 pcs) + extra 5.0 , +5% pack. Price = ASSUMPTION (lower band of prior-notes longlist estimate unless noted). Geometry/weights = engineering estimates, verify on sample. Price ASSUMPTION."
IF-44,Levelling foot M8/M10 (verin pied) for cabinets/office furniture,Glides & feet,Furniture,UNKNOWN - collect physical sample,Divindus AMM (Bab Ezzouar); EACIM (Rouiba); SM Mobilier (Ouled Moussa); Dhikra Office (Ouled Heddadj); Louai Meuble; Vecor Design; MAM (Blum rep); Tizi Ouzou / Beni Mered clusters (names UNKNOWN) - none confirmed as buyers of this part; kitchen makers (MAM),"UNKNOWN for Algeria; imports via quincaillerie importers (activity code 'importation des articles de quincaillerie' - free import, CNRC registration)",UNKNOWN - likely imported finished parts sold by distributors (ASSUMPTION),UNKNOWN (imported likely - ASSUMPTION),UNKNOWN (China/Turkey likely - ASSUMPTION),"No part-level pain found. Context: ONS Q2-2025 survey - 30% of private industrial bosses say raw-material supply below demand (all sectors, TSA snippet); historic furniture price surge tied to import authorisations for wood (Algerie Eco, undated, likely 2017-18).",none_found,https://www.tsa-algerie.com/industrie-algerienne-ce-que-revele-lenquete-de-lons-sur-les-entreprises/,UNKNOWN,Steady; school-furniture peaks before Sept rentree (ASSUMPTION),UNKNOWN,UNKNOWN (China mold T1 25-45 working days per prior notes),UNKNOWN,,UNKNOWN,PA6,25.0,15.0,4,115.0,380x380,41.4,Fits 120T confidently,"4-cav, steel bolt insert-molded, manual insert loading",30,11000,47.64,40,-19.0,"Mold ~2.6 M DZD (USD 11,000 @240) + resin/stock 2 months ~0.28 M DZD; seasonal stock build if irrigation",Low,"Medium (load, insert)",High (standard part),Low,Fragmented SMEs + few large tender makers,No,Yes (many tube sizes),UNKNOWN (no Algerian maker of furniture feet/caps found by Phase-1 search),"Local stock, short lead time, small MOQ, DZD payment (hypothesis - untested)",WEAK SIGNAL,https://dz.kompass.com/a/mobilier-de-bureau/15320/ ; https://www.tsa-algerie.com/industrie-algerienne-ce-que-revele-lenquete-de-lons-sur-les-entreprises/ ; https://www.wcotradetools.org/en/harmonized-system/2022/fr/07392630 ; research_notes/Algeria injection molding feasibility/import_products_longlist.md,2026-10-04,"Visit EACIM, Divindus AMM, SM Mobilier + 2 quincaillerie-meuble wholesalers (Algiers/Beni Mered): current origin, DZD/100, MOQ, colour/size gaps, stock-outs","VERDICT INVESTIGATE. Calc: clamp=15.0cm2x4cav x1.15x0.5x1.2=41.4t; shot=25.0gx4x(1+0.15)=115.0g; mold 380x380mm. . Unit cost = resin 16.74 + press 3.43 (1,400 DZD/h, OEE 85%) + mold amort 13.20 (over 200,000 pcs) + extra 12.0 , +5% pack. Price = ASSUMPTION (lower band of prior-notes longlist estimate unless noted). Geometry/weights = engineering estimates, verify on sample. Extra 12 DZD = M8 bolt/plate. Longlist est. 40-150 DZD."
IF-45,Adjustable kitchen-cabinet plinth leg 100-150 mm + plinth clip,Glides & feet,Furniture,UNKNOWN - collect physical sample,"MAM (kitchens, Blum rep); Vecor Design; SM Mobilier (kitchens); kitchen workshops (UNKNOWN names)",UNKNOWN (Blum/Hettich-type systems via reps; Chinese generic),UNKNOWN - likely imported finished parts sold by distributors (ASSUMPTION),UNKNOWN (imported likely - ASSUMPTION),EU brands via reps / China generic (ASSUMPTION),"No part-level pain found. Context: ONS Q2-2025 survey - 30% of private industrial bosses say raw-material supply below demand (all sectors, TSA snippet); historic furniture price surge tied to import authorisations for wood (Algerie Eco, undated, likely 2017-18).",none_found,https://mam-algeria.com/societe/,UNKNOWN,Steady; tracks housing completions (ASSUMPTION),UNKNOWN,UNKNOWN (China mold T1 25-45 working days per prior notes),UNKNOWN,,UNKNOWN,PP,45.0,25.0,2,103.5,380x400,20.7,Fits 120T confidently,"2-cav family (body, screw spindle, base) + clip tool; threaded spindle unscrewing",32,20000,52.74,80,34.0,"Mold ~4.8 M DZD (USD 20,000 @240) + resin/stock 2 months ~0.23 M DZD; seasonal stock build if irrigation",Low,Medium,High (standard part),Low,Medium,No,Few (heights),UNKNOWN,"Local stock, short lead time, small MOQ, DZD payment (hypothesis - untested)",WEAK SIGNAL,https://mam-algeria.com/societe/ ; https://dz.kompass.com/a/mobilier-de-bureau/15320/ ; https://www.tsa-algerie.com/industrie-algerienne-ce-que-revele-lenquete-de-lons-sur-les-entreprises/ ; https://www.wcotradetools.org/en/harmonized-system/2022/fr/07392630 ; research_notes/Algeria injection molding feasibility/import_products_longlist.md,2026-10-04,"Ask MAM & 3 kitchen workshops: legs per cabinet, origin, price, gaps","VERDICT INVESTIGATE. Calc: clamp=25.0cm2x2cav x1.15x0.3x1.2=20.7t; shot=45.0gx2x(1+0.15)=103.5g; mold 380x400mm. . Unit cost = resin 13.90 + press 7.32 (1,400 DZD/h, OEE 85%) + mold amort 24.00 (over 200,000 pcs) + extra 5.0 , +5% pack. Price = ASSUMPTION (lower band of prior-notes longlist estimate unless noted). Geometry/weights = engineering estimates, verify on sample. Mold at 400 mm wide close to tie-bar limit. Price ASSUMPTION."
IF-46,Cam-lock cover cap (cache-excentrique) colour-matched to melamine,Covers & caps,Furniture,UNKNOWN - collect physical sample,Divindus AMM (Bab Ezzouar); EACIM (Rouiba); SM Mobilier (Ouled Moussa); Dhikra Office (Ouled Heddadj); Louai Meuble; Vecor Design; MAM (Blum rep); Tizi Ouzou / Beni Mered clusters (names UNKNOWN) - none confirmed as buyers of this part,"UNKNOWN for Algeria; imports via quincaillerie importers (activity code 'importation des articles de quincaillerie' - free import, CNRC registration)",UNKNOWN - likely imported finished parts sold by distributors (ASSUMPTION),UNKNOWN (imported likely - ASSUMPTION),UNKNOWN (China/Turkey likely - ASSUMPTION),"No part-level pain found. Context: ONS Q2-2025 survey - 30% of private industrial bosses say raw-material supply below demand (all sectors, TSA snippet); historic furniture price surge tied to import authorisations for wood (Algerie Eco, undated, likely 2017-18).",none_found,https://www.tsa-algerie.com/industrie-algerienne-ce-que-revele-lenquete-de-lons-sur-les-entreprises/,UNKNOWN,Steady; school-furniture peaks before Sept rentree (ASSUMPTION),UNKNOWN,UNKNOWN (China mold T1 25-45 working days per prior notes),UNKNOWN,,UNKNOWN,PP,0.5,2.0,48,30.0,380x380,39.7,Borderline 120T,48-cav cold runner (or hot runner later),12,9000,0.51,1.0,49.0,"Mold ~2.2 M DZD (USD 9,000 @240) + resin/stock 2 months ~0.13 M DZD; seasonal stock build if irrigation",Low,Medium,High (standard part),Low,Fragmented SMEs + few large tender makers,No,Yes (colours = decor range),UNKNOWN (no Algerian maker of furniture feet/caps found by Phase-1 search),Colour-match to local board decors in small lots (hypothesis: imports come in few colours),WEAK SIGNAL,https://dz.kompass.com/a/mobilier-de-bureau/15320/ ; https://www.tsa-algerie.com/industrie-algerienne-ce-que-revele-lenquete-de-lons-sur-les-entreprises/ ; https://www.wcotradetools.org/en/harmonized-system/2022/fr/07392630 ; research_notes/Algeria injection molding feasibility/import_products_longlist.md,2026-10-04,"Visit EACIM, Divindus AMM, SM Mobilier + 2 quincaillerie-meuble wholesalers (Algiers/Beni Mered): current origin, DZD/100, MOQ, colour/size gaps, stock-outs","VERDICT INVESTIGATE (priority 2). Calc: clamp=2.0cm2x48cav x1.15x0.3x1.2=39.7t; shot=0.5gx48x(1+0.25)=30.0g; mold 380x380mm. shot below 45 g practical min of 120T barrel - raise cavities or small screw. Unit cost = resin 0.15 + press 0.11 (1,400 DZD/h, OEE 85%) + mold amort 0.22 (over 10,000,000 pcs) + extra 0.0 , +5% pack. Price = ASSUMPTION (lower band of prior-notes longlist estimate unless noted). Geometry/weights = engineering estimates, verify on sample. Longlist est. 0.5-2 DZD. Shot ~30 g at 48 cav -> below 45 g; 64 cav or smaller screw. Colour-change downtime is the cost driver."
IF-47,Snap-on screw cover cap 2-part (cache-vis) colours,Covers & caps,Furniture,UNKNOWN - collect physical sample,Divindus AMM (Bab Ezzouar); EACIM (Rouiba); SM Mobilier (Ouled Moussa); Dhikra Office (Ouled Heddadj); Louai Meuble; Vecor Design; MAM (Blum rep); Tizi Ouzou / Beni Mered clusters (names UNKNOWN) - none confirmed as buyers of this part,"UNKNOWN for Algeria; imports via quincaillerie importers (activity code 'importation des articles de quincaillerie' - free import, CNRC registration)",UNKNOWN - likely imported finished parts sold by distributors (ASSUMPTION),UNKNOWN (imported likely - ASSUMPTION),UNKNOWN (China/Turkey likely - ASSUMPTION),"No part-level pain found. Context: ONS Q2-2025 survey - 30% of private industrial bosses say raw-material supply below demand (all sectors, TSA snippet); historic furniture price surge tied to import authorisations for wood (Algerie Eco, undated, likely 2017-18).",none_found,https://www.tsa-algerie.com/industrie-algerienne-ce-que-revele-lenquete-de-lons-sur-les-entreprises/,UNKNOWN,Steady; school-furniture peaks before Sept rentree (ASSUMPTION),UNKNOWN,UNKNOWN (China mold T1 25-45 working days per prior notes),UNKNOWN,,UNKNOWN,PP,0.4,1.5,64,32.0,380x380,39.7,Borderline 120T,"64-cav family (washer + cap), living hinge variant",12,11000,0.5,1.0,50.0,"Mold ~2.6 M DZD (USD 11,000 @240) + resin/stock 2 months ~0.10 M DZD; seasonal stock build if irrigation",Low,Medium,High (standard part),Low,Fragmented SMEs + few large tender makers,No,Yes (colours),UNKNOWN (no Algerian maker of furniture feet/caps found by Phase-1 search),Colour-matched small lots,WEAK SIGNAL,https://dz.kompass.com/a/mobilier-de-bureau/15320/ ; https://www.tsa-algerie.com/industrie-algerienne-ce-que-revele-lenquete-de-lons-sur-les-entreprises/ ; https://www.wcotradetools.org/en/harmonized-system/2022/fr/07392630 ; research_notes/Algeria injection molding feasibility/import_products_longlist.md,2026-10-04,"Visit EACIM, Divindus AMM, SM Mobilier + 2 quincaillerie-meuble wholesalers (Algiers/Beni Mered): current origin, DZD/100, MOQ, colour/size gaps, stock-outs","VERDICT INVESTIGATE (priority 2). Calc: clamp=1.5cm2x64cav x1.15x0.3x1.2=39.7t; shot=0.4gx64x(1+0.25)=32.0g; mold 380x380mm. shot below 45 g practical min of 120T barrel - raise cavities or small screw. Unit cost = resin 0.12 + press 0.09 (1,400 DZD/h, OEE 85%) + mold amort 0.26 (over 10,000,000 pcs) + extra 0.0 , +5% pack. Price = ASSUMPTION (lower band of prior-notes longlist estimate unless noted). Geometry/weights = engineering estimates, verify on sample. Longlist est. 0.5-2 DZD."
IF-48,Shelf support pin 5 mm (taquet) plastic,Covers & caps,Furniture,UNKNOWN - collect physical sample,Divindus AMM (Bab Ezzouar); EACIM (Rouiba); SM Mobilier (Ouled Moussa); Dhikra Office (Ouled Heddadj); Louai Meuble; Vecor Design; MAM (Blum rep); Tizi Ouzou / Beni Mered clusters (names UNKNOWN) - none confirmed as buyers of this part,"UNKNOWN for Algeria; imports via quincaillerie importers (activity code 'importation des articles de quincaillerie' - free import, CNRC registration)",UNKNOWN - likely imported finished parts sold by distributors (ASSUMPTION),UNKNOWN (imported likely - ASSUMPTION),UNKNOWN (China/Turkey likely - ASSUMPTION),"No part-level pain found. Context: ONS Q2-2025 survey - 30% of private industrial bosses say raw-material supply below demand (all sectors, TSA snippet); historic furniture price surge tied to import authorisations for wood (Algerie Eco, undated, likely 2017-18).",none_found,https://www.tsa-algerie.com/industrie-algerienne-ce-que-revele-lenquete-de-lons-sur-les-entreprises/,UNKNOWN,Steady; school-furniture peaks before Sept rentree (ASSUMPTION),UNKNOWN,UNKNOWN (China mold T1 25-45 working days per prior notes),UNKNOWN,,UNKNOWN,PP,0.8,1.0,64,64.0,380x380,26.5,Fits 120T confidently,64-cav cold runner,12,9000,0.58,1.5,62.0,"Mold ~2.2 M DZD (USD 9,000 @240) + resin/stock 2 months ~0.21 M DZD; seasonal stock build if irrigation",Low,Medium,High (standard part),Low,Fragmented SMEs + few large tender makers,No,Few,UNKNOWN (no Algerian maker of furniture feet/caps found by Phase-1 search),"Local stock, short lead time, small MOQ, DZD payment (hypothesis - untested)",WEAK SIGNAL,https://dz.kompass.com/a/mobilier-de-bureau/15320/ ; https://www.tsa-algerie.com/industrie-algerienne-ce-que-revele-lenquete-de-lons-sur-les-entreprises/ ; https://www.wcotradetools.org/en/harmonized-system/2022/fr/07392630 ; research_notes/Algeria injection molding feasibility/import_products_longlist.md,2026-10-04,"Visit EACIM, Divindus AMM, SM Mobilier + 2 quincaillerie-meuble wholesalers (Algiers/Beni Mered): current origin, DZD/100, MOQ, colour/size gaps, stock-outs","VERDICT INVESTIGATE (low). Calc: clamp=1.0cm2x64cav x1.15x0.3x1.2=26.5t; shot=0.8gx64x(1+0.25)=64.0g; mold 380x380mm. . Unit cost = resin 0.25 + press 0.09 (1,400 DZD/h, OEE 85%) + mold amort 0.22 (over 10,000,000 pcs) + extra 0.0 , +5% pack. Price = ASSUMPTION (lower band of prior-notes longlist estimate unless noted). Geometry/weights = engineering estimates, verify on sample. Longlist est. 1-3 DZD (PC/PA there; PP costed). Commodity, price-only competition."
IF-49,Bed slat holder (porte-latte / cap for sprung slats 38-63 mm),Bed & sofa parts,Furniture,UNKNOWN - collect physical sample,"Bed-base / bedroom furniture makers (Tizi Ouzou, Beni Mered clusters - names UNKNOWN); Louai Meuble; Vecor Design","UNKNOWN for Algeria; imports via quincaillerie importers (activity code 'importation des articles de quincaillerie' - free import, CNRC registration)",UNKNOWN - likely imported finished parts sold by distributors (ASSUMPTION),UNKNOWN (imported likely - ASSUMPTION),UNKNOWN,"No part-level pain found. Context: ONS Q2-2025 survey - 30% of private industrial bosses say raw-material supply below demand (all sectors, TSA snippet); historic furniture price surge tied to import authorisations for wood (Algerie Eco, undated, likely 2017-18).",none_found,https://www.tsa-algerie.com/industrie-algerienne-ce-que-revele-lenquete-de-lons-sur-les-entreprises/,UNKNOWN,Steady,UNKNOWN,UNKNOWN (China mold T1 25-45 working days per prior notes),UNKNOWN,,UNKNOWN,PP,8.0,10.0,8,80.0,350x350,33.1,Fits 120T confidently,8-cav with width inserts,18,8000,7.71,12,36.0,"Mold ~1.9 M DZD (USD 8,000 @240) + resin/stock 2 months ~0.10 M DZD; seasonal stock build if irrigation",Low,Medium,High (standard part),Low,Fragmented,Possibly (slat width/thickness),Yes (slat widths),UNKNOWN,"Local stock, short lead time, small MOQ, DZD payment (hypothesis - untested)",WEAK SIGNAL,https://dz.kompass.com/a/mobilier-de-bureau/15320/ ; https://www.tsa-algerie.com/industrie-algerienne-ce-que-revele-lenquete-de-lons-sur-les-entreprises/ ; https://www.wcotradetools.org/en/harmonized-system/2022/fr/07392630 ; research_notes/Algeria injection molding feasibility/import_products_longlist.md,2026-10-04,"Visit EACIM, Divindus AMM, SM Mobilier + 2 quincaillerie-meuble wholesalers (Algiers/Beni Mered): current origin, DZD/100, MOQ, colour/size gaps, stock-outs","VERDICT INVESTIGATE. Calc: clamp=10.0cm2x8cav x1.15x0.3x1.2=33.1t; shot=8.0gx8x(1+0.25)=80.0g; mold 350x350mm. . Unit cost = resin 2.47 + press 1.03 (1,400 DZD/h, OEE 85%) + mold amort 3.84 (over 500,000 pcs) + extra 0.0 , +5% pack. Price = ASSUMPTION (lower band of prior-notes longlist estimate unless noted). Geometry/weights = engineering estimates, verify on sample. Longlist est. 10-30 DZD; costed at 12."
IF-50,Sofa / armchair plastic leg 8-15 cm (pied canape),Bed & sofa parts,Furniture,UNKNOWN - collect physical sample,"Sofa/upholstery workshops (Bordj Menaiel, Tizi Ouzou, Beni Mered - names UNKNOWN)","UNKNOWN for Algeria; imports via quincaillerie importers (activity code 'importation des articles de quincaillerie' - free import, CNRC registration)",UNKNOWN - likely imported finished parts sold by distributors (ASSUMPTION),UNKNOWN (imported likely - ASSUMPTION),UNKNOWN,"No part-level pain found. Context: ONS Q2-2025 survey - 30% of private industrial bosses say raw-material supply below demand (all sectors, TSA snippet); historic furniture price surge tied to import authorisations for wood (Algerie Eco, undated, likely 2017-18).",none_found,https://www.tsa-algerie.com/industrie-algerienne-ce-que-revele-lenquete-de-lons-sur-les-entreprises/,UNKNOWN,Steady; pre-wedding-season peak summer (ASSUMPTION),UNKNOWN,UNKNOWN (China mold T1 25-45 working days per prior notes),UNKNOWN,,UNKNOWN,PP,60.0,30.0,2,138.0,380x380,24.8,Fits 120T confidently,"2-cav, M8 insert or screw boss, textured/wood-look",30,12000,51.03,60,15.0,"Mold ~2.9 M DZD (USD 12,000 @240) + resin/stock 2 months ~0.23 M DZD; seasonal stock build if irrigation",Low,Medium,High (standard part),Low,Fragmented,Yes (style),Yes (heights/finishes),UNKNOWN,"Local stock, short lead time, small MOQ, DZD payment (hypothesis - untested)",WEAK SIGNAL,https://dz.kompass.com/a/mobilier-de-bureau/15320/ ; https://www.tsa-algerie.com/industrie-algerienne-ce-que-revele-lenquete-de-lons-sur-les-entreprises/ ; https://www.wcotradetools.org/en/harmonized-system/2022/fr/07392630 ; research_notes/Algeria injection molding feasibility/import_products_longlist.md,2026-10-04,"Visit EACIM, Divindus AMM, SM Mobilier + 2 quincaillerie-meuble wholesalers (Algiers/Beni Mered): current origin, DZD/100, MOQ, colour/size gaps, stock-outs","VERDICT INVESTIGATE. Calc: clamp=30.0cm2x2cav x1.15x0.3x1.2=24.8t; shot=60.0gx2x(1+0.15)=138.0g; mold 380x380mm. . Unit cost = resin 18.54 + press 6.86 (1,400 DZD/h, OEE 85%) + mold amort 19.20 (over 150,000 pcs) + extra 4.0 , +5% pack. Price = ASSUMPTION (lower band of prior-notes longlist estimate unless noted). Geometry/weights = engineering estimates, verify on sample. Price ASSUMPTION."
IF-51,Curtain rail glider/runner + end stop (rail wagon),Curtain rail parts,Furniture,UNKNOWN - collect physical sample,Curtain-rail assemblers / curtain shops (names UNKNOWN); aluminium profile sellers (e.g. Leader Aluminium - not confirmed for rails),UNKNOWN,UNKNOWN - likely imported finished parts sold by distributors (ASSUMPTION),UNKNOWN (imported likely - ASSUMPTION),UNKNOWN,No pain found.,none_found,,UNKNOWN,Steady,UNKNOWN,UNKNOWN (China mold T1 25-45 working days per prior notes),UNKNOWN,,UNKNOWN,POM,0.8,1.5,32,32.0,350x350,33.1,Borderline 120T,"32-cav cold runner, small hook eye",14,9000,1.27,2,37.0,"Mold ~2.2 M DZD (USD 9,000 @240) + resin/stock 2 months ~0.24 M DZD; seasonal stock build if irrigation",Low,Medium,High (standard part),Low,UNKNOWN,Yes (profile fit),Yes (rail profile specific),UNKNOWN,"Local stock, short lead time, small MOQ, DZD payment (hypothesis - untested)",WEAK SIGNAL,research_notes/Algeria injection molding feasibility/import_products_longlist.md,2026-10-04,Identify who extrudes/assembles curtain rails in Algeria; buy 3 retail rail kits and check origin,"VERDICT INVESTIGATE (low). Calc: clamp=1.5cm2x32cav x1.15x0.5x1.2=33.1t; shot=0.8gx32x(1+0.25)=32.0g; mold 350x350mm. shot below 45 g practical min of 120T barrel - raise cavities or small screw. Unit cost = resin 0.58 + press 0.20 (1,400 DZD/h, OEE 85%) + mold amort 0.43 (over 5,000,000 pcs) + extra 0.0 , +5% pack. Price = ASSUMPTION (lower band of prior-notes longlist estimate unless noted). Geometry/weights = engineering estimates, verify on sample. Must match local rail profile. Price ASSUMPTION."
IF-52,Curtain rail end cap & ceiling bracket clip,Curtain rail parts,Furniture,UNKNOWN - collect physical sample,Same as IF-51,UNKNOWN,UNKNOWN - likely imported finished parts sold by distributors (ASSUMPTION),UNKNOWN (imported likely - ASSUMPTION),UNKNOWN,No pain found.,none_found,,UNKNOWN,Steady,UNKNOWN,UNKNOWN (China mold T1 25-45 working days per prior notes),UNKNOWN,,UNKNOWN,PP,3.0,5.0,16,60.0,350x350,33.1,Fits 120T confidently,16-cav family,16,8000,3.47,6,42.0,"Mold ~1.9 M DZD (USD 8,000 @240) + resin/stock 2 months ~0.08 M DZD; seasonal stock build if irrigation",Low,Medium,High (standard part),Low,UNKNOWN,Yes (profile fit),Yes,UNKNOWN,"Local stock, short lead time, small MOQ, DZD payment (hypothesis - untested)",WEAK SIGNAL,research_notes/Algeria injection molding feasibility/import_products_longlist.md,2026-10-04,Same as IF-51,"VERDICT INVESTIGATE (low). Calc: clamp=5.0cm2x16cav x1.15x0.3x1.2=33.1t; shot=3.0gx16x(1+0.25)=60.0g; mold 350x350mm. . Unit cost = resin 0.93 + press 0.46 (1,400 DZD/h, OEE 85%) + mold amort 1.92 (over 1,000,000 pcs) + extra 0.0 , +5% pack. Price = ASSUMPTION (lower band of prior-notes longlist estimate unless noted). Geometry/weights = engineering estimates, verify on sample. Price ASSUMPTION."
IF-53,Office-chair twin-wheel castor 50 mm (body + 2 wheels),Office chair parts,Furniture,UNKNOWN - collect physical sample,"Office-chair assemblers (Dhikra Office, Desktro, importers assembling CKD chairs - UNKNOWN)",China (ASSUMPTION),UNKNOWN - likely imported finished parts sold by distributors (ASSUMPTION),UNKNOWN (imported likely - ASSUMPTION),China (ASSUMPTION),"No part-level pain found. Context: ONS Q2-2025 survey - 30% of private industrial bosses say raw-material supply below demand (all sectors, TSA snippet); historic furniture price surge tied to import authorisations for wood (Algerie Eco, undated, likely 2017-18).",none_found,https://www.tsa-algerie.com/industrie-algerienne-ce-que-revele-lenquete-de-lons-sur-les-entreprises/,UNKNOWN,Steady,UNKNOWN,UNKNOWN (China mold T1 25-45 working days per prior notes),UNKNOWN,,UNKNOWN,PA6,30.0,20.0,2,69.0,380x380,27.6,Fits 120T confidently,2-cav body + 4-cav wheel tools; axle/stem bought-in,35,18000,85.99,150,43.0,"Mold ~4.3 M DZD (USD 18,000 @240) + resin/stock 2 months ~0.25 M DZD; seasonal stock build if irrigation",Low,High (EN 12529 load/rolling),High (standard part),Low,Few assemblers,No,Few,UNKNOWN,"Local stock, short lead time, small MOQ, DZD payment (hypothesis - untested)",WEAK SIGNAL,https://dz.kompass.com/a/mobilier-de-bureau/15320/ ; https://www.tsa-algerie.com/industrie-algerienne-ce-que-revele-lenquete-de-lons-sur-les-entreprises/ ; https://www.wcotradetools.org/en/harmonized-system/2022/fr/07392630 ; research_notes/Algeria injection molding feasibility/import_products_longlist.md,2026-10-04,"Visit EACIM, Divindus AMM, SM Mobilier + 2 quincaillerie-meuble wholesalers (Algiers/Beni Mered): current origin, DZD/100, MOQ, colour/size gaps, stock-outs","VERDICT INVESTIGATE (low). Calc: clamp=20.0cm2x2cav x1.15x0.5x1.2=27.6t; shot=30.0gx2x(1+0.15)=69.0g; mold 380x380mm. . Unit cost = resin 20.09 + press 8.01 (1,400 DZD/h, OEE 85%) + mold amort 28.80 (over 150,000 pcs) + extra 25.0 , +5% pack. Price = ASSUMPTION (lower band of prior-notes longlist estimate unless noted). Geometry/weights = engineering estimates, verify on sample. Longlist est. 150-500 DZD. Extra 25 = stem, axle, assembly."
IF-54,Office-chair gas-lift telescopic cover (3-piece),Office chair parts,Furniture,UNKNOWN - collect physical sample,Office-chair assemblers (UNKNOWN),China (ASSUMPTION),UNKNOWN - likely imported finished parts sold by distributors (ASSUMPTION),UNKNOWN (imported likely - ASSUMPTION),China (ASSUMPTION),"No part-level pain found. Context: ONS Q2-2025 survey - 30% of private industrial bosses say raw-material supply below demand (all sectors, TSA snippet); historic furniture price surge tied to import authorisations for wood (Algerie Eco, undated, likely 2017-18).",none_found,https://www.tsa-algerie.com/industrie-algerienne-ce-que-revele-lenquete-de-lons-sur-les-entreprises/,UNKNOWN,Steady,UNKNOWN,UNKNOWN (China mold T1 25-45 working days per prior notes),UNKNOWN,,UNKNOWN,PP,25.0,40.0,1,28.7,350x350,24.8,Borderline 120T,1-cav x3 tools or 3-cav family,25,12000,40.28,60,33.0,"Mold ~2.9 M DZD (USD 12,000 @240) + resin/stock 2 months ~0.10 M DZD; seasonal stock build if irrigation",Low,Medium,High (standard part),Low,Few assemblers,No,Few,UNKNOWN,"Local stock, short lead time, small MOQ, DZD payment (hypothesis - untested)",WEAK SIGNAL,https://dz.kompass.com/a/mobilier-de-bureau/15320/ ; https://www.tsa-algerie.com/industrie-algerienne-ce-que-revele-lenquete-de-lons-sur-les-entreprises/ ; https://www.wcotradetools.org/en/harmonized-system/2022/fr/07392630 ; research_notes/Algeria injection molding feasibility/import_products_longlist.md,2026-10-04,"Visit EACIM, Divindus AMM, SM Mobilier + 2 quincaillerie-meuble wholesalers (Algiers/Beni Mered): current origin, DZD/100, MOQ, colour/size gaps, stock-outs","VERDICT INVESTIGATE (low). Calc: clamp=40.0cm2x1cav x1.15x0.45x1.2=24.8t; shot=25.0gx1x(1+0.15)=28.7g; mold 350x350mm. shot below 45 g practical min of 120T barrel - raise cavities or small screw. Unit cost = resin 7.72 + press 11.44 (1,400 DZD/h, OEE 85%) + mold amort 19.20 (over 150,000 pcs) + extra 0.0 , +5% pack. Price = ASSUMPTION (lower band of prior-notes longlist estimate unless noted). Geometry/weights = engineering estimates, verify on sample. Price ASSUMPTION. Shot ~29 g single-cavity -> 3-cav family mold needed to sit in barrel range."
IF-55,Office-chair 5-star base 600-700 mm (PA6-GF),Office chair parts,Furniture,UNKNOWN - collect physical sample,Office-chair assemblers (UNKNOWN),China (ASSUMPTION),UNKNOWN - likely imported finished parts sold by distributors (ASSUMPTION),UNKNOWN (imported likely - ASSUMPTION),China (ASSUMPTION),"No part-level pain found. Context: ONS Q2-2025 survey - 30% of private industrial bosses say raw-material supply below demand (all sectors, TSA snippet); historic furniture price surge tied to import authorisations for wood (Algerie Eco, undated, likely 2017-18).",none_found,https://www.tsa-algerie.com/industrie-algerienne-ce-que-revele-lenquete-de-lons-sur-les-entreprises/,UNKNOWN,Steady,UNKNOWN,UNKNOWN (China mold T1 25-45 working days per prior notes),UNKNOWN,,UNKNOWN,PA6-GF,1100.0,1300.0,1,1265.0,750x750,986.7,Requires larger injection press,1-cav large with gas-assist ribs,75,45000,1095.58,2500,56.0,"Mold ~10.8 M DZD (USD 45,000 @240) + resin/stock 2 months ~3.30 M DZD; seasonal stock build if irrigation",Low,Medium,High (standard part),Low,Few,No,Few,UNKNOWN,"Local stock, short lead time, small MOQ, DZD payment (hypothesis - untested)",WEAK SIGNAL,https://dz.kompass.com/a/mobilier-de-bureau/15320/ ; https://www.tsa-algerie.com/industrie-algerienne-ce-que-revele-lenquete-de-lons-sur-les-entreprises/ ; https://www.wcotradetools.org/en/harmonized-system/2022/fr/07392630 ; research_notes/Algeria injection molding feasibility/import_products_longlist.md,2026-10-04,None,"VERDICT KILL (machine size). Calc: clamp=1300.0cm2x1cav x1.15x0.55x1.2=986.7t; shot=1100.0gx1x(1+0.15)=1265.0g; mold 750x750mm. shot near/over 80% of practical 200 g. Unit cost = resin 793.10 + press 34.31 (1,400 DZD/h, OEE 85%) + mold amort 216.00 (over 50,000 pcs) + extra 0.0 , +5% pack. Price = ASSUMPTION (lower band of prior-notes longlist estimate unless noted). Geometry/weights = engineering estimates, verify on sample. Price ASSUMPTION; machine boundary row."
