product_id,product,family,sector,photo_reference,known_buyers,known_suppliers,current_supply_source,local_or_imported,country_of_origin,pain_evidence,pain_type,pain_source_url,pain_confidence,demand_frequency,moq,lead_time,observed_price_dzd,price_source_url,price_confidence,material,part_weight_g,projected_area_cm2,cavities,shot_weight_g,mold_size_mm,clamp_required_t,machine_fit,mold_type,cycle_time_s,mold_cost_usd,unit_cost_dzd,potential_price_dzd,margin_pct,working_capital,regulatory_difficulty,quality_difficulty,copy_risk,switching_difficulty,buyer_concentration,custom_dimensions_needed,many_variants_needed,local_competition,why_choose_us,overall_confidence,sources,date_checked,next_validation_action,stage_notes
OS-001,Conduit saddle clip for IRL tube 16-25 mm (clip tube),Electrical fixings,Electrical,UNKNOWN,"Channel: SOGEDIM, Mabricole, Assly, Elecmarket (online wholesalers, prior notes); electricians; El Eulma wholesale cluster (unverified)",UNKNOWN,Imported; no Algerian maker found in search (prior notes),Imported (weak evidence),UNKNOWN,No product-specific pain found online; Ouedkniss/Facebook/forums unreachable (fetch blocked),none_found,,UNKNOWN,Continuous (housing),UNKNOWN,UNKNOWN,UNKNOWN,,UNKNOWN,PP,3,4,16,60.0,300x300x~250,26 (=4x16x1.15x0.3x1.2; shot PP-eq 60 g),Fits 120T confidently,2-plate cold runner 16 cav,14,4000-6000 (ASSUMPTION),1.52 (resin 0.95 @300/kg ASSUMPTION + machine 0.57),UNKNOWN,UNKNOWN (no observed price),Low,L,M,H,L,Fragmented,N,Y (16/20/25/32),None found online (weak),Lead time / availability vs imports (unproven),ASSUMPTION,research_notes/Algeria injection molding feasibility/import_products_longlist.md,2026-10-04,Price + origin check at 3 distributors,"INVESTIGATE: simple 16-cav PP part, fits easily; no price/pain found. Check Ouedkniss/El Eulma price and whether pipe extruders already mold it."
OS-002,IRL conduit coupler sleeve 16-25 mm (manchon),Electrical fixings,Electrical,UNKNOWN,"Channel: SOGEDIM, Mabricole, Assly, Elecmarket (online wholesalers, prior notes); electricians; El Eulma wholesale cluster (unverified)",UNKNOWN,UNKNOWN (possibly conduit extruders),UNKNOWN,UNKNOWN,No product-specific pain found online; Ouedkniss/Facebook/forums unreachable (fetch blocked),none_found,,UNKNOWN,UNKNOWN,UNKNOWN,UNKNOWN,UNKNOWN,,UNKNOWN,PP,4,5,16,80.0,320x320x~250,33 (=5x16x1.15x0.3x1.2; shot PP-eq 80 g),Fits 120T confidently,2-plate cold runner 16 cav,15,4500-7000 (ASSUMPTION),1.87 (resin 1.26 @300/kg ASSUMPTION + machine 0.61),UNKNOWN,UNKNOWN (no observed price),Low,L,M,H,L,Fragmented,N,Y (sizes),UNKNOWN,Lead time / availability vs imports (unproven),ASSUMPTION,research_notes/Algeria injection molding feasibility/import_products_longlist.md,2026-10-04,Price + origin check at 3 distributors,INVESTIGATE (low): commodity; conduit extruders may bundle it. Pair with OS-001 in one family.
OS-003,IRL conduit 90 deg elbow (coude),Electrical fixings,Electrical,UNKNOWN,"Channel: SOGEDIM, Mabricole, Assly, Elecmarket (online wholesalers, prior notes); electricians; El Eulma wholesale cluster (unverified)",UNKNOWN,UNKNOWN,UNKNOWN,UNKNOWN,No product-specific pain found online; Ouedkniss/Facebook/forums unreachable (fetch blocked),none_found,,UNKNOWN,UNKNOWN,UNKNOWN,UNKNOWN,UNKNOWN,,UNKNOWN,PP,9,9,4,45.0,300x300x~250,15 (=9x4x1.15x0.3x1.2; shot PP-eq 45 g),Fits 120T confidently,core-pull 4 cav,22,7000-10000 (ASSUMPTION),6.43 (resin 2.84 @300/kg ASSUMPTION + machine 3.59),UNKNOWN,UNKNOWN (no observed price),Low,L,M,H,L,Fragmented,N,Y,UNKNOWN,Lead time / availability vs imports (unproven),ASSUMPTION,research_notes/Algeria injection molding feasibility/import_products_longlist.md,2026-10-04,Price + origin check at 3 distributors,INVESTIGATE (low): core pulls raise mold cost; conduit is often bent instead of using elbows. Low priority.
OS-004,Round cable clip with steel nail 6-14 mm (attache a clou),Electrical fixings,Electrical,UNKNOWN,"Channel: SOGEDIM, Mabricole, Assly, Elecmarket (online wholesalers, prior notes); electricians; El Eulma wholesale cluster (unverified)",Imported packs (brand UNKNOWN) on SOGEDIM/Mabricole,Imported,Imported,UNKNOWN,No product-specific pain found online; Ouedkniss/Facebook/forums unreachable (fetch blocked),none_found,,UNKNOWN,Continuous,UNKNOWN,UNKNOWN,"200-300 DZD per 100 (12-16 mm, Mabricole); 2 DZD/pc (Ø8, SOGEDIM)",https://mabricole.com.dz/accessoires-d-electricite/lot-de-100-pcs-attache-cable-ronde-avec-clou-en-acier-14mm-max-clips-ronde-pour-fil-en-plastique-5829 ; https://sogedim.net/product/attache-cable-o8mm/,STRONG SIGNAL (search snippets of retail listings),LDPE,0.6,1.2,64,48.0,300x300x~250,32 (=1.2x64x1.15x0.3x1.2; shot PP-eq 47 g),Fits 120T confidently,2-plate 64 cav + nail insertion fixture,12,8000-12000 (ASSUMPTION) + insertion jig,0.81 (resin 0.19 @300/kg ASSUMPTION + machine 0.12 + bought-in 0.50),1.05-1.58 ex-works (retail/1.19/1.6 ASSUMPTION),23 to 48 (before mold amortisation),Low,L,M,H,L,Fragmented,N,Y (6-14 mm),UNKNOWN,Lead time / availability vs imports (unproven),ASSUMPTION,research_notes/Algeria injection molding feasibility/import_products_longlist.md,2026-10-04,Price + origin check at 3 distributors,"KILL: 2-3 DZD retail leaves ~1-1.6 DZD ex-works; steel nail cost (ASSUMED 0.5 DZD, UNKNOWN) + manual insertion erase margin. Revisit only with automated nail insertion."
OS-005,Flat cable clip with nail (attache plate),Electrical fixings,Electrical,UNKNOWN,"Channel: SOGEDIM, Mabricole, Assly, Elecmarket (online wholesalers, prior notes); electricians; El Eulma wholesale cluster (unverified)",UNKNOWN,"Imported (assumed, same shelf as OS-004)",UNKNOWN,UNKNOWN,No product-specific pain found online; Ouedkniss/Facebook/forums unreachable (fetch blocked),none_found,,UNKNOWN,UNKNOWN,UNKNOWN,UNKNOWN,UNKNOWN,,UNKNOWN,LDPE,0.7,1.4,64,56.0,300x300x~250,37 (=1.4x64x1.15x0.3x1.2; shot PP-eq 55 g),Fits 120T confidently,2-plate 64 cav + insertion,12,8000-12000 (ASSUMPTION),0.84 (resin 0.22 @300/kg ASSUMPTION + machine 0.12 + bought-in 0.50),UNKNOWN,UNKNOWN (no observed price),Low,L,M,H,L,Fragmented,N,N,UNKNOWN,Lead time / availability vs imports (unproven),ASSUMPTION,research_notes/Algeria injection molding feasibility/import_products_longlist.md,2026-10-04,Price + origin check at 3 distributors,KILL: same economics as OS-004.
OS-006,Adhesive cable-tie mount 20x20 (embase adhesive),Electrical fixings,Electrical,UNKNOWN,"Channel: SOGEDIM, Mabricole, Assly, Elecmarket (online wholesalers, prior notes); electricians; El Eulma wholesale cluster (unverified); panel builders",UNKNOWN,UNKNOWN,UNKNOWN,UNKNOWN,No product-specific pain found online; Ouedkniss/Facebook/forums unreachable (fetch blocked),none_found,,UNKNOWN,UNKNOWN,UNKNOWN,UNKNOWN,UNKNOWN,,UNKNOWN,PA66,1.5,4,32,60.0,320x320x~250,88 (=4x32x1.15x0.5x1.2; shot PP-eq 47 g),Fits 120T confidently,2-plate 32 cav,14,6000-9000 (ASSUMPTION),2.27 (resin 1.18 @750/kg ASSUMPTION + machine 0.29 + bought-in 0.80),UNKNOWN,UNKNOWN (no observed price),Med: engineering resin bought on order (no local stockist found),L,M,H,L,Fragmented,N,N,UNKNOWN,Lead time / availability vs imports (unproven),ASSUMPTION,research_notes/Algeria injection molding feasibility/import_products_longlist.md,2026-10-04,Price + origin check at 3 distributors,KILL: adhesive pad lamination is a second process; Chinese commodity; PA66 not stocked locally (resin notes).
OS-007,Cable ties 200 mm (collier de serrage),Electrical fixings,Electrical,UNKNOWN,"Channel: SOGEDIM, Mabricole, Assly, Elecmarket (online wholesalers, prior notes); electricians; El Eulma wholesale cluster (unverified)",OZTURK (Turkey) on Mabricole,Imported,Imported,"Turkey (shelf), China",No product-specific pain found online; Ouedkniss/Facebook/forums unreachable (fetch blocked),none_found,,UNKNOWN,UNKNOWN,UNKNOWN,UNKNOWN,450 DZD per 100 (OZTURK 7x200),https://mabricole.com.dz/fr/fixation/jeu-de-colliers-de-serrage-en-plastique-100-200mm-250pcs-onsite-1845,VERIFIED (prior notes),PA66,1.0,10,16,17.3,380x380x~300,110 (=10x16x1.15x0.5x1.2; shot PP-eq 14 g),Borderline 120T,"16 cav hot runner, long flow",18,15000-25000 (ASSUMPTION),1.52 (resin 0.79 @750/kg ASSUMPTION + machine 0.74),2.36-2.36 ex-works (retail/1.19/1.6 ASSUMPTION),36 to 36 (before mold amortisation),Med: engineering resin bought on order (no local stockist found),L,"H (PA66 drying, conditioning, ratchet)",H,L,Fragmented,N,N,Turkish/Chinese imports,Lead time / availability vs imports (unproven),ASSUMPTION,research_notes/Algeria injection molding feasibility/import_products_longlist.md,2026-10-04,Price + origin check at 3 distributors,"KILL: long-flow thin ratchet at 16 cav sits near clamp limit, PA66 conditioning needed, Turkish shelf price 4.5 DZD retail. Classic commodity trap. [Fit note: clamp 100-125 t; shot PP-eq below 45 g (add cavities or use 60-80 t press)]"
OS-008,Nylon wall plug 6x30 / 8x40 (cheville nylon),Wall plugs,Electrical/construction fixings,UNKNOWN,"Channel: SOGEDIM, Mabricole, Assly, Elecmarket (online wholesalers, prior notes); electricians; El Eulma wholesale cluster (unverified); quincailleries","Imported (Ingelec MA, Chinese per prior notes)",Imported,Imported (weak),UNKNOWN,No product-specific pain found online; Ouedkniss/Facebook/forums unreachable (fetch blocked),none_found,,UNKNOWN,"Continuous, very high",UNKNOWN,UNKNOWN,"UNKNOWN (box of 100 8x80 cited at 900 DZD in a search summary, item type unclear)",https://www.assly.dz/product-category/fixation-mecanique-boulonerie/chevilles-et-cales/,WEAK SIGNAL,PA6,1.0,2.4,48,60.0,340x340x~250,79 (=2.4x48x1.15x0.5x1.2; shot PP-eq 47 g),Fits 120T confidently,"2-plate 48 cav, side cores for fins",14,9000-14000 (ASSUMPTION),0.93 (resin 0.73 @700/kg ASSUMPTION + machine 0.19),UNKNOWN,UNKNOWN (no observed price),Med: engineering resin bought on order (no local stockist found),L,M,H,L,Fragmented,N,Y (5/6/8/10/12),UNKNOWN,Lead time / availability vs imports (unproven),ASSUMPTION,research_notes/Algeria injection molding feasibility/import_products_longlist.md,2026-10-04,Price + origin check at 3 distributors,"INVESTIGATE: huge volume, PA6 may be replaced by PP for economy grade. Needs real price per 100 and wholesaler interviews; competing with Chinese bulk."
OS-009,"Hammer-fix anchor sleeve 8x80 (cheville a frapper, sleeve only)",Wall plugs,Electrical/construction fixings,UNKNOWN,"Channel: SOGEDIM, Mabricole, Assly, Elecmarket (online wholesalers, prior notes); electricians; El Eulma wholesale cluster (unverified); quincailleries","Imported (grey, brand UNKNOWN) at SOGEDIM",Imported (assumed),UNKNOWN,UNKNOWN,No product-specific pain found online; Ouedkniss/Facebook/forums unreachable (fetch blocked),none_found,,UNKNOWN,UNKNOWN,UNKNOWN,UNKNOWN,"15 DZD/pc retail (8x80 grey, SOGEDIM)",https://sogedim.net/product/cheville-a-frapper-8x80-mm-gris/,STRONG SIGNAL (snippet),PA6,3.0,7,16,60.0,360x360x~300,77 (=7x16x1.15x0.5x1.2; shot PP-eq 47 g),Fits 120T confidently,2-plate 16 cav,18,9000-13000 (ASSUMPTION),4.94 (resin 2.21 @700/kg ASSUMPTION + machine 0.74 + bought-in 2.00),7.88-7.88 ex-works (retail/1.19/1.6 ASSUMPTION),37 to 37 (before mold amortisation),Med: engineering resin bought on order (no local stockist found),L,M,H,L,Fragmented,N,N,UNKNOWN,Lead time / availability vs imports (unproven),ASSUMPTION,research_notes/Algeria injection molding feasibility/import_products_longlist.md,2026-10-04,Price + origin check at 3 distributors,"INVESTIGATE: margin depends on the nail-screw (ASSUMED 2 DZD, UNKNOWN). Ex-works ~7.9 DZD is thin. Check nail sourcing locally."
OS-010,Plasterboard butterfly anchor 8 mm (cheville papillon),Wall plugs,Electrical/construction fixings,UNKNOWN,"Channel: SOGEDIM, Mabricole, Assly, Elecmarket (online wholesalers, prior notes); electricians; El Eulma wholesale cluster (unverified); plasterboard installers",UNKNOWN,UNKNOWN,UNKNOWN,UNKNOWN,No product-specific pain found online; Ouedkniss/Facebook/forums unreachable (fetch blocked),none_found,,UNKNOWN,Continuous (plasterboard growth unverified),UNKNOWN,UNKNOWN,"55 DZD/pc retail (papillon 08 without screw, SOGEDIM)",https://sogedim.net/product/cheville-papillon-08-sans-vis/,STRONG SIGNAL (snippet),PA6,2.5,5,20,62.5,340x340x~250,69 (=5x20x1.15x0.5x1.2; shot PP-eq 49 g),Fits 120T confidently,"2-plate 20 cav, living hinge",18,8000-12000 (ASSUMPTION),2.43 (resin 1.84 @700/kg ASSUMPTION + machine 0.59),28.89-28.89 ex-works (retail/1.19/1.6 ASSUMPTION),92 to 92 (before mold amortisation),Med: engineering resin bought on order (no local stockist found),L,M,H,L,Fragmented,N,N,UNKNOWN,Lead time / availability vs imports (unproven),ASSUMPTION,research_notes/Algeria injection molding feasibility/import_products_longlist.md,2026-10-04,Price + origin check at 3 distributors,GO-candidate for validation: 55 DZD retail vs ~2.5 DZD cost gives wide headroom on paper. Verify volume and that the price is not a single over-priced listing.
OS-011,Cable gland PG7-PG16 body + nut (presse-etoupe),Cable glands,Electrical,UNKNOWN,"Channel: SOGEDIM, Mabricole, Assly, Elecmarket (online wholesalers, prior notes); electricians; El Eulma wholesale cluster (unverified); panel builders; solar EPCs","Imported (brand UNKNOWN) at SOGEDIM; global makers Lapp, Hummel, Pflitsch",Imported,Imported,UNKNOWN,No product-specific pain found online; Ouedkniss/Facebook/forums unreachable (fetch blocked),none_found,,UNKNOWN,UNKNOWN,UNKNOWN,UNKNOWN,"35-50 DZD/pc retail (PG09 nylon IP68, SOGEDIM)",https://sogedim.net/product/presse-etoupe-pg09/,STRONG SIGNAL (snippet),PA66,4.5,3.5,12,67.5,380x380x~300,29 (=3.5x12x1.15x0.5x1.2; shot PP-eq 53 g),Fits 120T confidently,"unscrewing core, 12 cav (body) + separate nut mold",26,18000-28000 per size family (ASSUMPTION),6.46 (resin 3.54 @750/kg ASSUMPTION + machine 1.42 + bought-in 1.50),18.38-26.26 ex-works (retail/1.19/1.6 ASSUMPTION),65 to 75 (before mold amortisation),Med: engineering resin bought on order (no local stockist found),L,"H (IP68, TPE seal insert)",H,L,Fragmented,N,Y (6+ sizes x 3 parts),UNKNOWN,Lead time / availability vs imports (unproven),ASSUMPTION,research_notes/Algeria injection molding feasibility/import_products_longlist.md,2026-10-04,Price + origin check at 3 distributors,"KILL: Chinese glands retail at 35-50 DZD; 3 parts x 6 sizes means about 12-18 tools including unscrewing cores, and the TPE seal is not stocked locally. Paper margin 65-75% before tooling, but about USD 100k+ of molds against 18-26 DZD ex-works means payback is poor."
OS-012,Cable gland locknut M16-M32 (contre-ecrou),Cable glands,Electrical,UNKNOWN,Panel builders (names UNKNOWN),UNKNOWN,UNKNOWN,UNKNOWN,UNKNOWN,No product-specific pain found online; Ouedkniss/Facebook/forums unreachable (fetch blocked),none_found,,UNKNOWN,UNKNOWN,UNKNOWN,UNKNOWN,UNKNOWN,,UNKNOWN,PA66,1.5,4,16,30.0,320x320x~250,44 (=4x16x1.15x0.5x1.2; shot PP-eq 24 g),Borderline 120T,2-plate 16 cav (internal thread via collapsible/unscrew),16,8000-12000 (ASSUMPTION),1.83 (resin 1.18 @750/kg ASSUMPTION + machine 0.65),UNKNOWN,UNKNOWN (no observed price),Med: engineering resin bought on order (no local stockist found),L,M,H,L,Fragmented,N,N,UNKNOWN,Lead time / availability vs imports (unproven),ASSUMPTION,research_notes/Algeria injection molding feasibility/import_products_longlist.md,2026-10-04,Price + origin check at 3 distributors,KILL: only sells with the gland; see OS-011. [Fit note: shot PP-eq below 45 g (add cavities or use 60-80 t press)]
OS-013,Enclosure knockout blanking plug 16-32 mm (bouchon obturateur),Cable glands,Electrical,UNKNOWN,Panel builders; enclosure makers (UNKNOWN),UNKNOWN,UNKNOWN,UNKNOWN,UNKNOWN,No product-specific pain found online; Ouedkniss/Facebook/forums unreachable (fetch blocked),none_found,,UNKNOWN,UNKNOWN,UNKNOWN,UNKNOWN,UNKNOWN,,UNKNOWN,LDPE,1.2,5,32,48.0,340x340x~250,66 (=5x32x1.15x0.3x1.2; shot PP-eq 47 g),Fits 120T confidently,2-plate 32 cav,14,4000-6000 (ASSUMPTION),0.66 (resin 0.38 @300/kg ASSUMPTION + machine 0.29),UNKNOWN,UNKNOWN (no observed price),Low,L,M,H,L,Fragmented,N,N,UNKNOWN,Lead time / availability vs imports (unproven),ASSUMPTION,research_notes/Algeria injection molding feasibility/import_products_longlist.md,2026-10-04,Price + origin check at 3 distributors,"INVESTIGATE (low): cheap tool, small market; bundle with OS-053 dust plugs."
OS-014,Trunking end cap 40x25 / 60x40 (embout goulotte),Trunking accessories,Electrical,UNKNOWN,"Channel: SOGEDIM, Mabricole, Assly, Elecmarket (online wholesalers, prior notes); electricians; El Eulma wholesale cluster (unverified)",UNKNOWN,UNKNOWN,UNKNOWN,UNKNOWN,No product-specific pain found online; Ouedkniss/Facebook/forums unreachable (fetch blocked),none_found,,UNKNOWN,UNKNOWN,UNKNOWN,UNKNOWN,UNKNOWN,,UNKNOWN,ABS,6,15,8,60.0,320x320x~250,75 (=15x8x1.15x0.45x1.2; shot PP-eq 51 g),Fits 120T confidently,2-plate 8 cav (family per trunking size),20,6000-9000 (ASSUMPTION),5.10 (resin 3.47 @550/kg ASSUMPTION + machine 1.63),UNKNOWN,UNKNOWN (no observed price),Low,L,M,H,L,Fragmented,Y (must match each trunking brand profile),Y,UNKNOWN,Lead time / availability vs imports (unproven),ASSUMPTION,research_notes/Algeria injection molding feasibility/import_products_longlist.md,2026-10-04,Price + origin check at 3 distributors,INVESTIGATE: fit depends on local trunking profile dimensions. Find the local trunking extruders and offer matching accessories. Rigid PVC injection needs corrosion-resistant screw: prefer ABS/PP.
OS-015,Trunking flat/inner/outer corner (angle goulotte),Trunking accessories,Electrical,UNKNOWN,"Channel: SOGEDIM, Mabricole, Assly, Elecmarket (online wholesalers, prior notes); electricians; El Eulma wholesale cluster (unverified)",UNKNOWN,UNKNOWN,UNKNOWN,UNKNOWN,No product-specific pain found online; Ouedkniss/Facebook/forums unreachable (fetch blocked),none_found,,UNKNOWN,UNKNOWN,UNKNOWN,UNKNOWN,UNKNOWN,,UNKNOWN,ABS,10,25,6,75.0,360x360x~300,93 (=25x6x1.15x0.45x1.2; shot PP-eq 64 g),Fits 120T confidently,2-plate 6 cav family,24,7000-10000 (ASSUMPTION),8.39 (resin 5.78 @550/kg ASSUMPTION + machine 2.61),UNKNOWN,UNKNOWN (no observed price),Low,L,M,H,L,Fragmented,Y,Y,UNKNOWN,Lead time / availability vs imports (unproven),ASSUMPTION,research_notes/Algeria injection molding feasibility/import_products_longlist.md,2026-10-04,Price + origin check at 3 distributors,INVESTIGATE: same logic as OS-014; value is in matching local extruders' profiles.
OS-016,Trunking T-junction,Trunking accessories,Electrical,UNKNOWN,"Channel: SOGEDIM, Mabricole, Assly, Elecmarket (online wholesalers, prior notes); electricians; El Eulma wholesale cluster (unverified)",UNKNOWN,UNKNOWN,UNKNOWN,UNKNOWN,No product-specific pain found online; Ouedkniss/Facebook/forums unreachable (fetch blocked),none_found,,UNKNOWN,UNKNOWN,UNKNOWN,UNKNOWN,UNKNOWN,,UNKNOWN,ABS,12,30,4,60.0,340x340x~250,75 (=30x4x1.15x0.45x1.2; shot PP-eq 51 g),Fits 120T confidently,2-plate 4 cav,26,7000-10000 (ASSUMPTION),11.18 (resin 6.93 @550/kg ASSUMPTION + machine 4.25),UNKNOWN,UNKNOWN (no observed price),Low,L,M,H,L,Fragmented,Y,Y,UNKNOWN,Lead time / availability vs imports (unproven),ASSUMPTION,research_notes/Algeria injection molding feasibility/import_products_longlist.md,2026-10-04,Price + origin check at 3 distributors,INVESTIGATE (low): lower volume than end caps.
OS-017,Clip-on cable markers 0-9 (reperes),Cable markers,Electrical,UNKNOWN,Panel builders (UNKNOWN),UNKNOWN,UNKNOWN,UNKNOWN,UNKNOWN,No product-specific pain found online; Ouedkniss/Facebook/forums unreachable (fetch blocked),none_found,,UNKNOWN,UNKNOWN,UNKNOWN,UNKNOWN,UNKNOWN,,UNKNOWN,PA66,0.15,0.6,64,12.0,300x300x~250,26 (=0.6x64x1.15x0.5x1.2; shot PP-eq 9 g),Borderline 120T,64 cav micro,12,10000-15000 (ASSUMPTION),0.24 (resin 0.12 @750/kg ASSUMPTION + machine 0.12),UNKNOWN,UNKNOWN (no observed price),Med: engineering resin bought on order (no local stockist found),L,M (printing),H,L,Fragmented,N,N,UNKNOWN,Lead time / availability vs imports (unproven),ASSUMPTION,research_notes/Algeria injection molding feasibility/import_products_longlist.md,2026-10-04,Price + origin check at 3 distributors,KILL: shot far too small for 120 t (better on 30-60 t); printing step; niche volume. [Fit note: shot PP-eq below 45 g (add cavities or use 60-80 t press)]
OS-018,DIN-rail end stop (butee),Panel parts,Electrical,UNKNOWN,Panel builders; SAIEG Oran (switchboards per Sonelgaz),UNKNOWN,UNKNOWN,UNKNOWN,UNKNOWN,No product-specific pain found online; Ouedkniss/Facebook/forums unreachable (fetch blocked),none_found,,UNKNOWN,UNKNOWN,UNKNOWN,UNKNOWN,UNKNOWN,,UNKNOWN,PA66,4,4,16,80.0,340x340x~250,44 (=4x16x1.15x0.5x1.2; shot PP-eq 63 g),Fits 120T confidently,2-plate 16 cav,18,7000-10000 (ASSUMPTION),3.89 (resin 3.15 @750/kg ASSUMPTION + machine 0.74),UNKNOWN,UNKNOWN (no observed price),Med: engineering resin bought on order (no local stockist found),L,M,H,L,Fragmented,N,N,UNKNOWN,Lead time / availability vs imports (unproven),ASSUMPTION,https://algerie-eco.com/2026/08/12/sonelgaz-signature-de-deux-accords-pour-la-fabrication-locale-dequipements-electriques/,2026-10-04,Price + origin check at 3 distributors,INVESTIGATE (low): small market; useful only as part of a panel-builder kit.
OS-019,Terminal block housing (bornier) PA66 V0,Panel parts,Electrical,UNKNOWN,UNKNOWN,UNKNOWN,UNKNOWN,UNKNOWN,UNKNOWN,No product-specific pain found online; Ouedkniss/Facebook/forums unreachable (fetch blocked),none_found,,UNKNOWN,UNKNOWN,UNKNOWN,UNKNOWN,UNKNOWN,,UNKNOWN,PA66,5,3,8,50.0,300x300x~250,17 (=3x8x1.15x0.5x1.2; shot PP-eq 39 g),Borderline 120T,precision 8 cav,20,15000-25000 (ASSUMPTION),5.57 (resin 3.94 @750/kg ASSUMPTION + machine 1.63),UNKNOWN,UNKNOWN (no observed price),Med: engineering resin bought on order (no local stockist found),"M-H (IEC 60947-7-1, UL94 V0)",H,H,L,Fragmented,N,N,UNKNOWN,Lead time / availability vs imports (unproven),ASSUMPTION,research_notes/Algeria injection molding feasibility/import_products_longlist.md,2026-10-04,Price + origin check at 3 distributors,"KILL: V0 resin, metal clamp parts, certification; brand-driven market. [Fit note: shot PP-eq below 45 g (add cavities or use 60-80 t press)]"
OS-020,Surface IP55 junction box 80x80 with lid (boite de derivation),Small housings,Electrical,UNKNOWN,"Channel: SOGEDIM, Mabricole, Assly, Elecmarket (online wholesalers, prior notes); electricians; El Eulma wholesale cluster (unverified)",HAOUAS (local) and FAMATEL (Spain) on SOGEDIM,Local + imported,Both,"Algeria, Spain",No product-specific pain found online; Ouedkniss/Facebook/forums unreachable (fetch blocked),none_found,,UNKNOWN,UNKNOWN,UNKNOWN,UNKNOWN,UNKNOWN,https://sogedim.net/product/boite-etanche-electrique-80x80-mm/,UNKNOWN,PP,45,64,2,112.5,360x360x~300,53 (=64x2x1.15x0.3x1.2; shot PP-eq 112 g),Fits 120T confidently,"2 cav (box+lid family), knockouts",32,12000-18000 (ASSUMPTION),24.63 (resin 14.18 @300/kg ASSUMPTION + machine 10.46),UNKNOWN,UNKNOWN (no observed price),Low,L,M,H,L,Fragmented,N,N,Yes - HAOUAS brand; Boumerdes Ouedkniss ad for flush boxes (prior notes),Lead time / availability vs imports (unproven),ASSUMPTION,research_notes/Algeria injection molding feasibility/import_products_longlist.md,2026-10-04,Price + origin check at 3 distributors,INVESTIGATE (low): fits (clamp ~53 t) but local HAOUAS already on shelf. Only as private label for a distributor.
OS-021,Junction box 100x100 / 150x110,Small housings,Electrical,UNKNOWN,"Channel: SOGEDIM, Mabricole, Assly, Elecmarket (online wholesalers, prior notes); electricians; El Eulma wholesale cluster (unverified)",UNKNOWN,UNKNOWN,UNKNOWN,UNKNOWN,No product-specific pain found online; Ouedkniss/Facebook/forums unreachable (fetch blocked),none_found,,UNKNOWN,UNKNOWN,UNKNOWN,UNKNOWN,UNKNOWN,,UNKNOWN,PP,110,165,1,137.5,400x360x~300,68 (=165x1x1.15x0.3x1.2; shot PP-eq 138 g),Fits 120T confidently,1 cav + lid tool,40,12000-18000 (ASSUMPTION),60.79 (resin 34.65 @300/kg ASSUMPTION + machine 26.14),UNKNOWN,UNKNOWN (no observed price),Low,L,M,H,L,Fragmented,N,N,Likely HAOUAS (prior notes),Lead time / availability vs imports (unproven),ASSUMPTION,research_notes/Algeria injection molding feasibility/import_products_longlist.md,2026-10-04,Price + origin check at 3 distributors,INVESTIGATE (low): computes to ~68 t in PP for 150x110 (deep box: check mold height and ejection); local competition.
OS-022,Flush wall box single 65 mm (boite d'encastrement),Small housings,Electrical,UNKNOWN,"Channel: SOGEDIM, Mabricole, Assly, Elecmarket (online wholesalers, prior notes); electricians; El Eulma wholesale cluster (unverified); building contractors",UNKNOWN,UNKNOWN,UNKNOWN,UNKNOWN,No product-specific pain found online; Ouedkniss/Facebook/forums unreachable (fetch blocked),none_found,,UNKNOWN,UNKNOWN,UNKNOWN,UNKNOWN,UNKNOWN,,UNKNOWN,PP,28,33,4,140.0,380x380x~300,55 (=33x4x1.15x0.3x1.2; shot PP-eq 140 g),Fits 120T confidently,4 cav,28,10000-15000 (ASSUMPTION),13.40 (resin 8.82 @300/kg ASSUMPTION + machine 4.58),UNKNOWN,UNKNOWN (no observed price),Low,M (IEC 60670 glow-wire if certified),M,H,L,Fragmented,N,N,Yes - HAOUAS; Boumerdes ad 'fabrication de boite d'encastrement' (prior notes),Lead time / availability vs imports (unproven),ASSUMPTION,research_notes/Algeria injection molding feasibility/import_products_longlist.md,2026-10-04,Price + origin check at 3 distributors,KILL as lead: local makers exist and shelf is contested; also covered by construction researcher.
OS-023,Distribution board enclosure 8-12 modules (coffret),Small housings,Electrical,UNKNOWN,"Channel: SOGEDIM, Mabricole, Assly, Elecmarket (online wholesalers, prior notes); electricians; El Eulma wholesale cluster (unverified)",UNKNOWN,UNKNOWN,UNKNOWN,UNKNOWN,No product-specific pain found online; Ouedkniss/Facebook/forums unreachable (fetch blocked),none_found,,UNKNOWN,UNKNOWN,UNKNOWN,UNKNOWN,UNKNOWN,,UNKNOWN,ABS,450,600,1,562.5,550x450x~300,373 (=600x1x1.15x0.45x1.2; shot PP-eq 482 g),Requires larger injection press,1 cav large,55,25000-40000 (ASSUMPTION),295.82 (resin 259.88 @550/kg ASSUMPTION + machine 35.95),UNKNOWN,UNKNOWN (no observed price),Low,L,M,H,L,Fragmented,N,N,UNKNOWN,Lead time / availability vs imports (unproven),ASSUMPTION,research_notes/Algeria injection molding feasibility/import_products_longlist.md,2026-10-04,Price + origin check at 3 distributors,FUTURE MACHINE: clamp ~373 t computed; needs 350-450 t press. [Fit note: clamp 373 t > 125; shot PP-eq 482 g > 230; mold 550 mm > 410 tie-bar]
OS-024,Electricity meter terminal cover / window (cache-bornes),Utility parts,Electrical,UNKNOWN,"SAIEG (ex-AMC, El Eulma) - meters made in-house",SAIEG in-house (meters and meter spares exported to Tunisia),Local captive,Local,UNKNOWN,No product-specific pain found online; Ouedkniss/Facebook/forums unreachable (fetch blocked),none_found,,UNKNOWN,UNKNOWN,UNKNOWN,UNKNOWN,UNKNOWN,,UNKNOWN,PC,60,120,1,75.0,380x380x~300,91 (=120x1x1.15x0.55x1.2; shot PP-eq 56 g),Fits 120T confidently,1 cav,35,15000-25000 (ASSUMPTION),79.58 (resin 56.70 @900/kg ASSUMPTION + machine 22.88),UNKNOWN,UNKNOWN (no observed price),Med: engineering resin bought on order (no local stockist found),H (utility approval),M,H,L,Fragmented,N,N,Captive (SAIEG),Lead time / availability vs imports (unproven),ASSUMPTION,https://news.radioalgerie.dz/fr/node/52006 ; https://algerie-eco.com/2026/08/12/sonelgaz-signature-de-deux-accords-pour-la-fabrication-locale-dequipements-electriques/,2026-10-04,Price + origin check at 3 distributors,KILL: Sonelgaz subsidiary SAIEG makes meters and meter spares itself; utility qualification.
OS-025,Cable end cap for power cable (bouchon d'extremite),Cable maker consumables,Electrical,UNKNOWN,"ENICAB (Biskra, ~20,000 t/yr copper cable), ENEL, private cable makers",UNKNOWN,UNKNOWN,UNKNOWN,UNKNOWN,No pain found; GPI (state) lists cable-industry components in its scope,none_found,https://www.algerie360.com/gpi-tissemsilt-pieces-plastiques-industrie-auto/,UNKNOWN,UNKNOWN,UNKNOWN,UNKNOWN,UNKNOWN,,UNKNOWN,LDPE,6,12,8,60.0,340x340x~250,40 (=12x8x1.15x0.3x1.2; shot PP-eq 59 g),Fits 120T confidently,2-plate 8 cav per size,18,6000-9000 per size (ASSUMPTION),3.36 (resin 1.89 @300/kg ASSUMPTION + machine 1.47),UNKNOWN,UNKNOWN (no observed price),Low,L,M,H,L,Fragmented,Y (cable OD),Y,GPI lists cable-industry components in scope,Lead time / availability vs imports (unproven),ASSUMPTION,https://www.dzair-tube.dz/en/enicab-boosts-rail-sector-with-2000-tons-of-annual-cable-production-eyes-regional-export-expansion,2026-10-04,Price + origin check at 3 distributors,"INVESTIGATE: call ENICAB purchasing for cap/drum consumable list, current origin and price. Often heat-shrink caps are used instead, which is not an injection job."
OS-026,Small wire spool/bobbin Ø150-300 (touret),Cable maker consumables,Electrical,UNKNOWN,"ENICAB, wire drawers (UNKNOWN)",UNKNOWN,UNKNOWN,UNKNOWN,UNKNOWN,No product-specific pain found online; Ouedkniss/Facebook/forums unreachable (fetch blocked),none_found,,UNKNOWN,UNKNOWN,UNKNOWN,UNKNOWN,UNKNOWN,,UNKNOWN,PS,250,500,1,312.5,450x450x~300,310 (=500x1x1.15x0.45x1.2; shot PP-eq 268 g),Requires larger injection press,1 cav or 2-piece flange,45,15000-25000 (ASSUMPTION),134.41 (resin 105.00 @400/kg ASSUMPTION + machine 29.41),UNKNOWN,UNKNOWN (no observed price),Low,L,M,H,L,Fragmented,N,N,UNKNOWN,Lead time / availability vs imports (unproven),ASSUMPTION,https://www.dzair-tube.dz/en/enicab-boosts-rail-sector-with-2000-tons-of-annual-cable-production-eyes-regional-export-expansion,2026-10-04,Price + origin check at 3 distributors,FUTURE MACHINE: flange Ø250+ gives clamp >125 t; split-flange design on 160-250 t. [Fit note: clamp 310 t > 125; shot PP-eq 268 g > 230; mold 450 mm > 410 tie-bar]
OS-027,Lamp holder E27 shell (douille),Lighting parts,Electrical,UNKNOWN,UNKNOWN,UNKNOWN,UNKNOWN,UNKNOWN,UNKNOWN,No product-specific pain found online; Ouedkniss/Facebook/forums unreachable (fetch blocked),none_found,,UNKNOWN,UNKNOWN,UNKNOWN,UNKNOWN,UNKNOWN,,UNKNOWN,PBT,12,12,4,60.0,320x320x~250,33 (=12x4x1.15x0.5x1.2; shot PP-eq 41 g),Borderline 120T,unscrewing 4 cav,25,12000-18000 (ASSUMPTION),15.42 (resin 11.34 @900/kg ASSUMPTION + machine 4.08),UNKNOWN,UNKNOWN (no observed price),Med: engineering resin bought on order (no local stockist found),M-H (IEC 60238 heat),M,H,L,Fragmented,N,N,UNKNOWN,Lead time / availability vs imports (unproven),ASSUMPTION,research_notes/Algeria injection molding feasibility/import_products_longlist.md,2026-10-04,Price + origin check at 3 distributors,"KILL: heat-rated resin, certification, assembler buyers not identified. [Fit note: shot PP-eq below 45 g (add cavities or use 60-80 t press)]"
OS-028,Surface socket/switch box 1-gang (boitier saillie),Small housings,Electrical,UNKNOWN,"Channel: SOGEDIM, Mabricole, Assly, Elecmarket (online wholesalers, prior notes); electricians; El Eulma wholesale cluster (unverified)",UNKNOWN,UNKNOWN,UNKNOWN,UNKNOWN,No product-specific pain found online; Ouedkniss/Facebook/forums unreachable (fetch blocked),none_found,,UNKNOWN,UNKNOWN,UNKNOWN,UNKNOWN,UNKNOWN,,UNKNOWN,PP,22,50,2,55.0,360x360x~300,41 (=50x2x1.15x0.3x1.2; shot PP-eq 55 g),Fits 120T confidently,2 cav,28,9000-14000 (ASSUMPTION),16.08 (resin 6.93 @300/kg ASSUMPTION + machine 9.15),UNKNOWN,UNKNOWN (no observed price),Low,L,M,H,L,Fragmented,N,N,Likely HAOUAS / Ingelec-type imports,Lead time / availability vs imports (unproven),ASSUMPTION,research_notes/Algeria injection molding feasibility/import_products_longlist.md,2026-10-04,Price + origin check at 3 distributors,KILL as lead: contested by local box makers; no pain.
OS-029,Grommet / cable pass-through membrane (passe-cable),Cable glands,Electrical,UNKNOWN,"Panel builders, appliance OEMs (UNKNOWN)",UNKNOWN,UNKNOWN,UNKNOWN,UNKNOWN,No product-specific pain found online; Ouedkniss/Facebook/forums unreachable (fetch blocked),none_found,,UNKNOWN,UNKNOWN,UNKNOWN,UNKNOWN,UNKNOWN,,UNKNOWN,LDPE,2,6,24,60.0,340x340x~250,60 (=6x24x1.15x0.3x1.2; shot PP-eq 59 g),Fits 120T confidently,2-plate 24 cav,15,5000-8000 (ASSUMPTION),1.04 (resin 0.63 @300/kg ASSUMPTION + machine 0.41),UNKNOWN,UNKNOWN (no observed price),Low,L,M,H,L,Fragmented,N,N,UNKNOWN,Lead time / availability vs imports (unproven),ASSUMPTION,research_notes/Algeria injection molding feasibility/import_products_longlist.md,2026-10-04,Price + origin check at 3 distributors,INVESTIGATE (low): LDPE version feasible; TPE version needs a stockist (none found).
OS-030,Gas cooker knob (bouton cuisiniere),Appliance knobs,Appliances/HVAC,UNKNOWN,"ENIEM (Tizi Ouzou), Geant (BBA), Samha/Samsung (Setif), Condor (BBA), Iris (Setif); repairers/spare-part shops",UNKNOWN,OEM in-house/Chinese CKD (UNKNOWN),UNKNOWN,UNKNOWN,ENIEM: CKD AC start slipped Aug->Dec 2024 (admin + Red Sea logistics); earlier stoppages for raw-material stockouts,import_delay,https://www.algerie-eco.com/2024/11/21/leniem-a-signe-des-accords-avec-deux-entreprises-chinoise-et-turque/,"VERIFIED (OEM-level, not this part)",UNKNOWN,UNKNOWN,UNKNOWN,UNKNOWN,,UNKNOWN,PBT,15,12,4,75.0,340x340x~250,33 (=12x4x1.15x0.5x1.2; shot PP-eq 52 g),Fits 120T confidently,"4 cav, D-shaft insert",30,8000-12000 (ASSUMPTION),19.08 (resin 14.18 @900/kg ASSUMPTION + machine 4.90),UNKNOWN,UNKNOWN (no observed price),Med: engineering resin bought on order (no local stockist found),L-M,"M (heat, cosmetic)",H,L,Fragmented,N,Y (each OEM/model),UNKNOWN,Lead time / availability vs imports (unproven),ASSUMPTION,https://www.algerie-eco.com/2024/11/21/leniem-a-signe-des-accords-avec-deux-entreprises-chinoise-et-turque/ ; https://algerie-eco.com/2026/07/14/condor-present-sur-18-marches-et-realise-50-des-exportations-algeriennes-en-electromenager/,2026-10-04,Price + origin check at 3 distributors,INVESTIGATE: aftermarket knobs are a fragmented spare business; OEM supply needs integration-manager contact. ENIEM payment risk: advance payment only.
OS-031,Washing-machine programme knob,Appliance knobs,Appliances/HVAC,UNKNOWN,"ENIEM (Tizi Ouzou), Geant (BBA), Samha/Samsung (Setif), Condor (BBA), Iris (Setif); repairers/spare-part shops",UNKNOWN,UNKNOWN,UNKNOWN,UNKNOWN,No product-specific pain found online; Ouedkniss/Facebook/forums unreachable (fetch blocked),none_found,,UNKNOWN,UNKNOWN,UNKNOWN,UNKNOWN,UNKNOWN,,UNKNOWN,ABS,18,20,4,90.0,340x340x~250,50 (=20x4x1.15x0.45x1.2; shot PP-eq 77 g),Fits 120T confidently,4 cav,28,8000-12000 (ASSUMPTION),14.97 (resin 10.40 @550/kg ASSUMPTION + machine 4.58),UNKNOWN,UNKNOWN (no observed price),Low,L,M,H,L,Fragmented,N,Y,UNKNOWN,Lead time / availability vs imports (unproven),ASSUMPTION,research_notes/Algeria injection molding feasibility/import_products_longlist.md,2026-10-04,Price + origin check at 3 distributors,INVESTIGATE (low): model-specific; check whether Samha/Iris import knobs in CKD kits.
OS-032,Appliance levelling foot M8/M10 (pied reglable),Appliance feet,Appliances/HVAC,UNKNOWN,"ENIEM (Tizi Ouzou), Geant (BBA), Samha/Samsung (Setif), Condor (BBA), Iris (Setif); repairers/spare-part shops; furniture makers",UNKNOWN,UNKNOWN,UNKNOWN,UNKNOWN,No product-specific pain found online; Ouedkniss/Facebook/forums unreachable (fetch blocked),none_found,,UNKNOWN,UNKNOWN,UNKNOWN,UNKNOWN,UNKNOWN,,UNKNOWN,PP,12,9,8,120.0,340x340x~250,30 (=9x8x1.15x0.3x1.2; shot PP-eq 120 g),Fits 120T confidently,"8 cav, insert-moulded or threaded",22,7000-11000 (ASSUMPTION),9.58 (resin 3.78 @300/kg ASSUMPTION + machine 1.80 + bought-in 4.00),UNKNOWN,UNKNOWN (no observed price),Low,L,M,H,L,Fragmented,N,N,UNKNOWN,Lead time / availability vs imports (unproven),ASSUMPTION,https://www.dzair-tube.dz/en/geant-electronics-expands-production-with-two-new-units-for-air-conditioners-and-refrigerators-in-january ; https://algerie-eco.com/?p=183402,2026-10-04,Price + origin check at 3 distributors,INVESTIGATE: generic across fridges/washers; ask Geant/Samha integration managers. Bolt cost ASSUMED 4 DZD.
OS-033,Fridge front roller / foot,Appliance feet,Appliances/HVAC,UNKNOWN,"ENIEM (Tizi Ouzou), Geant (BBA), Samha/Samsung (Setif), Condor (BBA), Iris (Setif); repairers/spare-part shops",UNKNOWN,UNKNOWN,UNKNOWN,UNKNOWN,No product-specific pain found online; Ouedkniss/Facebook/forums unreachable (fetch blocked),none_found,,UNKNOWN,UNKNOWN,UNKNOWN,UNKNOWN,UNKNOWN,,UNKNOWN,POM,6,5,12,90.0,340x340x~250,41 (=5x12x1.15x0.5x1.2; shot PP-eq 57 g),Fits 120T confidently,12 cav,20,6000-9000 (ASSUMPTION),5.81 (resin 4.73 @750/kg ASSUMPTION + machine 1.09),UNKNOWN,UNKNOWN (no observed price),Med: engineering resin bought on order (no local stockist found),L,M,H,L,Fragmented,N,N,UNKNOWN,Lead time / availability vs imports (unproven),ASSUMPTION,research_notes/Algeria injection molding feasibility/import_products_longlist.md,2026-10-04,Price + origin check at 3 distributors,INVESTIGATE (low): POM not stocked locally (resin notes).
OS-034,Fridge door bin (balconnet),Appliance interior,Appliances/HVAC,UNKNOWN,"ENIEM (Tizi Ouzou), Geant (BBA), Samha/Samsung (Setif), Condor (BBA), Iris (Setif); repairers/spare-part shops",UNKNOWN,UNKNOWN,UNKNOWN,UNKNOWN,No product-specific pain found online; Ouedkniss/Facebook/forums unreachable (fetch blocked),none_found,,UNKNOWN,UNKNOWN,UNKNOWN,UNKNOWN,UNKNOWN,,UNKNOWN,PS,180,450,1,225.0,500x400x~300,279 (=450x1x1.15x0.45x1.2; shot PP-eq 193 g),Requires larger injection press,1 cav large,45,25000-40000 (ASSUMPTION),105.01 (resin 75.60 @400/kg ASSUMPTION + machine 29.41),UNKNOWN,UNKNOWN (no observed price),Low,L,M,H,L,Fragmented,N,N,Condor in-house (100% fridge claim),Lead time / availability vs imports (unproven),ASSUMPTION,https://algerie-eco.com/2026/07/14/condor-present-sur-18-marches-et-realise-50-des-exportations-algeriennes-en-electromenager/,2026-10-04,Price + origin check at 3 distributors,FUTURE MACHINE: clamp ~280 t; OEM captive at Condor. [Fit note: clamp 279 t > 125; mold 500 mm > 410 tie-bar]
OS-035,Fridge shelf trim / glass-shelf end profile,Appliance interior,Appliances/HVAC,UNKNOWN,"ENIEM (Tizi Ouzou), Geant (BBA), Samha/Samsung (Setif), Condor (BBA), Iris (Setif); repairers/spare-part shops",UNKNOWN,UNKNOWN,UNKNOWN,UNKNOWN,No product-specific pain found online; Ouedkniss/Facebook/forums unreachable (fetch blocked),none_found,,UNKNOWN,UNKNOWN,UNKNOWN,UNKNOWN,UNKNOWN,,UNKNOWN,ABS,20,40,2,50.0,400x300x~300,50 (=40x2x1.15x0.45x1.2; shot PP-eq 43 g),Borderline 120T,2 cav,28,8000-12000 (ASSUMPTION),20.70 (resin 11.55 @550/kg ASSUMPTION + machine 9.15),UNKNOWN,UNKNOWN (no observed price),Low,L,M,H,L,Fragmented,N,Y (model-specific),UNKNOWN,Lead time / availability vs imports (unproven),ASSUMPTION,research_notes/Algeria injection molding feasibility/import_products_longlist.md,2026-10-04,Price + origin check at 3 distributors,"INVESTIGATE (low): model-specific, OEMs likely in-house. [Fit note: shot PP-eq below 45 g (add cavities or use 60-80 t press)]"
OS-036,Fridge thermostat knob / lamp cover,Appliance knobs,Appliances/HVAC,UNKNOWN,"ENIEM (Tizi Ouzou), Geant (BBA), Samha/Samsung (Setif), Condor (BBA), Iris (Setif); repairers/spare-part shops",UNKNOWN,UNKNOWN,UNKNOWN,UNKNOWN,No product-specific pain found online; Ouedkniss/Facebook/forums unreachable (fetch blocked),none_found,,UNKNOWN,UNKNOWN,UNKNOWN,UNKNOWN,UNKNOWN,,UNKNOWN,PS,5,8,12,75.0,340x340x~250,60 (=8x12x1.15x0.45x1.2; shot PP-eq 64 g),Fits 120T confidently,12 cav,20,6000-9000 (ASSUMPTION),3.19 (resin 2.10 @400/kg ASSUMPTION + machine 1.09),UNKNOWN,UNKNOWN (no observed price),Low,L,M,H,L,Fragmented,N,N,UNKNOWN,Lead time / availability vs imports (unproven),ASSUMPTION,research_notes/Algeria injection molding feasibility/import_products_longlist.md,2026-10-04,Price + origin check at 3 distributors,"INVESTIGATE (low): aftermarket only; shot ~50 g, OK."
OS-037,Washing-machine drain-pump filter cap (bouchon filtre),Appliance spares,Appliances/HVAC,UNKNOWN,"ENIEM (Tizi Ouzou), Geant (BBA), Samha/Samsung (Setif), Condor (BBA), Iris (Setif); repairers/spare-part shops; repair shops",UNKNOWN,UNKNOWN,UNKNOWN,UNKNOWN,No product-specific pain found online; Ouedkniss/Facebook/forums unreachable (fetch blocked),none_found,,UNKNOWN,UNKNOWN,UNKNOWN,UNKNOWN,UNKNOWN,,UNKNOWN,PP,25,25,2,62.5,340x340x~250,21 (=25x2x1.15x0.3x1.2; shot PP-eq 62 g),Fits 120T confidently,unscrewing 2 cav,32,12000-16000 (ASSUMPTION),18.33 (resin 7.88 @300/kg ASSUMPTION + machine 10.46),UNKNOWN,UNKNOWN (no observed price),Low,L,M,H,L,Fragmented,N,Y (each pump model),UNKNOWN,Lead time / availability vs imports (unproven),ASSUMPTION,research_notes/Algeria injection molding feasibility/import_products_longlist.md,2026-10-04,Price + origin check at 3 distributors,INVESTIGATE: classic lost/broken spare; needs Ouedkniss spare-part price check. Model fragmentation is the risk.
OS-038,Washing-machine detergent drawer,Appliance spares,Appliances/HVAC,UNKNOWN,"ENIEM (Tizi Ouzou), Geant (BBA), Samha/Samsung (Setif), Condor (BBA), Iris (Setif); repairers/spare-part shops",UNKNOWN,UNKNOWN,UNKNOWN,UNKNOWN,No product-specific pain found online; Ouedkniss/Facebook/forums unreachable (fetch blocked),none_found,,UNKNOWN,UNKNOWN,UNKNOWN,UNKNOWN,UNKNOWN,,UNKNOWN,PP,150,300,1,187.5,450x350x~300,124 (=300x1x1.15x0.3x1.2; shot PP-eq 188 g),Requires larger injection press,"1 cav, slides",40,20000-30000 (ASSUMPTION),73.39 (resin 47.25 @300/kg ASSUMPTION + machine 26.14),UNKNOWN,UNKNOWN (no observed price),Low,L,M,H,L,Fragmented,N,N,UNKNOWN,Lead time / availability vs imports (unproven),ASSUMPTION,research_notes/Algeria injection molding feasibility/import_products_longlist.md,2026-10-04,Price + origin check at 3 distributors,FUTURE MACHINE: clamp ~124-186 t depending on wall; model-specific. KILL for 120 t. [Fit note: mold 450 mm > 410 tie-bar]
OS-039,Split-AC condensate drain elbow/adaptor 16-20 mm,HVAC fittings,Appliances/HVAC,UNKNOWN,"AC installers; Condor-Hisense (2M ACs/yr planned), Geant AC unit, Samha (AC integration 30-40%), ENIEM (CKD ACs)",UNKNOWN,UNKNOWN,UNKNOWN,UNKNOWN,No product-specific pain found online; Ouedkniss/Facebook/forums unreachable (fetch blocked),none_found,,UNKNOWN,Seasonal peak (summer installs),UNKNOWN,UNKNOWN,UNKNOWN,,UNKNOWN,PP,5,6,8,50.0,320x320x~250,20 (=6x8x1.15x0.3x1.2; shot PP-eq 50 g),Fits 120T confidently,"8 cav, core pull",18,7000-10000 (ASSUMPTION),3.05 (resin 1.57 @300/kg ASSUMPTION + machine 1.47),UNKNOWN,UNKNOWN (no observed price),Low,L,M,H,L,Fragmented,N,N,UNKNOWN,Lead time / availability vs imports (unproven),ASSUMPTION,https://algerie-eco.com/?p=211059 ; https://algerie-eco.com/?p=183402 ; https://www.algerie-eco.com/2024/11/21/leniem-a-signe-des-accords-avec-deux-entreprises-chinoise-et-turque/,2026-10-04,Price + origin check at 3 distributors,INVESTIGATE: OEM local-integration target at Samha is low (30-40%) so many small AC plastics are imported in kits; ask which plastics are still in CKD.
OS-040,AC wall-pass sleeve & cover ring Ø65-80 (fourreau / rosace),HVAC fittings,Appliances/HVAC,UNKNOWN,"AC installers, HVAC distributors (UNKNOWN)",UNKNOWN,UNKNOWN,UNKNOWN,UNKNOWN,No product-specific pain found online; Ouedkniss/Facebook/forums unreachable (fetch blocked),none_found,,UNKNOWN,Seasonal,UNKNOWN,UNKNOWN,UNKNOWN,,UNKNOWN,PP,20,50,2,50.0,340x340x~250,41 (=50x2x1.15x0.3x1.2; shot PP-eq 50 g),Fits 120T confidently,2 cav,25,7000-10000 (ASSUMPTION),14.47 (resin 6.30 @300/kg ASSUMPTION + machine 8.17),UNKNOWN,UNKNOWN (no observed price),Low,L,M,H,L,Fragmented,N,N,UNKNOWN,Lead time / availability vs imports (unproven),ASSUMPTION,research_notes/Algeria injection molding feasibility/import_products_longlist.md,2026-10-04,Price + origin check at 3 distributors,INVESTIGATE: installer consumable; no price found.
OS-041,AC line-set cover duct (goulotte clim) straight lengths,HVAC fittings,Appliances/HVAC,UNKNOWN,AC installers,UNKNOWN,UNKNOWN,UNKNOWN,UNKNOWN,No product-specific pain found online; Ouedkniss/Facebook/forums unreachable (fetch blocked),none_found,,UNKNOWN,UNKNOWN,UNKNOWN,UNKNOWN,UNKNOWN,,UNKNOWN,PVC,UNKNOWN,n/a,n/a,n/a,n/a,n/a,Requires extrusion,extrusion die,n/a,UNKNOWN,n/a,UNKNOWN,n/a,Low,L,M,H,L,Fragmented,N,N,UNKNOWN,Lead time / availability vs imports (unproven),ASSUMPTION,research_notes/Algeria injection molding feasibility/import_products_longlist.md,2026-10-04,Price + origin check at 3 distributors,FUTURE MACHINE (extrusion). Its injection accessories are OS-042.
OS-042,"AC line-set duct accessories: wall end, elbow, coupler",HVAC fittings,Appliances/HVAC,UNKNOWN,AC installers; duct importers,UNKNOWN,UNKNOWN,UNKNOWN,UNKNOWN,No product-specific pain found online; Ouedkniss/Facebook/forums unreachable (fetch blocked),none_found,,UNKNOWN,UNKNOWN,UNKNOWN,UNKNOWN,UNKNOWN,,UNKNOWN,PP,15,35,4,75.0,360x360x~300,58 (=35x4x1.15x0.3x1.2; shot PP-eq 75 g),Fits 120T confidently,4 cav family,25,8000-12000 (ASSUMPTION),8.81 (resin 4.72 @300/kg ASSUMPTION + machine 4.08),UNKNOWN,UNKNOWN (no observed price),Low,L,M,H,L,Fragmented,Y (match duct profile),Y,UNKNOWN,Lead time / availability vs imports (unproven),ASSUMPTION,research_notes/Algeria injection molding feasibility/import_products_longlist.md,2026-10-04,Price + origin check at 3 distributors,INVESTIGATE: only valuable if a local duct extruder exists to partner with (UNKNOWN).
OS-043,AC outdoor-unit anti-vibration pad,HVAC fittings,Appliances/HVAC,UNKNOWN,AC installers,UNKNOWN,UNKNOWN,UNKNOWN,UNKNOWN,No product-specific pain found online; Ouedkniss/Facebook/forums unreachable (fetch blocked),none_found,,UNKNOWN,UNKNOWN,UNKNOWN,UNKNOWN,UNKNOWN,,UNKNOWN,PP,60,60,1,75.0,300x300x~250,25 (=60x1x1.15x0.3x1.2; shot PP-eq 75 g),Fits 120T confidently,1 cav,30,5000-7000 (ASSUMPTION),38.51 (resin 18.90 @300/kg ASSUMPTION + machine 19.61),UNKNOWN,UNKNOWN (no observed price),Low,L,M,H,L,Fragmented,N,N,UNKNOWN,Lead time / availability vs imports (unproven),ASSUMPTION,research_notes/Algeria injection molding feasibility/import_products_longlist.md,2026-10-04,Price + origin check at 3 distributors,KILL: rubber/TPE product in practice; PP version has no damping value.
OS-044,AC remote holder / wall bracket,Appliance accessories,Appliances/HVAC,UNKNOWN,AC OEMs (packed in box),UNKNOWN,UNKNOWN,UNKNOWN,UNKNOWN,No product-specific pain found online; Ouedkniss/Facebook/forums unreachable (fetch blocked),none_found,,UNKNOWN,UNKNOWN,UNKNOWN,UNKNOWN,UNKNOWN,,UNKNOWN,ABS,12,30,2,30.0,300x300x~250,37 (=30x2x1.15x0.45x1.2; shot PP-eq 26 g),Borderline 120T,2 cav,25,5000-8000 (ASSUMPTION),15.10 (resin 6.93 @550/kg ASSUMPTION + machine 8.17),UNKNOWN,UNKNOWN (no observed price),Low,L,M,H,L,Fragmented,N,N,UNKNOWN,Lead time / availability vs imports (unproven),ASSUMPTION,research_notes/Algeria injection molding feasibility/import_products_longlist.md,2026-10-04,Price + origin check at 3 distributors,KILL: OEMs receive it in CKD kit; low value. [Fit note: shot PP-eq below 45 g (add cavities or use 60-80 t press)]
OS-045,Water heater / gas heater knob and cover clips,Appliance knobs,Appliances/HVAC,UNKNOWN,"ENIEM (heaters with Turkish partner, >60% integration target)",UNKNOWN,UNKNOWN,UNKNOWN,UNKNOWN,No product-specific pain found online; Ouedkniss/Facebook/forums unreachable (fetch blocked),none_found,,UNKNOWN,UNKNOWN,UNKNOWN,UNKNOWN,UNKNOWN,,UNKNOWN,PBT,12,10,6,90.0,340x340x~250,41 (=10x6x1.15x0.5x1.2; shot PP-eq 62 g),Fits 120T confidently,6 cav,28,8000-12000 (ASSUMPTION),14.39 (resin 11.34 @900/kg ASSUMPTION + machine 3.05),UNKNOWN,UNKNOWN (no observed price),Med: engineering resin bought on order (no local stockist found),L,M,H,L,Fragmented,N,Y,UNKNOWN,Lead time / availability vs imports (unproven),ASSUMPTION,https://www.algerie-eco.com/2024/11/21/leniem-a-signe-des-accords-avec-deux-entreprises-chinoise-et-turque/,2026-10-04,Price + origin check at 3 distributors,INVESTIGATE (low): ENIEM heater integration plan is the only named pull; payment risk high.
OS-046,Appliance cable strain-relief clamp (serre-cable),Appliance OEM parts,Appliances/HVAC,UNKNOWN,"ENIEM (Tizi Ouzou), Geant (BBA), Samha/Samsung (Setif), Condor (BBA), Iris (Setif); repairers/spare-part shops",UNKNOWN,UNKNOWN,UNKNOWN,UNKNOWN,No product-specific pain found online; Ouedkniss/Facebook/forums unreachable (fetch blocked),none_found,,UNKNOWN,UNKNOWN,UNKNOWN,UNKNOWN,UNKNOWN,,UNKNOWN,PA66,3,3,16,60.0,320x320x~250,33 (=3x16x1.15x0.5x1.2; shot PP-eq 47 g),Fits 120T confidently,16 cav,16,7000-10000 (ASSUMPTION),3.02 (resin 2.36 @750/kg ASSUMPTION + machine 0.65),UNKNOWN,UNKNOWN (no observed price),Med: engineering resin bought on order (no local stockist found),L,M,H,L,Fragmented,N,N,UNKNOWN,Lead time / availability vs imports (unproven),ASSUMPTION,research_notes/Algeria injection molding feasibility/import_products_longlist.md,2026-10-04,Price + origin check at 3 distributors,INVESTIGATE: generic OEM part across many appliances; check CKD contents at Samha/Geant.
OS-047,Appliance wiring harness clip (clip faisceau),Appliance OEM parts,Appliances/HVAC,UNKNOWN,"ENIEM (Tizi Ouzou), Geant (BBA), Samha/Samsung (Setif), Condor (BBA), Iris (Setif); repairers/spare-part shops",UNKNOWN,UNKNOWN,UNKNOWN,UNKNOWN,No product-specific pain found online; Ouedkniss/Facebook/forums unreachable (fetch blocked),none_found,,UNKNOWN,UNKNOWN,UNKNOWN,UNKNOWN,UNKNOWN,,UNKNOWN,PA66,1.2,2,48,72.0,340x340x~250,66 (=2x48x1.15x0.5x1.2; shot PP-eq 57 g),Fits 120T confidently,48 cav,14,8000-12000 (ASSUMPTION),1.14 (resin 0.94 @750/kg ASSUMPTION + machine 0.19),UNKNOWN,UNKNOWN (no observed price),Med: engineering resin bought on order (no local stockist found),L,M,H,L,Fragmented,N,N,UNKNOWN,Lead time / availability vs imports (unproven),ASSUMPTION,research_notes/Algeria injection molding feasibility/import_products_longlist.md,2026-10-04,Price + origin check at 3 distributors,INVESTIGATE (low): same as OS-046.
OS-048,Ventilation grille round Ø100-125 (bouche d'aeration),HVAC fittings,Appliances/HVAC,UNKNOWN,HVAC/construction distributors,UNKNOWN,UNKNOWN,UNKNOWN,UNKNOWN,No product-specific pain found online; Ouedkniss/Facebook/forums unreachable (fetch blocked),none_found,,UNKNOWN,UNKNOWN,UNKNOWN,UNKNOWN,UNKNOWN,,UNKNOWN,PP,45,120,1,56.2,320x320x~250,75 (=120x1x1.15x0.45x1.2; shot PP-eq 56 g),Fits 120T confidently,1 cav,30,6000-9000 (ASSUMPTION),33.78 (resin 14.18 @300/kg ASSUMPTION + machine 19.61),UNKNOWN,UNKNOWN (no observed price),Low,L,M,H,L,Fragmented,N,N,UNKNOWN,Lead time / availability vs imports (unproven),ASSUMPTION,research_notes/Algeria injection molding feasibility/import_products_longlist.md,2026-10-04,Price + origin check at 3 distributors,INVESTIGATE (low): construction overlap; shot 56 g fits. No price.
OS-049,Ventilation grille square 200x200 (grille d'aeration),HVAC fittings,Appliances/HVAC,UNKNOWN,HVAC/construction distributors,UNKNOWN,UNKNOWN,UNKNOWN,UNKNOWN,No product-specific pain found online; Ouedkniss/Facebook/forums unreachable (fetch blocked),none_found,,UNKNOWN,UNKNOWN,UNKNOWN,UNKNOWN,UNKNOWN,,UNKNOWN,PP,120,400,1,150.0,400x400x~300,248 (=400x1x1.15x0.45x1.2; shot PP-eq 150 g),Requires larger injection press,1 cav,38,10000-15000 (ASSUMPTION),62.64 (resin 37.80 @300/kg ASSUMPTION + machine 24.84),UNKNOWN,UNKNOWN (no observed price),Low,L,M,H,L,Fragmented,N,N,UNKNOWN,Lead time / availability vs imports (unproven),ASSUMPTION,research_notes/Algeria injection molding feasibility/import_products_longlist.md,2026-10-04,Price + origin check at 3 distributors,"FUTURE MACHINE: louvres + long flow, clamp ~250 t. [Fit note: clamp 248 t > 125]"
OS-050,Water filter housing 10 in + cap,Water treatment,Appliances/HVAC,UNKNOWN,Water-treatment dealers (UNKNOWN),UNKNOWN,UNKNOWN,UNKNOWN,UNKNOWN,No product-specific pain found online; Ouedkniss/Facebook/forums unreachable (fetch blocked),none_found,,UNKNOWN,UNKNOWN,UNKNOWN,UNKNOWN,UNKNOWN,,UNKNOWN,PP,250,120,1,312.5,400x400x~300,50 (=120x1x1.15x0.3x1.2; shot PP-eq 312 g),Requires larger injection press,"1 cav, unscrewing thread",55,20000-30000 (ASSUMPTION),114.70 (resin 78.75 @300/kg ASSUMPTION + machine 35.95),UNKNOWN,UNKNOWN (no observed price),Low,M (food contact),M,H,L,Fragmented,N,N,UNKNOWN,Lead time / availability vs imports (unproven),ASSUMPTION,research_notes/Algeria injection molding feasibility/import_products_longlist.md,2026-10-04,Price + origin check at 3 distributors,FUTURE MACHINE: shot ~310 g exceeds 120 t barrel. Larger press (160-200 t). [Fit note: shot PP-eq 312 g > 230]
OS-051,Pipe end cap push-over Ø20-60 (bouchon de protection tube),Protection caps & plugs,Industrial,UNKNOWN,"UNKNOWN named buyers; target types: hydraulic hose assemblers, small steel-tube makers, machine builders (HydroTech DZ per prior notes)","Global: Caplugs, Essentra (no evidence of Algerian supply)",UNKNOWN,UNKNOWN,UNKNOWN,No product-specific pain found online; Ouedkniss/Facebook/forums unreachable (fetch blocked),none_found,,UNKNOWN,UNKNOWN,UNKNOWN,UNKNOWN,UNKNOWN,,UNKNOWN,LDPE,4,12,16,80.0,380x380x~300,79 (=12x16x1.15x0.3x1.2; shot PP-eq 78 g),Fits 120T confidently,16 cav family (4 sizes x 4),16,8000-12000 (ASSUMPTION),1.91 (resin 1.26 @300/kg ASSUMPTION + machine 0.65),UNKNOWN,UNKNOWN (no observed price),Low,L,M,H,L,Fragmented,Y,Y (OD sizes),UNKNOWN,Lead time / availability vs imports (unproven),ASSUMPTION,research_notes/Algeria injection molding feasibility/import_products_longlist.md,2026-10-04,Price + origin check at 3 distributors,"INVESTIGATE: catalogue-able, family tool across sizes; buyers not yet named. Ask steel-tube and hydraulic-hose firms."
OS-052,Threaded protection cap BSP/JIC 1/4-1 in (bouchon filete),Protection caps & plugs,Industrial,UNKNOWN,"UNKNOWN named buyers; target types: hydraulic hose assemblers, small steel-tube makers, machine builders (HydroTech DZ per prior notes)",UNKNOWN,UNKNOWN,UNKNOWN,UNKNOWN,No product-specific pain found online; Ouedkniss/Facebook/forums unreachable (fetch blocked),none_found,,UNKNOWN,UNKNOWN,UNKNOWN,UNKNOWN,UNKNOWN,,UNKNOWN,LDPE,3,6,16,60.0,360x360x~300,40 (=6x16x1.15x0.3x1.2; shot PP-eq 59 g),Fits 120T confidently,unscrewing or strip-off 16 cav,18,10000-15000 (ASSUMPTION),1.68 (resin 0.95 @300/kg ASSUMPTION + machine 0.74),UNKNOWN,UNKNOWN (no observed price),Low,L,M,H,L,Fragmented,N,Y,UNKNOWN,Lead time / availability vs imports (unproven),ASSUMPTION,research_notes/Algeria injection molding feasibility/import_products_longlist.md,2026-10-04,Price + origin check at 3 distributors,INVESTIGATE: LDPE strip-off thread avoids unscrewing; hydraulics buyers unnamed.
OS-053,Dust plug for hydraulic couplers/hoses (bouchon anti-poussiere),Protection caps & plugs,Industrial,UNKNOWN,"UNKNOWN named buyers; target types: hydraulic hose assemblers, small steel-tube makers, machine builders (HydroTech DZ per prior notes)",UNKNOWN,UNKNOWN,UNKNOWN,UNKNOWN,No product-specific pain found online; Ouedkniss/Facebook/forums unreachable (fetch blocked),none_found,,UNKNOWN,UNKNOWN,UNKNOWN,UNKNOWN,UNKNOWN,,UNKNOWN,LDPE,2,4,32,80.0,360x360x~300,53 (=4x32x1.15x0.3x1.2; shot PP-eq 78 g),Fits 120T confidently,32 cav,14,8000-12000 (ASSUMPTION),0.92 (resin 0.63 @300/kg ASSUMPTION + machine 0.29),UNKNOWN,UNKNOWN (no observed price),Low,L,M,H,L,Fragmented,N,N,UNKNOWN,Lead time / availability vs imports (unproven),ASSUMPTION,research_notes/Algeria injection molding feasibility/import_products_longlist.md,2026-10-04,Price + origin check at 3 distributors,INVESTIGATE: pair with OS-051/052 as one 'caps & plugs' catalogue.
OS-054,Flange face protector 2-6 in (protecteur de bride),Protection caps & plugs,Oil & gas/Industrial,UNKNOWN,Valve/flange stockists for Sonatrach (UNKNOWN names),UNKNOWN,UNKNOWN,UNKNOWN,UNKNOWN,No product-specific pain found online; Ouedkniss/Facebook/forums unreachable (fetch blocked),none_found,,UNKNOWN,UNKNOWN,UNKNOWN,UNKNOWN,UNKNOWN,,UNKNOWN,HDPE,90,180,1,112.5,360x360x~300,75 (=180x1x1.15x0.3x1.2; shot PP-eq 107 g),Fits 120T confidently,1 cav per size,35,6000-9000 per size (ASSUMPTION),51.23 (resin 28.35 @300/kg ASSUMPTION + machine 22.88),UNKNOWN,UNKNOWN (no observed price),Low,L,M,H,L,Fragmented,N,N,UNKNOWN,Lead time / availability vs imports (unproven),ASSUMPTION,https://algerie-eco.com/2023/03/01/pieces-de-rechange-sonatrach-a-economise-plus-de-30-millions-deuros-grace-au-recours-la-production-nationale/,2026-10-04,Price + origin check at 3 distributors,INVESTIGATE: 2-4 in fits; 6 in+ is borderline/large. Valve makers and stockists unnamed.
OS-055,Lobe knob with steel insert M8-M12 (bouton de serrage),Machine knobs & handles,Industrial,UNKNOWN,"Machine builders, maintenance shops (UNKNOWN)","Global: Elesa, Ganter (no Algerian evidence)",UNKNOWN,UNKNOWN,UNKNOWN,No product-specific pain found online; Ouedkniss/Facebook/forums unreachable (fetch blocked),none_found,,UNKNOWN,UNKNOWN,UNKNOWN,UNKNOWN,UNKNOWN,,UNKNOWN,PA-GF30,20,12,4,100.0,320x320x~250,36 (=12x4x1.15x0.55x1.2; shot PP-eq 66 g),Fits 120T confidently,4 cav insert-moulded,30,8000-12000 (ASSUMPTION),29.70 (resin 16.80 @800/kg ASSUMPTION + machine 4.90 + bought-in 8.00),UNKNOWN,UNKNOWN (no observed price),Med: engineering resin bought on order (no local stockist found),L,M,H,L,Fragmented,N,N,UNKNOWN,Lead time / availability vs imports (unproven),ASSUMPTION,research_notes/Algeria injection molding feasibility/import_products_longlist.md,2026-10-04,Price + origin check at 3 distributors,INVESTIGATE: insert loading is manual; buyers unnamed; Elesa-type imports set the price.
OS-056,Small handwheel Ø80-125 (volant),Machine knobs & handles,Industrial,UNKNOWN,Machine builders (UNKNOWN),UNKNOWN,UNKNOWN,UNKNOWN,UNKNOWN,No product-specific pain found online; Ouedkniss/Facebook/forums unreachable (fetch blocked),none_found,,UNKNOWN,UNKNOWN,UNKNOWN,UNKNOWN,UNKNOWN,,UNKNOWN,PA-GF30,70,90,1,87.5,320x320x~250,68 (=90x1x1.15x0.55x1.2; shot PP-eq 58 g),Fits 120T confidently,1 cav insert,40,7000-10000 (ASSUMPTION),84.94 (resin 58.80 @800/kg ASSUMPTION + machine 26.14),UNKNOWN,UNKNOWN (no observed price),Med: engineering resin bought on order (no local stockist found),L,M,H,L,Fragmented,N,N,UNKNOWN,Lead time / availability vs imports (unproven),ASSUMPTION,research_notes/Algeria injection molding feasibility/import_products_longlist.md,2026-10-04,Price + origin check at 3 distributors,INVESTIGATE (low): low volume.
OS-057,U-handle / pull handle 100-180 mm (poignee),Machine knobs & handles,Industrial,UNKNOWN,Machine/cabinet builders (UNKNOWN),UNKNOWN,UNKNOWN,UNKNOWN,UNKNOWN,No product-specific pain found online; Ouedkniss/Facebook/forums unreachable (fetch blocked),none_found,,UNKNOWN,UNKNOWN,UNKNOWN,UNKNOWN,UNKNOWN,,UNKNOWN,PA-GF30,40,30,2,100.0,360x300x~300,46 (=30x2x1.15x0.55x1.2; shot PP-eq 66 g),Fits 120T confidently,2 cav,35,7000-10000 (ASSUMPTION),45.04 (resin 33.60 @800/kg ASSUMPTION + machine 11.44),UNKNOWN,UNKNOWN (no observed price),Med: engineering resin bought on order (no local stockist found),L,M,H,L,Fragmented,N,N,UNKNOWN,Lead time / availability vs imports (unproven),ASSUMPTION,research_notes/Algeria injection molding feasibility/import_products_longlist.md,2026-10-04,Price + origin check at 3 distributors,INVESTIGATE (low).
OS-058,Swivel levelling foot for machines/conveyors (pied articule),Machine feet,Industrial/Food-factory,UNKNOWN,"Conveyor/machine builders, food plants (UNKNOWN)",UNKNOWN,UNKNOWN,UNKNOWN,UNKNOWN,No product-specific pain found online; Ouedkniss/Facebook/forums unreachable (fetch blocked),none_found,,UNKNOWN,UNKNOWN,UNKNOWN,UNKNOWN,UNKNOWN,,UNKNOWN,PA-GF30,35,30,4,175.0,360x360x~300,91 (=30x4x1.15x0.55x1.2; shot PP-eq 116 g),Fits 120T confidently,4 cav + stud insert,32,9000-13000 (ASSUMPTION),59.63 (resin 29.40 @800/kg ASSUMPTION + machine 5.23 + bought-in 25.00),UNKNOWN,UNKNOWN (no observed price),Med: engineering resin bought on order (no local stockist found),L,M,H,L,Fragmented,N,N,UNKNOWN,Lead time / availability vs imports (unproven),ASSUMPTION,research_notes/Algeria injection molding feasibility/import_products_longlist.md,2026-10-04,Price + origin check at 3 distributors,INVESTIGATE: steel stud dominates cost (ASSUMED 25 DZD).
OS-059,Plain bushings PA6/POM Ø10-30 (bague / coussinet),Bushings & gears,Industrial/Maintenance,UNKNOWN,Maintenance depts (UNKNOWN); Sonatrach local-content programme (sector-level),UNKNOWN,UNKNOWN,UNKNOWN,UNKNOWN,"Sonatrach spare-parts local content historically <=5% (700k references, 2017); local production saved >EUR 30M in a year (2023). Not plastic-specific.",no_local_supplier,https://algerie-eco.com/2023/03/01/pieces-de-rechange-sonatrach-a-economise-plus-de-30-millions-deuros-grace-au-recours-la-production-nationale/,"STRONG SIGNAL (sector), UNKNOWN (part)",UNKNOWN,UNKNOWN,UNKNOWN,UNKNOWN,,UNKNOWN,POM,3,4,8,30.0,300x300x~250,22 (=4x8x1.15x0.5x1.2; shot PP-eq 19 g),Borderline 120T,8 cav per size,20,6000-9000 per size (ASSUMPTION),4.00 (resin 2.36 @750/kg ASSUMPTION + machine 1.63),UNKNOWN,UNKNOWN (no observed price),Med: engineering resin bought on order (no local stockist found),L,M,H,L,Fragmented,Y,Y,UNKNOWN,Lead time / availability vs imports (unproven),ASSUMPTION,research_notes/Algeria injection molding feasibility/import_products_longlist.md,2026-10-04,Price + origin check at 3 distributors,INVESTIGATE as service: low volumes are usually machined from rod; injection only for repeat sizes >5k/yr. [Fit note: shot PP-eq below 45 g (add cavities or use 60-80 t press)]
OS-060,Small spur/worm gears POM m0.5-1.5 (engrenages),Bushings & gears,Industrial/Maintenance,UNKNOWN,"Appliance OEMs, repairers (UNKNOWN)",UNKNOWN,UNKNOWN,UNKNOWN,UNKNOWN,No product-specific pain found online; Ouedkniss/Facebook/forums unreachable (fetch blocked),none_found,,UNKNOWN,UNKNOWN,UNKNOWN,UNKNOWN,UNKNOWN,,UNKNOWN,POM,4,5,4,20.0,300x300x~250,14 (=5x4x1.15x0.5x1.2; shot PP-eq 13 g),Borderline 120T,precision 4 cav,25,10000-18000 (ASSUMPTION),7.23 (resin 3.15 @750/kg ASSUMPTION + machine 4.08),UNKNOWN,UNKNOWN (no observed price),Med: engineering resin bought on order (no local stockist found),L,"H (tolerance, shrink)",H,L,Fragmented,Y,N,UNKNOWN,Lead time / availability vs imports (unproven),ASSUMPTION,research_notes/Algeria injection molding feasibility/import_products_longlist.md,2026-10-04,Price + origin check at 3 distributors,INVESTIGATE (low): precision tooling + POM sourcing; shot ~23 g on 4 cav is small for 120 t. [Fit note: shot PP-eq below 45 g (add cavities or use 60-80 t press)]
OS-061,Spacers/standoffs M3-M8 (entretoises),Spacers,Industrial/Electronics,UNKNOWN,"Electronics assemblers (Condor, Iris, Samha - UNKNOWN demand)",UNKNOWN,UNKNOWN,UNKNOWN,UNKNOWN,No product-specific pain found online; Ouedkniss/Facebook/forums unreachable (fetch blocked),none_found,,UNKNOWN,UNKNOWN,UNKNOWN,UNKNOWN,UNKNOWN,,UNKNOWN,PA66,1.0,1,48,60.0,320x320x~250,33 (=1x48x1.15x0.5x1.2; shot PP-eq 47 g),Fits 120T confidently,48 cav,14,8000-12000 (ASSUMPTION),0.98 (resin 0.79 @750/kg ASSUMPTION + machine 0.19),UNKNOWN,UNKNOWN (no observed price),Med: engineering resin bought on order (no local stockist found),L,M,H,L,Fragmented,N,N,UNKNOWN,Lead time / availability vs imports (unproven),ASSUMPTION,research_notes/Algeria injection molding feasibility/import_products_longlist.md,2026-10-04,Price + origin check at 3 distributors,"KILL: commodity, tiny shot; Chinese bulk."
OS-062,Cable drag-chain links (chaine porte-cables),Cable guides,Industrial,UNKNOWN,Machine builders (UNKNOWN),UNKNOWN,UNKNOWN,UNKNOWN,UNKNOWN,No product-specific pain found online; Ouedkniss/Facebook/forums unreachable (fetch blocked),none_found,,UNKNOWN,UNKNOWN,UNKNOWN,UNKNOWN,UNKNOWN,,UNKNOWN,PA66,8,10,4,40.0,320x320x~250,28 (=10x4x1.15x0.5x1.2; shot PP-eq 32 g),Borderline 120T,4 cav,25,12000-18000 (ASSUMPTION),10.38 (resin 6.30 @750/kg ASSUMPTION + machine 4.08),UNKNOWN,UNKNOWN (no observed price),Med: engineering resin bought on order (no local stockist found),L,M,H,L,Fragmented,N,N,Brand market (igus etc.),Lead time / availability vs imports (unproven),ASSUMPTION,research_notes/Algeria injection molding feasibility/import_products_longlist.md,2026-10-04,Price + origin check at 3 distributors,"KILL: brand-dominated, multi-size system. [Fit note: shot PP-eq below 45 g (add cavities or use 60-80 t press)]"
OS-063,Cable guide roller / pulley Ø30-60,Cable guides,Industrial,UNKNOWN,"Cable makers (ENICAB), wire drawers",UNKNOWN,UNKNOWN,UNKNOWN,UNKNOWN,No product-specific pain found online; Ouedkniss/Facebook/forums unreachable (fetch blocked),none_found,,UNKNOWN,UNKNOWN,UNKNOWN,UNKNOWN,UNKNOWN,,UNKNOWN,POM,12,12,6,90.0,340x340x~250,50 (=12x6x1.15x0.5x1.2; shot PP-eq 57 g),Fits 120T confidently,6 cav,25,7000-10000 (ASSUMPTION),12.17 (resin 9.45 @750/kg ASSUMPTION + machine 2.72),UNKNOWN,UNKNOWN (no observed price),Med: engineering resin bought on order (no local stockist found),L,M,H,L,Fragmented,N,N,UNKNOWN,Lead time / availability vs imports (unproven),ASSUMPTION,https://www.dzair-tube.dz/en/enicab-boosts-rail-sector-with-2000-tons-of-annual-cable-production-eyes-regional-export-expansion,2026-10-04,Price + origin check at 3 distributors,INVESTIGATE (low): ask ENICAB maintenance.
OS-064,Custom electronics enclosure 100x60x30 (boitier),Custom housings,Industrial/Electronics,UNKNOWN,"Local electronics/IoT assemblers, start-ups (UNKNOWN)",UNKNOWN,UNKNOWN,UNKNOWN,UNKNOWN,No product-specific pain found online; Ouedkniss/Facebook/forums unreachable (fetch blocked),none_found,,UNKNOWN,UNKNOWN,UNKNOWN,UNKNOWN,UNKNOWN,,UNKNOWN,ABS,40,60,2,100.0,360x360x~300,75 (=60x2x1.15x0.45x1.2; shot PP-eq 86 g),Fits 120T confidently,2 cav + lid,30,12000-18000 (ASSUMPTION),32.90 (resin 23.10 @550/kg ASSUMPTION + machine 9.80),UNKNOWN,UNKNOWN (no observed price),Low,L,M,L (customer drawing),L,Fragmented,Y,N,UNKNOWN,Lead time / availability vs imports (unproven),ASSUMPTION,research_notes/Algeria injection molding feasibility/import_products_longlist.md,2026-10-04,Price + origin check at 3 distributors,INVESTIGATE: classic custom-molding service; demand unproven. Good use of idle hours.
OS-065,Small castor wheel Ø50 + fork (roulette),Castors,Industrial,UNKNOWN,Trolley/furniture makers (UNKNOWN),UNKNOWN,UNKNOWN,UNKNOWN,UNKNOWN,No product-specific pain found online; Ouedkniss/Facebook/forums unreachable (fetch blocked),none_found,,UNKNOWN,UNKNOWN,UNKNOWN,UNKNOWN,UNKNOWN,,UNKNOWN,PA6,25,20,4,125.0,340x340x~250,55 (=20x4x1.15x0.5x1.2; shot PP-eq 99 g),Fits 120T confidently,4 cav,30,9000-13000 (ASSUMPTION),33.28 (resin 18.38 @700/kg ASSUMPTION + machine 4.90 + bought-in 10.00),UNKNOWN,UNKNOWN (no observed price),Med: engineering resin bought on order (no local stockist found),L,M,H,L,Fragmented,N,N,UNKNOWN,Lead time / availability vs imports (unproven),ASSUMPTION,research_notes/Algeria injection molding feasibility/import_products_longlist.md,2026-10-04,Price + origin check at 3 distributors,KILL as lead: furniture researcher overlap; metal axle assembly; Chinese price.
OS-066,Push rivet / panel clip Ø6-8 (rivet plastique),Clips & rivets,Industrial/HVAC/Auto,UNKNOWN,"HVAC/panel builders, auto aftermarket",UNKNOWN,UNKNOWN,UNKNOWN,UNKNOWN,No product-specific pain found online; Ouedkniss/Facebook/forums unreachable (fetch blocked),none_found,,UNKNOWN,UNKNOWN,UNKNOWN,UNKNOWN,UNKNOWN,,UNKNOWN,PA66,1,2,48,60.0,340x340x~250,66 (=2x48x1.15x0.5x1.2; shot PP-eq 47 g),Fits 120T confidently,48 cav,14,8000-12000 (ASSUMPTION),0.98 (resin 0.79 @750/kg ASSUMPTION + machine 0.19),UNKNOWN,UNKNOWN (no observed price),Med: engineering resin bought on order (no local stockist found),L,M,H,L,Fragmented,N,N,UNKNOWN,Lead time / availability vs imports (unproven),ASSUMPTION,research_notes/Algeria injection molding feasibility/import_products_longlist.md,2026-10-04,Price + origin check at 3 distributors,INVESTIGATE: cross-sector clip; see auto aftermarket OS-078.
OS-067,Steel coil/sheet edge protector (corniere de protection),Steel-mill consumables,Industrial,UNKNOWN,"Tosyali (Bethioua), Sider El Hadjar (Annaba), coil service centres - demand UNVERIFIED",UNKNOWN,UNKNOWN,UNKNOWN,UNKNOWN,No product-specific pain found online; Ouedkniss/Facebook/forums unreachable (fetch blocked),none_found,,UNKNOWN,UNKNOWN,UNKNOWN,UNKNOWN,UNKNOWN,,UNKNOWN,PP,60,80,1,75.0,340x340x~250,33 (=80x1x1.15x0.3x1.2; shot PP-eq 75 g),Fits 120T confidently,1 cav,30,6000-9000 (ASSUMPTION),38.51 (resin 18.90 @300/kg ASSUMPTION + machine 19.61),UNKNOWN,UNKNOWN (no observed price),Low,L,M,H,L,Fragmented,N,N,UNKNOWN,Lead time / availability vs imports (unproven),ASSUMPTION,https://algerie-eco.com/2022/09/26/tosyali-algerie-exportation-de-15-000-tonnes-de-tubes-vers-langola/ ; https://algerie-eco.com/2023/10/26/sonatrach-commande-1000-km-de-tubes-pour-158-millions-a-sider-el-hadjar/,2026-10-04,Price + origin check at 3 distributors,INVESTIGATE (low): mills often use cardboard/steel; ask Tosyali packaging dept.
OS-068,"OCTG casing thread protector, pin + box, open-end, 4-1/2 to 5-1/2 in",Thread protectors,Oil & gas,UNKNOWN,"Sider El Hadjar TSS unit (Annaba; only Maghreb seamless mill; casing 6-16 in; 1,000 km casing contract for Sonatrach, deliveries 2024-2026)","UNKNOWN for TSS; global makers Drilltec, MSI Products, Caplugs (no Algerian evidence)",UNKNOWN (likely imported),UNKNOWN,UNKNOWN,Demand verified (casing production for Sonatrach); no protector-sourcing pain found. Vallourec's USD 250M OCTG award ships from abroad with VAM connections (protectors come fitted).,none_found,https://algerie-eco.com/2023/10/26/sonatrach-commande-1000-km-de-tubes-pour-158-millions-a-sider-el-hadjar/ ; https://www.vallourec.com/app/uploads/2025/04/20250408-Vallourec_Communique-de-Presse_Sonatrach.pdf,"VERIFIED (demand), UNKNOWN (pain)",UNKNOWN,UNKNOWN,UNKNOWN,UNKNOWN,,UNKNOWN,HDPE,150,160,1,187.5,360x360x~300,66 (=160x1x1.15x0.3x1.2; shot PP-eq 178 g),Fits 120T confidently,"1 cav per size/end, collapsible or unscrew core",45,15000-30000 per size+end (ASSUMPTION),76.66 (resin 47.25 @300/kg ASSUMPTION + machine 29.41),UNKNOWN,UNKNOWN (no observed price),"High (single buyer, size-specific stock, likely 60-90 day state payment - ASSUMPTION)",M-H (API 5CT / RP 5C protectors; premium-connection licensor approval),H,L,H,Single buyer (TSS),Y (thread form per size),Y,UNKNOWN,Lead time / availability vs imports (unproven),WEAK SIGNAL,https://algerie-eco.com/2023/10/26/sonatrach-commande-1000-km-de-tubes-pour-158-millions-a-sider-el-hadjar/ ; https://algerie-eco.com/?p=196146 ; https://www.vallourec.com/app/uploads/2025/04/20250408-Vallourec_Communique-de-Presse_Sonatrach.pdf,2026-10-04,"Call Sider El Hadjar TSS purchasing: protector type, origin, unit price, annual quantity by size, API/licensor requirements","INVESTIGATE (priority call): only named Algerian OCTG mill. 4.5-5.5 in computes as a fit at an ASSUMED 150 g; 7 in (OS-112) exceeds the 120 t shot; 9-5/8 in+ (OS-069) needs 300 t+. TSS range starts at 6 in, so the fitting sizes may not be what TSS needs. Thread inserts per size = expensive tool family."
OS-069,OCTG casing thread protector 9-5/8 to 13-3/8 in,Thread protectors,Oil & gas,UNKNOWN,"Sider El Hadjar TSS unit (Annaba; only Maghreb seamless mill; casing 6-16 in; 1,000 km casing contract for Sonatrach, deliveries 2024-2026)",UNKNOWN,UNKNOWN,UNKNOWN,UNKNOWN,No product-specific pain found online; Ouedkniss/Facebook/forums unreachable (fetch blocked),none_found,,UNKNOWN,UNKNOWN,UNKNOWN,UNKNOWN,UNKNOWN,,UNKNOWN,HDPE,650,520,1,812.5,520x520x~300,215 (=520x1x1.15x0.3x1.2; shot PP-eq 770 g),Requires larger injection press,1 cav large,70,30000-50000 per size (ASSUMPTION),250.50 (resin 204.75 @300/kg ASSUMPTION + machine 45.75),UNKNOWN,UNKNOWN (no observed price),Low,M-H (API),M,H,L,Fragmented,N,N,UNKNOWN,Lead time / availability vs imports (unproven),ASSUMPTION,https://algerie-eco.com/2023/10/26/sonatrach-commande-1000-km-de-tubes-pour-158-millions-a-sider-el-hadjar/,2026-10-04,Price + origin check at 3 distributors,"FUTURE MACHINE: clamp ~215-330 t, shot >650 g. Needs 300-450 t press. [Fit note: clamp 215 t > 125; shot PP-eq 770 g > 230; mold 520 mm > 410 tie-bar]"
OS-070,Heavy-duty composite thread protector (steel shell + HDPE),Thread protectors,Oil & gas,UNKNOWN,"Sonatrach drilling, TSS",UNKNOWN,UNKNOWN,UNKNOWN,UNKNOWN,No product-specific pain found online; Ouedkniss/Facebook/forums unreachable (fetch blocked),none_found,,UNKNOWN,UNKNOWN,UNKNOWN,UNKNOWN,UNKNOWN,,UNKNOWN,HDPE,UNKNOWN,n/a,n/a,n/a,n/a,n/a,Other process,insert-overmoulding on steel shell,n/a,UNKNOWN,n/a,UNKNOWN,n/a,Low,L,M,H,L,Fragmented,N,N,UNKNOWN,Lead time / availability vs imports (unproven),ASSUMPTION,research_notes/Algeria injection molding feasibility/import_products_longlist.md,2026-10-04,Price + origin check at 3 distributors,KILL for now: steel shell fabrication + overmould; large press.
OS-071,"Line-pipe bevel protector / end cap 500-1400 mm (Alfapipe, Tosyali spiral pipe)",Pipe end protection,Oil & gas/Water,UNKNOWN,"Alfapipe (Annaba, Ghardaia, Battioua 360 kt/yr since Jul 2025); Tosyali spiral pipe (Bethioua, 300 kt/yr capacity)",UNKNOWN,UNKNOWN,UNKNOWN,UNKNOWN,"Large pipe volumes verified; end-protection practice UNKNOWN (often none, steel bands or film)",none_found,,UNKNOWN,UNKNOWN,UNKNOWN,UNKNOWN,UNKNOWN,,UNKNOWN,HDPE,UNKNOWN,n/a,n/a,n/a,n/a,n/a,Requires larger injection press,large injection or rotomolding/thermoforming/strapping,n/a,UNKNOWN,n/a,UNKNOWN,n/a,Low,L,M,H,L,Fragmented,N,N,UNKNOWN,Lead time / availability vs imports (unproven),ASSUMPTION,https://new.aisusteel.org/archives/214 ; https://algerie-eco.com/2022/09/26/tosyali-algerie-exportation-de-15-000-tonnes-de-tubes-vers-langola/,2026-10-04,Price + origin check at 3 distributors,FUTURE MACHINE: diameters far beyond a 120 t press. Ask Alfapipe what (if anything) they use.
OS-072,Small tubing / line-pipe protector 2-3/8 to 3-1/2 in,Thread protectors,Oil & gas,UNKNOWN,UNKNOWN (TSS range starts at 6 in; tubing likely imported),UNKNOWN,UNKNOWN,UNKNOWN,UNKNOWN,No product-specific pain found online; Ouedkniss/Facebook/forums unreachable (fetch blocked),none_found,,UNKNOWN,UNKNOWN,UNKNOWN,UNKNOWN,UNKNOWN,,UNKNOWN,HDPE,70,70,2,175.0,360x360x~300,58 (=70x2x1.15x0.3x1.2; shot PP-eq 166 g),Fits 120T confidently,2 cav,35,12000-20000 (ASSUMPTION),33.49 (resin 22.05 @300/kg ASSUMPTION + machine 11.44),UNKNOWN,UNKNOWN (no observed price),Low,L,M,H,L,Fragmented,N,N,UNKNOWN,Lead time / availability vs imports (unproven),ASSUMPTION,https://algerie-eco.com/2023/10/26/sonatrach-commande-1000-km-de-tubes-pour-158-millions-a-sider-el-hadjar/,2026-10-04,Price + origin check at 3 distributors,KILL unless a local tubing threader is found: TSS range starts at 6 in.
OS-073,Valve port & instrument fitting dust caps (Sonatrach MRO),Protection caps & plugs,Oil & gas,UNKNOWN,"Sonatrach maintenance/stores (local-content programme), valve repairers",UNKNOWN,UNKNOWN,UNKNOWN,UNKNOWN,"Sonatrach targets 55% local spares; ran local-supplier prospection and Hassi Messaoud technical days (81 exhibitors, May 2024)",no_local_supplier,https://algerie-eco.com/?p=127943 ; https://www.algerie-eco.com/2024/05/20/hassi-messaoud-81-exposants-aux-journees-techniques-dediees-a-la-fabrication-mecanique-electrique-et-instrumentation/,"STRONG SIGNAL (programme), UNKNOWN (this part)",UNKNOWN,UNKNOWN,UNKNOWN,UNKNOWN,,UNKNOWN,LDPE,5,8,16,100.0,360x360x~300,53 (=8x16x1.15x0.3x1.2; shot PP-eq 98 g),Fits 120T confidently,16 cav family,16,8000-12000 (ASSUMPTION),2.23 (resin 1.57 @300/kg ASSUMPTION + machine 0.65),UNKNOWN,UNKNOWN (no observed price),Low,L,M,H,L,Fragmented,N,N,UNKNOWN,Lead time / availability vs imports (unproven),ASSUMPTION,research_notes/Algeria injection molding feasibility/import_products_longlist.md,2026-10-04,Price + origin check at 3 distributors,"INVESTIGATE: register on Sonatrach local-supplier lists; caps are a door-opener product, not a business."
OS-074,Drill pipe protectors,Thread protectors,Oil & gas,UNKNOWN,Sonatrach/ENAFOR drilling (UNKNOWN),UNKNOWN,UNKNOWN,UNKNOWN,UNKNOWN,No product-specific pain found online; Ouedkniss/Facebook/forums unreachable (fetch blocked),none_found,,UNKNOWN,UNKNOWN,UNKNOWN,UNKNOWN,UNKNOWN,,UNKNOWN,HDPE,UNKNOWN,n/a,n/a,n/a,n/a,n/a,Other process,heavy duty,n/a,UNKNOWN,n/a,UNKNOWN,n/a,Low,L,M,H,L,Fragmented,N,N,UNKNOWN,Lead time / availability vs imports (unproven),ASSUMPTION,research_notes/Algeria injection molding feasibility/import_products_longlist.md,2026-10-04,Price + origin check at 3 distributors,KILL: heavy-duty pressed-steel/composite product.
OS-075,PV cable clip for module frame (clip cable),Solar clips,Solar,UNKNOWN,"Module assemblers (Zergoun, Aures Solaire per prior notes; LONGi project under discussion); EPCs on Solar 1000 MW (30% integration rule); Energia Sun Solution (PV supports)",UNKNOWN,Imported with modules/BOS,Imported,UNKNOWN,"Solar 1000 MW requires >=30% national integration (policy pull, not pain)",no_local_supplier,https://legal-doctrine.com/edition/LAlg%C3%A9rie-bient%C3%B4t-leader-dans-le-domaine-des-panneaux-photovolta%C3%AFques,WEAK SIGNAL,UNKNOWN,UNKNOWN,UNKNOWN,UNKNOWN,,UNKNOWN,PA66-UV,2,3,32,80.0,340x340x~250,66 (=3x32x1.15x0.5x1.2; shot PP-eq 63 g),Fits 120T confidently,32 cav,14,8000-12000 (ASSUMPTION),1.97 (resin 1.68 @800/kg ASSUMPTION + machine 0.29),UNKNOWN,UNKNOWN (no observed price),Med: engineering resin bought on order (no local stockist found),"L-M (UV, 25-yr life claims)",M,H,L,Fragmented,N,N,UNKNOWN,Lead time / availability vs imports (unproven),ASSUMPTION,https://legal-doctrine.com/edition/LAlg%C3%A9rie-bient%C3%B4t-leader-dans-le-domaine-des-panneaux-photovolta%C3%AFques ; https://algerie-eco.com/2025/08/10/algerie-850-mw-de-panneaux-solaires-chinois-importes-au-premier-semestre-2025/,2026-10-04,Price + origin check at 3 distributors,INVESTIGATE: integration-rate rule could favour local BOS clips; UV-PA66 sourcing is the blocker.
OS-076,MC4 connector dust caps,Solar clips,Solar,UNKNOWN,"Module assemblers (Zergoun, Aures Solaire per prior notes; LONGi project under discussion); EPCs on Solar 1000 MW (30% integration rule); Energia Sun Solution (PV supports)",UNKNOWN,UNKNOWN,UNKNOWN,UNKNOWN,No product-specific pain found online; Ouedkniss/Facebook/forums unreachable (fetch blocked),none_found,,UNKNOWN,UNKNOWN,UNKNOWN,UNKNOWN,UNKNOWN,,UNKNOWN,LDPE,1.5,2,32,60.0,320x320x~250,26 (=2x32x1.15x0.3x1.2; shot PP-eq 59 g),Fits 120T confidently,32 cav,12,6000-9000 (ASSUMPTION),0.72 (resin 0.47 @300/kg ASSUMPTION + machine 0.25),UNKNOWN,UNKNOWN (no observed price),Low,L,M,H,L,Fragmented,N,N,UNKNOWN,Lead time / availability vs imports (unproven),ASSUMPTION,research_notes/Algeria injection molding feasibility/import_products_longlist.md,2026-10-04,Price + origin check at 3 distributors,KILL: shipped free with connectors; negligible value.
OS-077,PV module transport corner protector,Solar packaging,Solar,UNKNOWN,"Module assemblers (Zergoun, Aures Solaire - prior notes); LONGi local plant if built",UNKNOWN,UNKNOWN,UNKNOWN,UNKNOWN,No product-specific pain found online; Ouedkniss/Facebook/forums unreachable (fetch blocked),none_found,,UNKNOWN,UNKNOWN,UNKNOWN,UNKNOWN,UNKNOWN,,UNKNOWN,PP,35,40,2,87.5,340x340x~250,33 (=40x2x1.15x0.3x1.2; shot PP-eq 88 g),Fits 120T confidently,2 cav,25,7000-10000 (ASSUMPTION),19.19 (resin 11.03 @300/kg ASSUMPTION + machine 8.17),UNKNOWN,UNKNOWN (no observed price),Low,L,M,H,L,Fragmented,N,N,UNKNOWN,Lead time / availability vs imports (unproven),ASSUMPTION,https://algerie-eco.com/2025/04/21/fabrication-de-panneaux-solaires-en-algerie-ghrieb-recoit-une-delegation-de-la-societe-chinoise-longi/,2026-10-04,Price + origin check at 3 distributors,INVESTIGATE: only if local module lamination reaches volume; ask assemblers what corners they import.
OS-078,Trim panel push clips / rivets (agrafes) - aftermarket kits,Auto clips,Automotive aftermarket,UNKNOWN,"Aftermarket parts wholesalers, body shops (names UNKNOWN); OEM side: Fiat Tafraoui via GPI/Siplast",UNKNOWN,UNKNOWN,UNKNOWN,UNKNOWN,"Severe car spare-parts shortage: importers' files blocked ~2 years; parts 2-4x real price; 96% of poll respondents say parts hard to find (TSA, date not visible in snippet)",shortage,https://www.tsa-algerie.com/automobile-grave-penurie-de-pieces-de-rechange-en-algerie/ ; https://www.tsa-algerie.com/pieces-de-rechange-automobile-en-algerie-la-crise-saggrave/,"STRONG SIGNAL (all parts, not plastic-specific)",UNKNOWN,UNKNOWN,UNKNOWN,UNKNOWN,,UNKNOWN,PA66,1.2,2,48,72.0,360x360x~300,66 (=2x48x1.15x0.5x1.2; shot PP-eq 57 g),Fits 120T confidently,48 cav per type,15,8000-12000 per type (ASSUMPTION),1.15 (resin 0.94 @750/kg ASSUMPTION + machine 0.20),UNKNOWN,UNKNOWN (no observed price),Med: engineering resin bought on order (no local stockist found),"M (aftermarket) / H (OEM: IATF 16949, PPAP)",M,H,L,Fragmented,N,Y (per car brand),"GPI (state; import ban on locally makeable auto plastics from 1 Jan 2027), SAREL, Siplast/Sigit; 200+ subcontracting SMEs",Lead time / availability vs imports (unproven),ASSUMPTION,https://www.tsa-algerie.com/automobile-grave-penurie-de-pieces-de-rechange-en-algerie/ ; https://observalgerie.com/2026/09/25/economie/lalgerie-annonce-la-fin-de-limportation-des-pieces-plastiques-pour-voitures/ ; https://algerie-eco.com/2024/09/26/industrie-automobile-plus-200-pme-sous-traitantes-capables-dapprovisionner-secteur/,2026-10-04,Price + origin check at 3 distributors,"INVESTIGATE: aftermarket shortage is real at sector level. Pick the 10 clip types for the most common fleet models; OEM supply KILL (IATF, GPI)."
OS-079,Mounting-rail end cap 40x40 (embout rail),Solar mounting,Solar,UNKNOWN,"Energia Sun Solution (PV supports), structure makers (UNKNOWN)",UNKNOWN,UNKNOWN,UNKNOWN,UNKNOWN,No product-specific pain found online; Ouedkniss/Facebook/forums unreachable (fetch blocked),none_found,,UNKNOWN,UNKNOWN,UNKNOWN,UNKNOWN,UNKNOWN,,UNKNOWN,PP,6,16,8,60.0,340x340x~250,53 (=16x8x1.15x0.3x1.2; shot PP-eq 60 g),Fits 120T confidently,8 cav,18,6000-9000 (ASSUMPTION),3.36 (resin 1.89 @300/kg ASSUMPTION + machine 1.47),UNKNOWN,UNKNOWN (no observed price),Low,L,M,H,L,Fragmented,Y (rail profile),N,UNKNOWN,Lead time / availability vs imports (unproven),ASSUMPTION,https://algerie-eco.com/?p=26255,2026-10-04,Price + origin check at 3 distributors,INVESTIGATE (low): cosmetic part; often omitted.
OS-080,Rail cable-management clip,Solar clips,Solar,UNKNOWN,"Module assemblers (Zergoun, Aures Solaire per prior notes; LONGi project under discussion); EPCs on Solar 1000 MW (30% integration rule); Energia Sun Solution (PV supports)",UNKNOWN,UNKNOWN,UNKNOWN,UNKNOWN,No product-specific pain found online; Ouedkniss/Facebook/forums unreachable (fetch blocked),none_found,,UNKNOWN,UNKNOWN,UNKNOWN,UNKNOWN,UNKNOWN,,UNKNOWN,PA66-UV,3,4,16,60.0,340x340x~250,44 (=4x16x1.15x0.5x1.2; shot PP-eq 47 g),Fits 120T confidently,16 cav,15,7000-10000 (ASSUMPTION),3.13 (resin 2.52 @800/kg ASSUMPTION + machine 0.61),UNKNOWN,UNKNOWN (no observed price),Med: engineering resin bought on order (no local stockist found),L,M,H,L,Fragmented,N,N,UNKNOWN,Lead time / availability vs imports (unproven),ASSUMPTION,research_notes/Algeria injection molding feasibility/import_products_longlist.md,2026-10-04,Price + origin check at 3 distributors,INVESTIGATE (low): same as OS-075.
OS-081,UV black cable ties for PV,Solar clips,Solar,UNKNOWN,UNKNOWN,UNKNOWN,UNKNOWN,UNKNOWN,UNKNOWN,No product-specific pain found online; Ouedkniss/Facebook/forums unreachable (fetch blocked),none_found,,UNKNOWN,UNKNOWN,UNKNOWN,UNKNOWN,UNKNOWN,,UNKNOWN,PA66-UV,1.2,10,16,20.7,380x380x~300,110 (=10x16x1.15x0.5x1.2; shot PP-eq 16 g),Borderline 120T,hot runner,18,15000-25000 (ASSUMPTION),1.74 (resin 1.01 @800/kg ASSUMPTION + machine 0.74),UNKNOWN,UNKNOWN (no observed price),Med: engineering resin bought on order (no local stockist found),L,M,H,L,Fragmented,N,N,UNKNOWN,Lead time / availability vs imports (unproven),ASSUMPTION,research_notes/Algeria injection molding feasibility/import_products_longlist.md,2026-10-04,Price + origin check at 3 distributors,KILL: see OS-007. [Fit note: clamp 100-125 t; shot PP-eq below 45 g (add cavities or use 60-80 t press)]
OS-082,Bumper / wheel-arch liner fasteners,Auto clips,Automotive aftermarket,UNKNOWN,"Body shops, aftermarket wholesalers (UNKNOWN)",UNKNOWN,UNKNOWN,UNKNOWN,UNKNOWN,"Severe car spare-parts shortage: importers' files blocked ~2 years; parts 2-4x real price; 96% of poll respondents say parts hard to find (TSA, date not visible in snippet)",shortage,https://www.tsa-algerie.com/automobile-grave-penurie-de-pieces-de-rechange-en-algerie/ ; https://www.tsa-algerie.com/pieces-de-rechange-automobile-en-algerie-la-crise-saggrave/,"STRONG SIGNAL (all parts, not plastic-specific)",UNKNOWN,UNKNOWN,UNKNOWN,UNKNOWN,,UNKNOWN,PA66,2,3,24,60.0,360x360x~300,50 (=3x24x1.15x0.5x1.2; shot PP-eq 47 g),Fits 120T confidently,24 cav,16,8000-12000 (ASSUMPTION),2.01 (resin 1.57 @750/kg ASSUMPTION + machine 0.44),UNKNOWN,UNKNOWN (no observed price),Med: engineering resin bought on order (no local stockist found),"M (aftermarket) / H (OEM: IATF 16949, PPAP)",M,H,L,Fragmented,N,Y,UNKNOWN,Lead time / availability vs imports (unproven),ASSUMPTION,https://www.tsa-algerie.com/automobile-grave-penurie-de-pieces-de-rechange-en-algerie/ ; https://observalgerie.com/2026/09/25/economie/lalgerie-annonce-la-fin-de-limportation-des-pieces-plastiques-pour-voitures/ ; https://algerie-eco.com/2024/09/26/industrie-automobile-plus-200-pme-sous-traitantes-capables-dapprovisionner-secteur/,2026-10-04,Price + origin check at 3 distributors,INVESTIGATE: bundle with OS-078.
OS-083,Wiring harness clips (OEM),Auto clips,Automotive OEM,UNKNOWN,Harness makers for Fiat Tafraoui (UNKNOWN),UNKNOWN,UNKNOWN,UNKNOWN,UNKNOWN,No product-specific pain found online; Ouedkniss/Facebook/forums unreachable (fetch blocked),none_found,,UNKNOWN,UNKNOWN,UNKNOWN,UNKNOWN,UNKNOWN,,UNKNOWN,PA66,1.5,2,16,30.0,320x320x~250,22 (=2x16x1.15x0.5x1.2; shot PP-eq 24 g),Borderline 120T,16 cav,16,10000-15000 (ASSUMPTION),1.83 (resin 1.18 @750/kg ASSUMPTION + machine 0.65),UNKNOWN,UNKNOWN (no observed price),Med: engineering resin bought on order (no local stockist found),"H (IATF 16949, PPAP)",M,H,L,Fragmented,N,N,UNKNOWN,Lead time / availability vs imports (unproven),ASSUMPTION,https://observalgerie.com/2026/09/25/economie/lalgerie-annonce-la-fin-de-limportation-des-pieces-plastiques-pour-voitures/,2026-10-04,Price + origin check at 3 distributors,KILL: OEM qualification; GPI/Tier-1s pre-assigned. [Fit note: shot PP-eq below 45 g (add cavities or use 60-80 t press)]
OS-084,Body blanking plugs / grommets (bouchons d'obturation),Auto clips,Automotive aftermarket,UNKNOWN,"Body shops, aftermarket wholesalers (UNKNOWN)",UNKNOWN,UNKNOWN,UNKNOWN,UNKNOWN,"Severe car spare-parts shortage: importers' files blocked ~2 years; parts 2-4x real price; 96% of poll respondents say parts hard to find (TSA, date not visible in snippet)",shortage,https://www.tsa-algerie.com/automobile-grave-penurie-de-pieces-de-rechange-en-algerie/ ; https://www.tsa-algerie.com/pieces-de-rechange-automobile-en-algerie-la-crise-saggrave/,"STRONG SIGNAL (all parts, not plastic-specific)",UNKNOWN,UNKNOWN,UNKNOWN,UNKNOWN,,UNKNOWN,LDPE,3,6,16,60.0,340x340x~250,40 (=6x16x1.15x0.3x1.2; shot PP-eq 59 g),Fits 120T confidently,16 cav family,15,8000-12000 (ASSUMPTION),1.56 (resin 0.95 @300/kg ASSUMPTION + machine 0.61),UNKNOWN,UNKNOWN (no observed price),Low,"M (aftermarket) / H (OEM: IATF 16949, PPAP)",M,H,L,Fragmented,N,N,UNKNOWN,Lead time / availability vs imports (unproven),ASSUMPTION,https://www.tsa-algerie.com/automobile-grave-penurie-de-pieces-de-rechange-en-algerie/ ; https://observalgerie.com/2026/09/25/economie/lalgerie-annonce-la-fin-de-limportation-des-pieces-plastiques-pour-voitures/ ; https://algerie-eco.com/2024/09/26/industrie-automobile-plus-200-pme-sous-traitantes-capables-dapprovisionner-secteur/,2026-10-04,Price + origin check at 3 distributors,INVESTIGATE (low).
OS-085,Windscreen-washer reservoir cap,Auto caps,Automotive aftermarket,UNKNOWN,Aftermarket wholesalers (UNKNOWN),UNKNOWN,UNKNOWN,UNKNOWN,UNKNOWN,"Severe car spare-parts shortage: importers' files blocked ~2 years; parts 2-4x real price; 96% of poll respondents say parts hard to find (TSA, date not visible in snippet)",shortage,https://www.tsa-algerie.com/automobile-grave-penurie-de-pieces-de-rechange-en-algerie/ ; https://www.tsa-algerie.com/pieces-de-rechange-automobile-en-algerie-la-crise-saggrave/,"STRONG SIGNAL (all parts, not plastic-specific)",UNKNOWN,UNKNOWN,UNKNOWN,UNKNOWN,,UNKNOWN,PP,8,15,6,60.0,340x340x~250,37 (=15x6x1.15x0.3x1.2; shot PP-eq 60 g),Fits 120T confidently,6 cav,20,7000-10000 (ASSUMPTION),4.70 (resin 2.52 @300/kg ASSUMPTION + machine 2.18),UNKNOWN,UNKNOWN (no observed price),Low,"M (aftermarket) / H (OEM: IATF 16949, PPAP)",M,H,L,Fragmented,N,Y,UNKNOWN,Lead time / availability vs imports (unproven),ASSUMPTION,https://www.tsa-algerie.com/automobile-grave-penurie-de-pieces-de-rechange-en-algerie/ ; https://observalgerie.com/2026/09/25/economie/lalgerie-annonce-la-fin-de-limportation-des-pieces-plastiques-pour-voitures/ ; https://algerie-eco.com/2024/09/26/industrie-automobile-plus-200-pme-sous-traitantes-capables-dapprovisionner-secteur/,2026-10-04,Price + origin check at 3 distributors,INVESTIGATE (low): model-specific; check fast-moving fleets. Coolant (pressure) caps KILL.
OS-086,Coolant expansion-tank pressure cap,Auto caps,Automotive aftermarket,UNKNOWN,UNKNOWN,UNKNOWN,UNKNOWN,UNKNOWN,UNKNOWN,No product-specific pain found online; Ouedkniss/Facebook/forums unreachable (fetch blocked),none_found,,UNKNOWN,UNKNOWN,UNKNOWN,UNKNOWN,UNKNOWN,,UNKNOWN,PA66,20,20,2,50.0,320x320x~250,28 (=20x2x1.15x0.5x1.2; shot PP-eq 39 g),Borderline 120T,2 cav + valve assembly,30,12000-18000 (ASSUMPTION),25.55 (resin 15.75 @750/kg ASSUMPTION + machine 9.80),UNKNOWN,UNKNOWN (no observed price),Med: engineering resin bought on order (no local stockist found),"H (safety, pressure valve)",M,H,L,Fragmented,N,N,UNKNOWN,Lead time / availability vs imports (unproven),ASSUMPTION,research_notes/Algeria injection molding feasibility/import_products_longlist.md,2026-10-04,Price + origin check at 3 distributors,KILL: safety part with spring/valve assembly. [Fit note: shot PP-eq below 45 g (add cavities or use 60-80 t press)]
OS-087,Licence-plate frame,Auto accessories,Automotive aftermarket,UNKNOWN,"Car dealers, accessory shops",UNKNOWN,UNKNOWN,UNKNOWN,UNKNOWN,No product-specific pain found online; Ouedkniss/Facebook/forums unreachable (fetch blocked),none_found,,UNKNOWN,UNKNOWN,UNKNOWN,UNKNOWN,UNKNOWN,,UNKNOWN,ABS,150,300,1,187.5,600x220x~300,186 (=300x1x1.15x0.45x1.2; shot PP-eq 161 g),Requires larger injection press,1 cav long,40,15000-25000 (ASSUMPTION),112.77 (resin 86.62 @550/kg ASSUMPTION + machine 26.14),UNKNOWN,UNKNOWN (no observed price),Low,L,M,H,L,Fragmented,N,N,UNKNOWN,Lead time / availability vs imports (unproven),ASSUMPTION,research_notes/Algeria injection molding feasibility/import_products_longlist.md,2026-10-04,Price + origin check at 3 distributors,"FUTURE MACHINE: 520 mm part needs mold ~600 mm wide, above tie-bar clearance (410). [Fit note: clamp 186 t > 125; mold 600 mm > 410 tie-bar]"
OS-088,Wheel centre caps / hubcap clips,Auto accessories,Automotive aftermarket,UNKNOWN,UNKNOWN,UNKNOWN,UNKNOWN,UNKNOWN,UNKNOWN,No product-specific pain found online; Ouedkniss/Facebook/forums unreachable (fetch blocked),none_found,,UNKNOWN,UNKNOWN,UNKNOWN,UNKNOWN,UNKNOWN,,UNKNOWN,ABS,25,30,2,62.5,320x320x~250,37 (=30x2x1.15x0.45x1.2; shot PP-eq 54 g),Fits 120T confidently,2 cav,28,10000-15000 (ASSUMPTION),23.59 (resin 14.44 @550/kg ASSUMPTION + machine 9.15),UNKNOWN,UNKNOWN (no observed price),Low,L,M,H (brand IP),L,Fragmented,N,N,UNKNOWN,Lead time / availability vs imports (unproven),ASSUMPTION,research_notes/Algeria injection molding feasibility/import_products_longlist.md,2026-10-04,Price + origin check at 3 distributors,KILL: brand logos = counterfeiting exposure.
OS-089,Tyre valve caps,Auto accessories,Automotive aftermarket,UNKNOWN,UNKNOWN,UNKNOWN,UNKNOWN,UNKNOWN,UNKNOWN,No product-specific pain found online; Ouedkniss/Facebook/forums unreachable (fetch blocked),none_found,,UNKNOWN,UNKNOWN,UNKNOWN,UNKNOWN,UNKNOWN,,UNKNOWN,PP,0.8,1,48,48.0,320x320x~250,20 (=1x48x1.15x0.3x1.2; shot PP-eq 48 g),Fits 120T confidently,48 cav,12,6000-9000 (ASSUMPTION),0.42 (resin 0.25 @300/kg ASSUMPTION + machine 0.16),UNKNOWN,UNKNOWN (no observed price),Low,L,M,H,L,Fragmented,N,N,UNKNOWN,Lead time / availability vs imports (unproven),ASSUMPTION,research_notes/Algeria injection molding feasibility/import_products_longlist.md,2026-10-04,Price + origin check at 3 distributors,KILL: negligible value.
OS-090,Mud flaps,Auto accessories,Automotive aftermarket,UNKNOWN,UNKNOWN,UNKNOWN,UNKNOWN,UNKNOWN,UNKNOWN,No product-specific pain found online; Ouedkniss/Facebook/forums unreachable (fetch blocked),none_found,,UNKNOWN,UNKNOWN,UNKNOWN,UNKNOWN,UNKNOWN,,UNKNOWN,PP,300,600,1,375.0,500x400x~300,248 (=600x1x1.15x0.3x1.2; shot PP-eq 375 g),Requires larger injection press,1 cav,50,15000-25000 (ASSUMPTION),127.18 (resin 94.50 @300/kg ASSUMPTION + machine 32.68),UNKNOWN,UNKNOWN (no observed price),Low,L,M,H,L,Fragmented,N,N,UNKNOWN,Lead time / availability vs imports (unproven),ASSUMPTION,research_notes/Algeria injection molding feasibility/import_products_longlist.md,2026-10-04,Price + origin check at 3 distributors,FUTURE MACHINE / KILL: clamp ~250 t; usually rubber or sheet. [Fit note: clamp 248 t > 125; shot PP-eq 375 g > 230; mold 500 mm > 410 tie-bar]
OS-091,Conveyor wear strip / chain guide profile (UHMW-PE),Conveyor parts,Food-factory,UNKNOWN,Food & beverage plants' maintenance departments (no named buyer found),UNKNOWN,UNKNOWN,UNKNOWN,UNKNOWN,No product-specific pain found online; Ouedkniss/Facebook/forums unreachable (fetch blocked),none_found,,UNKNOWN,UNKNOWN,UNKNOWN,UNKNOWN,UNKNOWN,,UNKNOWN,HDPE,UNKNOWN,n/a,n/a,n/a,n/a,n/a,Requires extrusion,extrusion / machining,n/a,UNKNOWN,n/a,UNKNOWN,n/a,Low,L,M,H,L,Fragmented,N,N,UNKNOWN,Lead time / availability vs imports (unproven),ASSUMPTION,research_notes/Algeria injection molding feasibility/import_products_longlist.md,2026-10-04,Price + origin check at 3 distributors,FUTURE MACHINE (extrusion/machining): UHMW-PE cannot be injection moulded conventionally.
OS-092,Guide-rail bracket / clamp for bottle conveyors (support de guide),Conveyor parts,Food-factory,UNKNOWN,Food & beverage plants' maintenance departments (no named buyer found),Line OEM spares (Krones/Sidel-type) and catalogue makers - assumption,UNKNOWN,UNKNOWN,UNKNOWN,No product-specific pain found online; Ouedkniss/Facebook/forums unreachable (fetch blocked),none_found,,UNKNOWN,UNKNOWN,UNKNOWN,UNKNOWN,UNKNOWN,,UNKNOWN,PA-GF30,25,20,4,125.0,340x340x~250,61 (=20x4x1.15x0.55x1.2; shot PP-eq 83 g),Fits 120T confidently,4 cav,30,9000-13000 (ASSUMPTION),25.90 (resin 21.00 @800/kg ASSUMPTION + machine 4.90),UNKNOWN,UNKNOWN (no observed price),Med: engineering resin bought on order (no local stockist found),L,M,H,L,Fragmented,Y,N,UNKNOWN,Lead time / availability vs imports (unproven),ASSUMPTION,research_notes/Algeria injection molding feasibility/import_products_longlist.md,2026-10-04,Price + origin check at 3 distributors,INVESTIGATE: classic reverse-engineering spare; volume per plant small. Validate with 3 bottling plants.
OS-093,Tabletop conveyor chain links (POM),Conveyor parts,Food-factory,UNKNOWN,Food & beverage plants' maintenance departments (no named buyer found),UNKNOWN,UNKNOWN,UNKNOWN,UNKNOWN,No product-specific pain found online; Ouedkniss/Facebook/forums unreachable (fetch blocked),none_found,,UNKNOWN,UNKNOWN,UNKNOWN,UNKNOWN,UNKNOWN,,UNKNOWN,POM,12,15,4,60.0,340x340x~250,41 (=15x4x1.15x0.5x1.2; shot PP-eq 38 g),Borderline 120T,precision 4 cav + pin assembly,25,20000-35000 (ASSUMPTION),13.53 (resin 9.45 @750/kg ASSUMPTION + machine 4.08),UNKNOWN,UNKNOWN (no observed price),Med: engineering resin bought on order (no local stockist found),L,H,H,L,Fragmented,N,N,"Brand systems (Rexnord, Intralox - assumption)",Lead time / availability vs imports (unproven),ASSUMPTION,research_notes/Algeria injection molding feasibility/import_products_longlist.md,2026-10-04,Price + origin check at 3 distributors,"KILL: precision, brand-interchangeability, POM sourcing. [Fit note: shot PP-eq below 45 g (add cavities or use 60-80 t press)]"
OS-094,Star wheels / change parts,Conveyor parts,Food-factory,UNKNOWN,Food & beverage plants' maintenance departments (no named buyer found),UNKNOWN,UNKNOWN,UNKNOWN,UNKNOWN,No product-specific pain found online; Ouedkniss/Facebook/forums unreachable (fetch blocked),none_found,,UNKNOWN,UNKNOWN,UNKNOWN,UNKNOWN,UNKNOWN,,UNKNOWN,HDPE,UNKNOWN,n/a,n/a,n/a,n/a,n/a,Other process,CNC machining,n/a,UNKNOWN,n/a,UNKNOWN,n/a,Low,L,M,H,L,Fragmented,N,N,UNKNOWN,Lead time / availability vs imports (unproven),ASSUMPTION,research_notes/Algeria injection molding feasibility/import_products_longlist.md,2026-10-04,Price + origin check at 3 distributors,KILL for injection: one-off machined parts (CNC service opportunity).
OS-095,Small idler roller / wheel Ø30-50 POM,Conveyor parts,Food-factory,UNKNOWN,Food & beverage plants' maintenance departments (no named buyer found),UNKNOWN,UNKNOWN,UNKNOWN,UNKNOWN,No product-specific pain found online; Ouedkniss/Facebook/forums unreachable (fetch blocked),none_found,,UNKNOWN,UNKNOWN,UNKNOWN,UNKNOWN,UNKNOWN,,UNKNOWN,POM,15,15,4,75.0,320x320x~250,41 (=15x4x1.15x0.5x1.2; shot PP-eq 48 g),Fits 120T confidently,4 cav,28,8000-12000 (ASSUMPTION),16.39 (resin 11.81 @750/kg ASSUMPTION + machine 4.58),UNKNOWN,UNKNOWN (no observed price),Med: engineering resin bought on order (no local stockist found),L,M,H,L,Fragmented,N,N,UNKNOWN,Lead time / availability vs imports (unproven),ASSUMPTION,research_notes/Algeria injection molding feasibility/import_products_longlist.md,2026-10-04,Price + origin check at 3 distributors,INVESTIGATE (low).
OS-096,Clamp knob / adjustment handle for guide rails,Conveyor parts,Food-factory,UNKNOWN,Food & beverage plants' maintenance departments (no named buyer found),UNKNOWN,UNKNOWN,UNKNOWN,UNKNOWN,No product-specific pain found online; Ouedkniss/Facebook/forums unreachable (fetch blocked),none_found,,UNKNOWN,UNKNOWN,UNKNOWN,UNKNOWN,UNKNOWN,,UNKNOWN,PA-GF30,18,12,4,90.0,320x320x~250,36 (=12x4x1.15x0.55x1.2; shot PP-eq 60 g),Fits 120T confidently,4 cav insert,30,8000-12000 (ASSUMPTION),28.02 (resin 15.12 @800/kg ASSUMPTION + machine 4.90 + bought-in 8.00),UNKNOWN,UNKNOWN (no observed price),Med: engineering resin bought on order (no local stockist found),L,M,H,L,Fragmented,N,N,UNKNOWN,Lead time / availability vs imports (unproven),ASSUMPTION,research_notes/Algeria injection molding feasibility/import_products_longlist.md,2026-10-04,Price + origin check at 3 distributors,INVESTIGATE: same tool family as OS-055.
OS-097,Plastic bearing housing (palier) for conveyors,Conveyor parts,Food-factory,UNKNOWN,Food & beverage plants' maintenance departments (no named buyer found),UNKNOWN,UNKNOWN,UNKNOWN,UNKNOWN,No product-specific pain found online; Ouedkniss/Facebook/forums unreachable (fetch blocked),none_found,,UNKNOWN,UNKNOWN,UNKNOWN,UNKNOWN,UNKNOWN,,UNKNOWN,PBT,60,50,1,75.0,320x320x~250,34 (=50x1x1.15x0.5x1.2; shot PP-eq 52 g),Fits 120T confidently,1 cav,40,10000-15000 (ASSUMPTION),82.84 (resin 56.70 @900/kg ASSUMPTION + machine 26.14),UNKNOWN,UNKNOWN (no observed price),Med: engineering resin bought on order (no local stockist found),L,H,H,L,Fragmented,N,N,UNKNOWN,Lead time / availability vs imports (unproven),ASSUMPTION,research_notes/Algeria injection molding feasibility/import_products_longlist.md,2026-10-04,Price + origin check at 3 distributors,"KILL: catalogue brands, bearing insert, low volume."
OS-098,Reverse-engineered plastic spares service (custom per drawing/sample),Maintenance spares,Maintenance,UNKNOWN,"Sonatrach (local-content spares, 700k references, <=5% local in 2017), Sonelgaz (localisation agreements Aug 2026), large private plants (UNKNOWN)",UNKNOWN,UNKNOWN,UNKNOWN,UNKNOWN,Sonatrach: >EUR 30M saved in one year via local spares (Mar 2023); prospection of local suppliers; Hassi Messaoud technical days May 2024 (81 exhibitors). Plastic share UNKNOWN.,no_local_supplier,https://algerie-eco.com/2023/03/01/pieces-de-rechange-sonatrach-a-economise-plus-de-30-millions-deuros-grace-au-recours-la-production-nationale/ ; https://algerie-eco.com/?p=127943 ; https://www.algerie-eco.com/2024/05/20/hassi-messaoud-81-exposants-aux-journees-techniques-dediees-a-la-fabrication-mecanique-electrique-et-instrumentation/,STRONG SIGNAL (programme-level),UNKNOWN,UNKNOWN,UNKNOWN,UNKNOWN,,UNKNOWN,PA66,UNKNOWN,n/a,n/a,n/a,n/a,n/a,Other process,"mixed: CNC/3D print for 1-50 pcs, soft/aluminium molds for 500+",n/a,UNKNOWN,n/a,UNKNOWN,n/a,Low-Med (job shop; customer-funded tooling),L,M,L,L,Fragmented,N,N,UNKNOWN,Lead time / availability vs imports (unproven),WEAK SIGNAL,https://algerie-eco.com/2023/03/01/pieces-de-rechange-sonatrach-a-economise-plus-de-30-millions-deuros-grace-au-recours-la-production-nationale/ ; https://www.algerie-eco.com/2024/05/20/hassi-messaoud-81-exposants-aux-journees-techniques-dediees-a-la-fabrication-mecanique-electrique-et-instrumentation/ ; https://algerie-eco.com/2026/08/12/sonelgaz-signature-de-deux-accords-pour-la-fabrication-locale-dequipements-electriques/ ; https://algerie-eco.com/?p=215691,2026-10-04,Get on Sonatrach/Sonelgaz local-supplier registers; ask SANIST/BSTP subcontracting exchange for plastic spare requests,"INVESTIGATE (priority, strategic): only lane with programme-level evidence of buyers wanting local spares. Injection only pays for repeat parts; pair the press with a CNC/3D-print partner (CDTA offers reverse engineering)."
OS-099,Industrial filter caps / housing end caps (generic),Maintenance spares,Maintenance,UNKNOWN,UNKNOWN,UNKNOWN,UNKNOWN,UNKNOWN,UNKNOWN,No product-specific pain found online; Ouedkniss/Facebook/forums unreachable (fetch blocked),none_found,,UNKNOWN,UNKNOWN,UNKNOWN,UNKNOWN,UNKNOWN,,UNKNOWN,PP,40,60,1,50.0,320x320x~250,25 (=60x1x1.15x0.3x1.2; shot PP-eq 50 g),Fits 120T confidently,1 cav,30,6000-9000 (ASSUMPTION),32.21 (resin 12.60 @300/kg ASSUMPTION + machine 19.61),UNKNOWN,UNKNOWN (no observed price),Low,L,M,H,L,Fragmented,N,N,UNKNOWN,Lead time / availability vs imports (unproven),ASSUMPTION,research_notes/Algeria injection molding feasibility/import_products_longlist.md,2026-10-04,Price + origin check at 3 distributors,INVESTIGATE (low): no named need.
OS-100,Small pump impellers (plastic),Maintenance spares,Maintenance,UNKNOWN,UNKNOWN,UNKNOWN,UNKNOWN,UNKNOWN,UNKNOWN,No product-specific pain found online; Ouedkniss/Facebook/forums unreachable (fetch blocked),none_found,,UNKNOWN,UNKNOWN,UNKNOWN,UNKNOWN,UNKNOWN,,UNKNOWN,PA-GF30,40,40,1,50.0,320x320x~250,30 (=40x1x1.15x0.55x1.2; shot PP-eq 33 g),Borderline 120T,"1 cav, complex cores",35,15000-25000 (ASSUMPTION),56.48 (resin 33.60 @800/kg ASSUMPTION + machine 22.88),UNKNOWN,UNKNOWN (no observed price),Med: engineering resin bought on order (no local stockist found),L,"H (balance, model-specific)",H,L,Fragmented,N,N,UNKNOWN,Lead time / availability vs imports (unproven),ASSUMPTION,research_notes/Algeria injection molding feasibility/import_products_longlist.md,2026-10-04,Price + origin check at 3 distributors,"KILL: model-specific, often cast metal; precision. [Fit note: shot PP-eq below 45 g (add cavities or use 60-80 t press)]"
OS-101,Ruler 20-30 cm (regle),School stationery,Stationery,UNKNOWN,Stationery distributors / school supply wholesalers (none named),UNKNOWN,UNKNOWN,UNKNOWN,UNKNOWN,No product-specific pain found online; Ouedkniss/Facebook/forums unreachable (fetch blocked),none_found,,UNKNOWN,Seasonal (rentree),UNKNOWN,UNKNOWN,UNKNOWN,,UNKNOWN,PS,15,75,4,75.0,380x380x~300,186 (=75x4x1.15x0.45x1.2; shot PP-eq 64 g),Requires larger injection press,"4 cav, long",18,6000-9000 (ASSUMPTION),9.24 (resin 6.30 @400/kg ASSUMPTION + machine 2.94),UNKNOWN,UNKNOWN (no observed price),Low,L,M,H,L,Fragmented,N,N,Chinese imports (assumed),Lead time / availability vs imports (unproven),ASSUMPTION,research_notes/Algeria injection molding feasibility/import_products_longlist.md,2026-10-04,Price + origin check at 3 distributors,"KILL: seasonal, Chinese price, printing/graduation step. 30 cm ruler mold ~400 mm wide. [Fit note: clamp 186 t > 125]"
OS-102,Pencil sharpener body,School stationery,Stationery,UNKNOWN,Stationery distributors / school supply wholesalers (none named),UNKNOWN,UNKNOWN,UNKNOWN,UNKNOWN,No product-specific pain found online; Ouedkniss/Facebook/forums unreachable (fetch blocked),none_found,,UNKNOWN,UNKNOWN,UNKNOWN,UNKNOWN,UNKNOWN,,UNKNOWN,PS,4,6,8,40.0,320x320x~250,30 (=6x8x1.15x0.45x1.2; shot PP-eq 34 g),Borderline 120T,8 cav + blade assembly,16,6000-9000 (ASSUMPTION),5.99 (resin 1.68 @400/kg ASSUMPTION + machine 1.31 + bought-in 3.00),UNKNOWN,UNKNOWN (no observed price),Low,L,M,H,L,Fragmented,N,N,UNKNOWN,Lead time / availability vs imports (unproven),ASSUMPTION,research_notes/Algeria injection molding feasibility/import_products_longlist.md,2026-10-04,Price + origin check at 3 distributors,"KILL: blade insertion, seasonal, Chinese price. [Fit note: shot PP-eq below 45 g (add cavities or use 60-80 t press)]"
OS-103,"Geometry set (protractor, set squares)",School stationery,Stationery,UNKNOWN,Stationery distributors / school supply wholesalers (none named),UNKNOWN,UNKNOWN,UNKNOWN,UNKNOWN,No product-specific pain found online; Ouedkniss/Facebook/forums unreachable (fetch blocked),none_found,,UNKNOWN,UNKNOWN,UNKNOWN,UNKNOWN,UNKNOWN,,UNKNOWN,PS,10,60,4,50.0,380x380x~300,149 (=60x4x1.15x0.45x1.2; shot PP-eq 43 g),Requires larger injection press,4 cav family,18,8000-12000 (ASSUMPTION),7.14 (resin 4.20 @400/kg ASSUMPTION + machine 2.94),UNKNOWN,UNKNOWN (no observed price),Low,L,M,H,L,Fragmented,N,N,UNKNOWN,Lead time / availability vs imports (unproven),ASSUMPTION,research_notes/Algeria injection molding feasibility/import_products_longlist.md,2026-10-04,Price + origin check at 3 distributors,KILL: seasonal commodity. [Fit note: clamp 149 t > 125]
OS-104,Spiral binding combs,Office stationery,Stationery,UNKNOWN,UNKNOWN,UNKNOWN,UNKNOWN,UNKNOWN,UNKNOWN,No product-specific pain found online; Ouedkniss/Facebook/forums unreachable (fetch blocked),none_found,,UNKNOWN,UNKNOWN,UNKNOWN,UNKNOWN,UNKNOWN,,UNKNOWN,PVC,UNKNOWN,n/a,n/a,n/a,n/a,n/a,Requires extrusion,extrusion + curling,n/a,UNKNOWN,n/a,UNKNOWN,n/a,Low,L,M,H,L,Fragmented,N,N,UNKNOWN,Lead time / availability vs imports (unproven),ASSUMPTION,research_notes/Algeria injection molding feasibility/import_products_longlist.md,2026-10-04,Price + origin check at 3 distributors,KILL / FUTURE: extruded product.
OS-105,Ballpoint pen barrel + cap,Office stationery,Stationery,UNKNOWN,Pen assemblers (UNKNOWN),UNKNOWN,UNKNOWN,UNKNOWN,UNKNOWN,No product-specific pain found online; Ouedkniss/Facebook/forums unreachable (fetch blocked),none_found,,UNKNOWN,UNKNOWN,UNKNOWN,UNKNOWN,UNKNOWN,,UNKNOWN,PS,3,4,16,60.0,340x340x~250,40 (=4x16x1.15x0.45x1.2; shot PP-eq 51 g),Fits 120T confidently,"16 cav, long core",14,10000-15000 (ASSUMPTION),1.83 (resin 1.26 @400/kg ASSUMPTION + machine 0.57),UNKNOWN,UNKNOWN (no observed price),Low,L,M,H,L,Fragmented,N,N,UNKNOWN,Lead time / availability vs imports (unproven),ASSUMPTION,research_notes/Algeria injection molding feasibility/import_products_longlist.md,2026-10-04,Price + origin check at 3 distributors,KILL: needs refill supply and assembly; Chinese price.
OS-106,Glue-stick tube body + twist mechanism,Office stationery,Stationery,UNKNOWN,Glue makers (UNKNOWN),UNKNOWN,UNKNOWN,UNKNOWN,UNKNOWN,No product-specific pain found online; Ouedkniss/Facebook/forums unreachable (fetch blocked),none_found,,UNKNOWN,UNKNOWN,UNKNOWN,UNKNOWN,UNKNOWN,,UNKNOWN,PP,6,6,8,60.0,340x340x~250,20 (=6x8x1.15x0.3x1.2; shot PP-eq 60 g),Fits 120T confidently,"8 cav, unscrewing",18,12000-18000 (ASSUMPTION),3.36 (resin 1.89 @300/kg ASSUMPTION + machine 1.47),UNKNOWN,UNKNOWN (no observed price),Low,L,M,H,L,Fragmented,N,N,UNKNOWN,Lead time / availability vs imports (unproven),ASSUMPTION,research_notes/Algeria injection molding feasibility/import_products_longlist.md,2026-10-04,Price + origin check at 3 distributors,KILL: no local glue-stick filler identified.
OS-107,Specimen / urine container 60-120 ml + cap,Medical disposables,Medical,UNKNOWN,Hospitals via PCH tenders,UNKNOWN,UNKNOWN,UNKNOWN,UNKNOWN,No product-specific pain found online; Ouedkniss/Facebook/forums unreachable (fetch blocked),none_found,,UNKNOWN,UNKNOWN,UNKNOWN,UNKNOWN,UNKNOWN,,UNKNOWN,PP,8,25,4,40.0,340x340x~250,41 (=25x4x1.15x0.3x1.2; shot PP-eq 40 g),Borderline 120T,"4 cav, thin wall",15,15000-25000 (ASSUMPTION),4.97 (resin 2.52 @300/kg ASSUMPTION + machine 2.45),UNKNOWN,UNKNOWN (no observed price),Low,"H (ISO 13485, clean room, MDR-type registration)",M,H,L,Fragmented,N,N,"MBS PLAST (Setif, ISO 13485 clean room)",Lead time / availability vs imports (unproven),ASSUMPTION,https://www.maghrebpharma.com/en/exhibitors/mbs-plast-240861,2026-10-04,Price + origin check at 3 distributors,KILL: ISO 13485 + sterile/clean requirement; MBS PLAST already qualified. [Fit note: shot PP-eq below 45 g (add cavities or use 60-80 t press)]
OS-108,Kidney tray / bowls,Medical disposables,Medical,UNKNOWN,Hospitals (PCH),UNKNOWN,UNKNOWN,UNKNOWN,UNKNOWN,No product-specific pain found online; Ouedkniss/Facebook/forums unreachable (fetch blocked),none_found,,UNKNOWN,UNKNOWN,UNKNOWN,UNKNOWN,UNKNOWN,,UNKNOWN,PP,40,250,1,50.0,360x300x~300,104 (=250x1x1.15x0.3x1.2; shot PP-eq 50 g),Borderline 120T,1 cav,25,8000-12000 (ASSUMPTION),28.94 (resin 12.60 @300/kg ASSUMPTION + machine 16.34),UNKNOWN,UNKNOWN (no observed price),Low,"H (ISO 13485, clean room, MDR-type registration)",M,H,L,Fragmented,N,N,"MBS PLAST (Setif, ISO 13485 clean room)",Lead time / availability vs imports (unproven),ASSUMPTION,https://www.maghrebpharma.com/en/exhibitors/mbs-plast-240861,2026-10-04,Price + origin check at 3 distributors,KILL / FUTURE: often thermoformed; regulatory barrier. [Fit note: clamp 100-125 t]
OS-109,Male urinal bottle,Medical disposables,Medical,UNKNOWN,Hospitals (PCH),UNKNOWN,UNKNOWN,UNKNOWN,UNKNOWN,No product-specific pain found online; Ouedkniss/Facebook/forums unreachable (fetch blocked),none_found,,UNKNOWN,UNKNOWN,UNKNOWN,UNKNOWN,UNKNOWN,,UNKNOWN,HDPE,UNKNOWN,n/a,n/a,n/a,n/a,n/a,Requires blow molding,blow molding,n/a,UNKNOWN,n/a,UNKNOWN,n/a,Low,"H (ISO 13485, clean room, MDR-type registration)",M,H,L,Fragmented,N,N,"MBS PLAST (Setif, ISO 13485 clean room)",Lead time / availability vs imports (unproven),ASSUMPTION,https://www.maghrebpharma.com/en/exhibitors/mbs-plast-240861,2026-10-04,Price + origin check at 3 distributors,FUTURE MACHINE (blow molding); regulatory barrier.
OS-110,Syringe barrel / plunger,Medical disposables,Medical,UNKNOWN,Syringe assemblers,UNKNOWN,UNKNOWN,UNKNOWN,UNKNOWN,No product-specific pain found online; Ouedkniss/Facebook/forums unreachable (fetch blocked),none_found,,UNKNOWN,UNKNOWN,UNKNOWN,UNKNOWN,UNKNOWN,,UNKNOWN,PP,3,5,16,60.0,340x340x~250,33 (=5x16x1.15x0.3x1.2; shot PP-eq 60 g),Fits 120T confidently,high-precision 16 cav,12,40000+ (ASSUMPTION),1.44 (resin 0.95 @300/kg ASSUMPTION + machine 0.49),UNKNOWN,UNKNOWN (no observed price),Low,"H (ISO 13485, clean room, MDR-type registration)",M,H,L,Fragmented,N,N,"MBS PLAST (Setif, ISO 13485 clean room)",Lead time / availability vs imports (unproven),ASSUMPTION,https://www.maghrebpharma.com/en/exhibitors/mbs-plast-240861,2026-10-04,Price + origin check at 3 distributors,"KILL: sterile, precision, regulated; incumbents."
OS-111,PV module junction box housing,Solar electrical,Solar,UNKNOWN,"Module assemblers (Zergoun, Aures Solaire per prior notes; LONGi project under discussion); EPCs on Solar 1000 MW (30% integration rule); Energia Sun Solution (PV supports)",UNKNOWN,UNKNOWN,UNKNOWN,UNKNOWN,Junction box = ~6% of module cost (search summary),none_found,,WEAK SIGNAL,UNKNOWN,UNKNOWN,UNKNOWN,UNKNOWN,,UNKNOWN,PC,45,80,1,56.2,320x320x~250,61 (=80x1x1.15x0.55x1.2; shot PP-eq 42 g),Borderline 120T,1 cav + lid,35,15000-25000 (ASSUMPTION),65.40 (resin 42.52 @900/kg ASSUMPTION + machine 22.88),UNKNOWN,UNKNOWN (no observed price),Med: engineering resin bought on order (no local stockist found),"H (IEC 62790, TUV)",M,H,L,Fragmented,N,N,UNKNOWN,Lead time / availability vs imports (unproven),ASSUMPTION,https://legal-doctrine.com/edition/LAlg%C3%A9rie-bient%C3%B4t-leader-dans-le-domaine-des-panneaux-photovolta%C3%AFques,2026-10-04,Price + origin check at 3 distributors,KILL: certification and diodes; partner-only play. [Fit note: shot PP-eq below 45 g (add cavities or use 60-80 t press)]
OS-112,OCTG casing thread protector 6-5/8 to 7 in,Thread protectors,Oil & gas,UNKNOWN,"Sider El Hadjar TSS unit (Annaba; only Maghreb seamless mill; casing 6-16 in; 1,000 km casing contract for Sonatrach, deliveries 2024-2026)",UNKNOWN,UNKNOWN,UNKNOWN,UNKNOWN,No product-specific pain found online; Ouedkniss/Facebook/forums unreachable (fetch blocked),none_found,,UNKNOWN,UNKNOWN,UNKNOWN,UNKNOWN,UNKNOWN,,UNKNOWN,HDPE,280,250,1,350.0,420x420x~300,104 (=250x1x1.15x0.3x1.2; shot PP-eq 332 g),Requires larger injection press,1 cav per size/end,55,18000-30000 per size+end (ASSUMPTION),124.15 (resin 88.20 @300/kg ASSUMPTION + machine 35.95),UNKNOWN,UNKNOWN (no observed price),High,M-H (API 5CT / RP 5C),M,H,L,Single buyer (TSS),Y,Y,UNKNOWN,Lead time / availability vs imports (unproven),ASSUMPTION,https://algerie-eco.com/2023/10/26/sonatrach-commande-1000-km-de-tubes-pour-158-millions-a-sider-el-hadjar/,2026-10-04,Price + origin check at 3 distributors,"FUTURE MACHINE: matches the bottom of the TSS 6-16 in range, but the shot (~350 g) and mold (~420 mm) exceed 120 t. A 200-250 t press would be needed. [Fit note: shot PP-eq 332 g > 230; mold 420 mm > 410 tie-bar]"
